2ae2142b355a138d19942e28cddf3bfaeb27e2c3,EXTRACT_MOVE,dist/lodash.js:3094,dist/lodash.compat.js:717
2ae2142b355a138d19942e28cddf3bfaeb27e2c3,EXTRACT_MOVE,dist/lodash.compat.js:3268,dist/lodash.compat.js:717
a00f5f308a827eaa16270914adac04f7d84bdd06,RENAME,lodash.js:1457,lodash.js:1457
a00f5f308a827eaa16270914adac04f7d84bdd06,RENAME,lodash.js:1471,lodash.js:1471
1cb2db03edd8787732f5cd33c98a5b37a0af8c90,EXTRACT_MOVE,lodash.js:3097,lodash.js:729
1cb2db03edd8787732f5cd33c98a5b37a0af8c90,EXTRACT_MOVE,lodash.js:1414,lodash.js:729
1cb2db03edd8787732f5cd33c98a5b37a0af8c90,EXTRACT_MOVE,lodash.js:2231,lodash.js:729
1cb2db03edd8787732f5cd33c98a5b37a0af8c90,EXTRACT_MOVE,lodash.js:3284,lodash.js:729
1cb2db03edd8787732f5cd33c98a5b37a0af8c90,EXTRACT_MOVE,lodash.js:8071,lodash.js:729
1cb2db03edd8787732f5cd33c98a5b37a0af8c90,EXTRACT_MOVE,lodash.js:3189,lodash.js:729
f754654dae2bb590d65a12e0d1ce1a624793c82e,EXTRACT_MOVE,dist/lodash.js:4667,dist/lodash.compat.js:2973
f754654dae2bb590d65a12e0d1ce1a624793c82e,EXTRACT,dist/lodash.js:4667,dist/lodash.js:2811
f754654dae2bb590d65a12e0d1ce1a624793c82e,EXTRACT,dist/lodash.compat.js:4855,dist/lodash.compat.js:2973
8bb69cd6da3756330fea3dd3a752f7c7e8a25dc6,EXTRACT,dist/lodash.compat.js:7057,dist/lodash.compat.js:3104
8bb69cd6da3756330fea3dd3a752f7c7e8a25dc6,EXTRACT_MOVE,dist/lodash.js:6982,dist/lodash.compat.js:3104
8bb69cd6da3756330fea3dd3a752f7c7e8a25dc6,EXTRACT,dist/lodash.js:1533,dist/lodash.js:2938
8bb69cd6da3756330fea3dd3a752f7c7e8a25dc6,EXTRACT,dist/lodash.js:5648,dist/lodash.js:2938
8bb69cd6da3756330fea3dd3a752f7c7e8a25dc6,EXTRACT_MOVE,dist/lodash.js:1995,dist/lodash.compat.js:3104
8bb69cd6da3756330fea3dd3a752f7c7e8a25dc6,EXTRACT,dist/lodash.js:3085,dist/lodash.js:2938
8bb69cd6da3756330fea3dd3a752f7c7e8a25dc6,EXTRACT,dist/lodash.js:1558,dist/lodash.js:2938
8bb69cd6da3756330fea3dd3a752f7c7e8a25dc6,EXTRACT,dist/lodash.js:5804,dist/lodash.js:2938
8bb69cd6da3756330fea3dd3a752f7c7e8a25dc6,EXTRACT,dist/lodash.js:4735,dist/lodash.js:2938
8bb69cd6da3756330fea3dd3a752f7c7e8a25dc6,EXTRACT,dist/lodash.compat.js:5836,dist/lodash.compat.js:3104
8bb69cd6da3756330fea3dd3a752f7c7e8a25dc6,EXTRACT,dist/lodash.compat.js:4923,dist/lodash.compat.js:3104
8bb69cd6da3756330fea3dd3a752f7c7e8a25dc6,EXTRACT,dist/lodash.compat.js:7050,dist/lodash.compat.js:3104
8bb69cd6da3756330fea3dd3a752f7c7e8a25dc6,EXTRACT,dist/lodash.compat.js:7180,dist/lodash.compat.js:3104
8bb69cd6da3756330fea3dd3a752f7c7e8a25dc6,EXTRACT,dist/lodash.compat.js:2157,dist/lodash.compat.js:3104
8bb69cd6da3756330fea3dd3a752f7c7e8a25dc6,EXTRACT_MOVE,dist/lodash.js:5804,dist/lodash.compat.js:3104
8bb69cd6da3756330fea3dd3a752f7c7e8a25dc6,EXTRACT_MOVE,dist/lodash.js:4776,dist/lodash.compat.js:3104
8bb69cd6da3756330fea3dd3a752f7c7e8a25dc6,EXTRACT,dist/lodash.js:5754,dist/lodash.js:2938
8bb69cd6da3756330fea3dd3a752f7c7e8a25dc6,EXTRACT,dist/lodash.js:6982,dist/lodash.js:2938
8bb69cd6da3756330fea3dd3a752f7c7e8a25dc6,EXTRACT_MOVE,dist/lodash.js:1558,dist/lodash.compat.js:3104
8bb69cd6da3756330fea3dd3a752f7c7e8a25dc6,EXTRACT_MOVE,dist/lodash.js:4735,dist/lodash.compat.js:3104
8bb69cd6da3756330fea3dd3a752f7c7e8a25dc6,EXTRACT,dist/lodash.js:1995,dist/lodash.js:2938
8bb69cd6da3756330fea3dd3a752f7c7e8a25dc6,EXTRACT_MOVE,dist/lodash.js:6860,dist/lodash.compat.js:3104
8bb69cd6da3756330fea3dd3a752f7c7e8a25dc6,EXTRACT_MOVE,dist/lodash.js:3085,dist/lodash.compat.js:3104
8bb69cd6da3756330fea3dd3a752f7c7e8a25dc6,EXTRACT,dist/lodash.js:4776,dist/lodash.js:2938
8bb69cd6da3756330fea3dd3a752f7c7e8a25dc6,EXTRACT,dist/lodash.compat.js:4964,dist/lodash.compat.js:3104
8bb69cd6da3756330fea3dd3a752f7c7e8a25dc6,EXTRACT_MOVE,dist/lodash.js:5754,dist/lodash.compat.js:3104
8bb69cd6da3756330fea3dd3a752f7c7e8a25dc6,EXTRACT_MOVE,dist/lodash.js:5648,dist/lodash.compat.js:3104
8bb69cd6da3756330fea3dd3a752f7c7e8a25dc6,EXTRACT,dist/lodash.compat.js:5942,dist/lodash.compat.js:3104
8bb69cd6da3756330fea3dd3a752f7c7e8a25dc6,EXTRACT,dist/lodash.compat.js:1691,dist/lodash.compat.js:3104
8bb69cd6da3756330fea3dd3a752f7c7e8a25dc6,EXTRACT,dist/lodash.compat.js:5992,dist/lodash.compat.js:3104
8bb69cd6da3756330fea3dd3a752f7c7e8a25dc6,EXTRACT,dist/lodash.compat.js:3260,dist/lodash.compat.js:3104
8bb69cd6da3756330fea3dd3a752f7c7e8a25dc6,EXTRACT,dist/lodash.js:6860,dist/lodash.js:2938
8bb69cd6da3756330fea3dd3a752f7c7e8a25dc6,EXTRACT_MOVE,dist/lodash.js:1533,dist/lodash.compat.js:3104
8bb69cd6da3756330fea3dd3a752f7c7e8a25dc6,EXTRACT,dist/lodash.compat.js:1716,dist/lodash.compat.js:3104
b930bd7326a707640feeaed22fe70040a95f7eb6,EXTRACT,lodash.js:1715,lodash.js:3103
b930bd7326a707640feeaed22fe70040a95f7eb6,EXTRACT,lodash.js:5991,lodash.js:3103
b930bd7326a707640feeaed22fe70040a95f7eb6,EXTRACT,lodash.js:7056,lodash.js:3103
b930bd7326a707640feeaed22fe70040a95f7eb6,EXTRACT,lodash.js:5835,lodash.js:3103
b930bd7326a707640feeaed22fe70040a95f7eb6,EXTRACT,lodash.js:4922,lodash.js:3103
b930bd7326a707640feeaed22fe70040a95f7eb6,EXTRACT,lodash.js:3259,lodash.js:3103
b930bd7326a707640feeaed22fe70040a95f7eb6,EXTRACT,lodash.js:7179,lodash.js:3103
b930bd7326a707640feeaed22fe70040a95f7eb6,EXTRACT,lodash.js:4963,lodash.js:3103
b930bd7326a707640feeaed22fe70040a95f7eb6,EXTRACT,lodash.js:2156,lodash.js:3103
b930bd7326a707640feeaed22fe70040a95f7eb6,EXTRACT,lodash.js:1690,lodash.js:3103
b930bd7326a707640feeaed22fe70040a95f7eb6,EXTRACT,lodash.js:5941,lodash.js:3103
b930bd7326a707640feeaed22fe70040a95f7eb6,EXTRACT,lodash.js:7049,lodash.js:3103
176b109ae7ae51d50a4ca986ecfb8028c4edfccd,RENAME,dist/lodash.compat.js:1107,dist/lodash.compat.js:4666
176b109ae7ae51d50a4ca986ecfb8028c4edfccd,EXTRACT_MOVE,dist/lodash.underscore.js:3153,dist/lodash.compat.js:1346
176b109ae7ae51d50a4ca986ecfb8028c4edfccd,EXTRACT_MOVE,dist/lodash.underscore.js:3227,dist/lodash.js:1209
176b109ae7ae51d50a4ca986ecfb8028c4edfccd,RENAME,dist/lodash.js:1051,dist/lodash.js:4478
176b109ae7ae51d50a4ca986ecfb8028c4edfccd,EXTRACT_MOVE,dist/lodash.js:5109,dist/lodash.compat.js:1367
176b109ae7ae51d50a4ca986ecfb8028c4edfccd,RENAME,dist/lodash.underscore.js:675,dist/lodash.underscore.js:2640
176b109ae7ae51d50a4ca986ecfb8028c4edfccd,EXTRACT,dist/lodash.compat.js:2959,dist/lodash.compat.js:3087
176b109ae7ae51d50a4ca986ecfb8028c4edfccd,EXTRACT_MOVE,dist/lodash.underscore.js:3153,dist/lodash.js:1188
176b109ae7ae51d50a4ca986ecfb8028c4edfccd,EXTRACT_MOVE,dist/lodash.js:5030,dist/lodash.compat.js:1346
176b109ae7ae51d50a4ca986ecfb8028c4edfccd,EXTRACT,dist/lodash.underscore.js:3227,dist/lodash.underscore.js:747
176b109ae7ae51d50a4ca986ecfb8028c4edfccd,EXTRACT,dist/lodash.compat.js:5301,dist/lodash.compat.js:1367
176b109ae7ae51d50a4ca986ecfb8028c4edfccd,EXTRACT,dist/lodash.js:5030,dist/lodash.js:1188
176b109ae7ae51d50a4ca986ecfb8028c4edfccd,EXTRACT_MOVE,dist/lodash.underscore.js:3227,dist/lodash.compat.js:1367
176b109ae7ae51d50a4ca986ecfb8028c4edfccd,EXTRACT,dist/lodash.js:5109,dist/lodash.js:1209
176b109ae7ae51d50a4ca986ecfb8028c4edfccd,EXTRACT,dist/lodash.compat.js:5222,dist/lodash.compat.js:1346
176b109ae7ae51d50a4ca986ecfb8028c4edfccd,EXTRACT,dist/lodash.underscore.js:3153,dist/lodash.underscore.js:726
2e2341c8b2be972c867435c7fb779e47ac366e77,EXTRACT,lodash.js:5514,lodash.js:1366
2e2341c8b2be972c867435c7fb779e47ac366e77,EXTRACT,lodash.js:5435,lodash.js:1345
f2780bcbc26267b81d73e0ca4923c2d65e6e0109,EXTRACT,lodash.js:2967,lodash.js:3044
b3e2305deaea7eef1d918c649def970b56ffb7ab,RENAME,test/test.js:7852,test/test.js:7845
ccfd8e51ea72a2251795bc835c384af3b5663025,EXTRACT_MOVE,dist/lodash.compat.js:488,dist/lodash.compat.js:8777
ccfd8e51ea72a2251795bc835c384af3b5663025,EXTRACT_MOVE,dist/lodash.compat.js:488,dist/lodash.compat.js:8071
ccfd8e51ea72a2251795bc835c384af3b5663025,EXTRACT_MOVE,dist/lodash.js:482,dist/lodash.compat.js:8777
ccfd8e51ea72a2251795bc835c384af3b5663025,EXTRACT_MOVE,dist/lodash.js:482,dist/lodash.compat.js:8071
ccfd8e51ea72a2251795bc835c384af3b5663025,EXTRACT_MOVE,dist/lodash.js:482,dist/lodash.js:8543
ccfd8e51ea72a2251795bc835c384af3b5663025,EXTRACT_MOVE,dist/lodash.js:482,dist/lodash.js:7837
3b36145257b9c3b867844a6ed51d11dc326daf32,RENAME,lodash.js:9664,lodash.js:9665
7a94f472c7f24f469b6d9b0d2eef65eb0571f5df,EXTRACT_MOVE,lodash.js:495,lodash.js:8063
7a94f472c7f24f469b6d9b0d2eef65eb0571f5df,EXTRACT_MOVE,lodash.js:495,lodash.js:8765
baee6b97383d3884075ae698486b590205eb42aa,RENAME,vendor/underscore/underscore-min.js:5,vendor/underscore/underscore-min.js:5
baee6b97383d3884075ae698486b590205eb42aa,INLINE,vendor/backbone/backbone.js:1074,vendor/backbone/backbone.js:1036
baee6b97383d3884075ae698486b590205eb42aa,EXTRACT_MOVE,vendor/underscore/underscore-min.js:5,vendor/underscore/underscore-min.js:5
baee6b97383d3884075ae698486b590205eb42aa,RENAME,vendor/underscore/underscore-min.js:5,vendor/underscore/underscore-min.js:5
baee6b97383d3884075ae698486b590205eb42aa,INLINE,vendor/underscore/underscore-min.js:5,vendor/underscore/underscore-min.js:5
baee6b97383d3884075ae698486b590205eb42aa,EXTRACT_MOVE,vendor/underscore/underscore-min.js:5,vendor/underscore/underscore-min.js:5
baee6b97383d3884075ae698486b590205eb42aa,RENAME,vendor/underscore/underscore-min.js:5,vendor/underscore/underscore-min.js:5
baee6b97383d3884075ae698486b590205eb42aa,EXTRACT_MOVE,vendor/underscore/underscore-min.js:5,vendor/underscore/underscore-min.js:5
baee6b97383d3884075ae698486b590205eb42aa,INLINE,vendor/backbone/backbone.js:1168,vendor/backbone/backbone.js:1100
baee6b97383d3884075ae698486b590205eb42aa,INLINE,vendor/backbone/backbone.js:1126,vendor/backbone/backbone.js:1067
baee6b97383d3884075ae698486b590205eb42aa,INLINE,vendor/backbone/backbone.js:946,vendor/backbone/backbone.js:668
baee6b97383d3884075ae698486b590205eb42aa,RENAME,vendor/underscore/underscore-min.js:5,vendor/underscore/underscore-min.js:5
baee6b97383d3884075ae698486b590205eb42aa,RENAME,vendor/underscore/underscore-min.js:5,vendor/underscore/underscore-min.js:5
baee6b97383d3884075ae698486b590205eb42aa,RENAME,vendor/underscore/underscore.js:879,vendor/underscore/underscore.js:940
baee6b97383d3884075ae698486b590205eb42aa,INLINE,vendor/backbone/backbone.js:946,vendor/backbone/backbone.js:911
baee6b97383d3884075ae698486b590205eb42aa,INLINE,vendor/underscore/underscore.js:1328,vendor/underscore/underscore.js:1347
baee6b97383d3884075ae698486b590205eb42aa,INLINE,vendor/backbone/backbone.js:1092,vendor/backbone/backbone.js:1044
baee6b97383d3884075ae698486b590205eb42aa,INLINE,vendor/backbone/backbone.js:1433,vendor/backbone/backbone.js:1370
38c57a662cc5ff191e966bad52430b1747143e47,RENAME,dist/lodash.js:5766,dist/lodash.js:6047
38c57a662cc5ff191e966bad52430b1747143e47,RENAME,dist/lodash.compat.js:5947,dist/lodash.compat.js:6234
38c57a662cc5ff191e966bad52430b1747143e47,RENAME,dist/lodash.underscore.js:3804,dist/lodash.underscore.js:4009
c3e717a3ef3a9f16d9bebfe58c41c7815ba41c62,RENAME,lodash.js:5987,lodash.js:6279
c3e717a3ef3a9f16d9bebfe58c41c7815ba41c62,RENAME,lodash.js:5942,lodash.js:6234
c5112cb24e54c0436bbda5061b24d5102f34fdeb,RENAME,lodash.js:5948,lodash.js:5942
309a2ad0a3dfb2218d32588e917b391576b3f668,RENAME,dist/lodash.js:1382,dist/lodash.js:2449
309a2ad0a3dfb2218d32588e917b391576b3f668,EXTRACT,dist/lodash.js:1246,dist/lodash.js:2736
309a2ad0a3dfb2218d32588e917b391576b3f668,EXTRACT,dist/lodash.js:1246,dist/lodash.js:2710
309a2ad0a3dfb2218d32588e917b391576b3f668,EXTRACT,dist/lodash.compat.js:1403,dist/lodash.compat.js:2853
309a2ad0a3dfb2218d32588e917b391576b3f668,EXTRACT_MOVE,dist/lodash.js:1246,dist/lodash.compat.js:2879
309a2ad0a3dfb2218d32588e917b391576b3f668,RENAME,dist/lodash.underscore.js:732,dist/lodash.underscore.js:1500
309a2ad0a3dfb2218d32588e917b391576b3f668,EXTRACT,dist/lodash.compat.js:1403,dist/lodash.compat.js:2879
309a2ad0a3dfb2218d32588e917b391576b3f668,EXTRACT_MOVE,dist/lodash.js:1246,dist/lodash.compat.js:2853
309a2ad0a3dfb2218d32588e917b391576b3f668,RENAME,dist/lodash.compat.js:1543,dist/lodash.compat.js:2592
cfeb8d053f0362fdd5cdb7f7c36dc157f9099b2c,RENAME,lodash.js:3018,lodash.js:3018
c139a0d9edfdfbcbb1cc22e594e3d5a15b06b008,RENAME,lodash.js:1498,lodash.js:2566
476d85915bcde53c6a960428cdd02185e30c674d,RENAME,lodash.js:308,lodash.js:373
476d85915bcde53c6a960428cdd02185e30c674d,EXTRACT,lodash.js:1422,lodash.js:2867
476d85915bcde53c6a960428cdd02185e30c674d,EXTRACT,lodash.js:1422,lodash.js:2841
7a7f12504b9296fe3071b57ff8d95745cc055707,EXTRACT_MOVE,vendor/platform.js/platform.js:465,vendor/platform.js/platform.js:77
8009c1b7eb22787b23ad4525d19723a7b7503fd5,RENAME,dist/lodash.underscore.js:1626,dist/lodash.underscore.js:1668
8009c1b7eb22787b23ad4525d19723a7b7503fd5,RENAME,dist/lodash.compat.js:2881,dist/lodash.compat.js:2958
8009c1b7eb22787b23ad4525d19723a7b7503fd5,RENAME,dist/lodash.js:2716,dist/lodash.js:2793
e402347d732c90f93efd7c8a3b867d65e7dfa9cf,RENAME,lodash.js:2891,lodash.js:2951
9d6832224e799cf25736c582f438803995461ede,EXTRACT_MOVE,dist/lodash.js:543,dist/lodash.compat.js:540
9d6832224e799cf25736c582f438803995461ede,EXTRACT_MOVE,dist/lodash.js:521,dist/lodash.compat.js:540
9d6832224e799cf25736c582f438803995461ede,EXTRACT,dist/lodash.compat.js:562,dist/lodash.compat.js:540
9d6832224e799cf25736c582f438803995461ede,EXTRACT,dist/lodash.compat.js:540,dist/lodash.compat.js:540
9d6832224e799cf25736c582f438803995461ede,EXTRACT,dist/lodash.js:521,dist/lodash.js:521
9d6832224e799cf25736c582f438803995461ede,EXTRACT,dist/lodash.js:543,dist/lodash.js:521
2f98cd9eb06ff285ea0fd187294687b9f3d3627a,EXTRACT,lodash.js:561,lodash.js:538
2f98cd9eb06ff285ea0fd187294687b9f3d3627a,EXTRACT,lodash.js:539,lodash.js:538
9c3f297e9776c98bb5b47be5287bf10b2b8f8192,INLINE,dist/lodash.compat.js:2384,dist/lodash.js:7870
9c3f297e9776c98bb5b47be5287bf10b2b8f8192,EXTRACT,dist/lodash.compat.js:5312,dist/lodash.compat.js:2988
9c3f297e9776c98bb5b47be5287bf10b2b8f8192,EXTRACT_MOVE,dist/lodash.underscore.js:3202,dist/lodash.js:2810
9c3f297e9776c98bb5b47be5287bf10b2b8f8192,EXTRACT,dist/lodash.underscore.js:2090,dist/lodash.underscore.js:1333
9c3f297e9776c98bb5b47be5287bf10b2b8f8192,EXTRACT,dist/lodash.compat.js:5097,dist/lodash.compat.js:2988
9c3f297e9776c98bb5b47be5287bf10b2b8f8192,EXTRACT,dist/lodash.js:3860,dist/lodash.js:3914
9c3f297e9776c98bb5b47be5287bf10b2b8f8192,INLINE,dist/lodash.compat.js:2384,dist/lodash.compat.js:8088
9c3f297e9776c98bb5b47be5287bf10b2b8f8192,EXTRACT,dist/lodash.underscore.js:2257,dist/lodash.underscore.js:2300
9c3f297e9776c98bb5b47be5287bf10b2b8f8192,EXTRACT_MOVE,dist/lodash.underscore.js:2090,dist/lodash.compat.js:2351
9c3f297e9776c98bb5b47be5287bf10b2b8f8192,EXTRACT_MOVE,dist/lodash.underscore.js:2257,dist/lodash.compat.js:4094
9c3f297e9776c98bb5b47be5287bf10b2b8f8192,EXTRACT,dist/lodash.underscore.js:3202,dist/lodash.underscore.js:1683
9c3f297e9776c98bb5b47be5287bf10b2b8f8192,EXTRACT_MOVE,dist/lodash.underscore.js:2257,dist/lodash.js:3914
9c3f297e9776c98bb5b47be5287bf10b2b8f8192,EXTRACT_MOVE,dist/lodash.js:4909,dist/lodash.compat.js:2988
9c3f297e9776c98bb5b47be5287bf10b2b8f8192,EXTRACT,dist/lodash.compat.js:4045,dist/lodash.compat.js:4094
9c3f297e9776c98bb5b47be5287bf10b2b8f8192,EXTRACT_MOVE,dist/lodash.underscore.js:2090,dist/lodash.js:2186
9c3f297e9776c98bb5b47be5287bf10b2b8f8192,EXTRACT,dist/lodash.compat.js:3714,dist/lodash.compat.js:2351
9c3f297e9776c98bb5b47be5287bf10b2b8f8192,EXTRACT,dist/lodash.js:4909,dist/lodash.js:2810
9c3f297e9776c98bb5b47be5287bf10b2b8f8192,INLINE,dist/lodash.js:2212,dist/lodash.js:7870
9c3f297e9776c98bb5b47be5287bf10b2b8f8192,EXTRACT,dist/lodash.js:3529,dist/lodash.js:2186
9c3f297e9776c98bb5b47be5287bf10b2b8f8192,EXTRACT,dist/lodash.js:5122,dist/lodash.js:2810
9c3f297e9776c98bb5b47be5287bf10b2b8f8192,EXTRACT_MOVE,dist/lodash.underscore.js:3202,dist/lodash.compat.js:2988
9c3f297e9776c98bb5b47be5287bf10b2b8f8192,EXTRACT_MOVE,dist/lodash.js:3529,dist/lodash.compat.js:2351
9c3f297e9776c98bb5b47be5287bf10b2b8f8192,EXTRACT_MOVE,dist/lodash.js:3860,dist/lodash.compat.js:4094
2f2030babf9b712f2e49f291bb5ebad415992c73,INLINE,lodash.js:2464,lodash.js:8088
c7d3c78e72bb2d46ec5f85c2f941f8dbfd44ff20,EXTRACT,lodash.js:4148,lodash.js:4094
7400064cd505fbb1c5aa95a5d9e620de6c939ad4,EXTRACT,lodash.js:3726,lodash.js:2295
a9cc2fdb546d9f94022a31622ea5ecd4a3b892ae,EXTRACT,lodash.js:5312,lodash.js:2921
a9cc2fdb546d9f94022a31622ea5ecd4a3b892ae,EXTRACT,lodash.js:5097,lodash.js:2921
212282e77c5571b67927149e19aecf1de758c779,EXTRACT_MOVE,dist/lodash.js:5283,dist/lodash.compat.js:1529
212282e77c5571b67927149e19aecf1de758c779,EXTRACT,dist/lodash.compat.js:5275,dist/lodash.compat.js:2168
212282e77c5571b67927149e19aecf1de758c779,EXTRACT,dist/lodash.compat.js:5866,dist/lodash.compat.js:2168
212282e77c5571b67927149e19aecf1de758c779,EXTRACT,dist/lodash.js:5283,dist/lodash.js:1367
212282e77c5571b67927149e19aecf1de758c779,RENAME,dist/lodash.compat.js:1344,dist/lodash.compat.js:1266
212282e77c5571b67927149e19aecf1de758c779,RENAME,dist/lodash.underscore.js:4988,dist/lodash.underscore.js:5127
212282e77c5571b67927149e19aecf1de758c779,EXTRACT,dist/lodash.compat.js:1398,dist/lodash.compat.js:2574
212282e77c5571b67927149e19aecf1de758c779,RENAME,dist/lodash.underscore.js:616,dist/lodash.underscore.js:700
212282e77c5571b67927149e19aecf1de758c779,EXTRACT,dist/lodash.underscore.js:601,dist/lodash.underscore.js:1458
212282e77c5571b67927149e19aecf1de758c779,RENAME,dist/lodash.compat.js:1414,dist/lodash.compat.js:1478
212282e77c5571b67927149e19aecf1de758c779,RENAME,dist/lodash.js:7925,dist/lodash.js:8053
212282e77c5571b67927149e19aecf1de758c779,EXTRACT_MOVE,dist/lodash.js:1252,dist/lodash.compat.js:2574
212282e77c5571b67927149e19aecf1de758c779,EXTRACT_MOVE,dist/lodash.js:5687,dist/lodash.compat.js:2168
212282e77c5571b67927149e19aecf1de758c779,RENAME,dist/lodash.compat.js:8141,dist/lodash.compat.js:8283
212282e77c5571b67927149e19aecf1de758c779,RENAME,dist/lodash.js:1182,dist/lodash.js:1108
212282e77c5571b67927149e19aecf1de758c779,EXTRACT,dist/lodash.compat.js:5825,dist/lodash.compat.js:2168
212282e77c5571b67927149e19aecf1de758c779,EXTRACT,dist/lodash.js:1236,dist/lodash.js:2402
212282e77c5571b67927149e19aecf1de758c779,EXTRACT,dist/lodash.js:5687,dist/lodash.js:1996
212282e77c5571b67927149e19aecf1de758c779,EXTRACT_MOVE,dist/lodash.js:1236,dist/lodash.compat.js:2574
212282e77c5571b67927149e19aecf1de758c779,EXTRACT_MOVE,dist/lodash.js:5646,dist/lodash.compat.js:2168
212282e77c5571b67927149e19aecf1de758c779,RENAME,dist/lodash.underscore.js:569,dist/lodash.underscore.js:616
212282e77c5571b67927149e19aecf1de758c779,EXTRACT_MOVE,dist/lodash.js:1252,dist/lodash.js:2402
212282e77c5571b67927149e19aecf1de758c779,EXTRACT_MOVE,dist/lodash.underscore.js:601,dist/lodash.compat.js:2574
212282e77c5571b67927149e19aecf1de758c779,EXTRACT_MOVE,dist/lodash.underscore.js:616,dist/lodash.js:2402
212282e77c5571b67927149e19aecf1de758c779,EXTRACT_MOVE,dist/lodash.underscore.js:616,dist/lodash.underscore.js:1458
212282e77c5571b67927149e19aecf1de758c779,EXTRACT,dist/lodash.js:5646,dist/lodash.js:1996
212282e77c5571b67927149e19aecf1de758c779,EXTRACT_MOVE,dist/lodash.js:5096,dist/lodash.compat.js:2168
212282e77c5571b67927149e19aecf1de758c779,EXTRACT,dist/lodash.js:5096,dist/lodash.js:1996
212282e77c5571b67927149e19aecf1de758c779,RENAME,dist/lodash.js:1252,dist/lodash.js:1316
212282e77c5571b67927149e19aecf1de758c779,EXTRACT_MOVE,dist/lodash.compat.js:1414,dist/lodash.compat.js:2574
212282e77c5571b67927149e19aecf1de758c779,EXTRACT_MOVE,dist/lodash.underscore.js:601,dist/lodash.js:2402
212282e77c5571b67927149e19aecf1de758c779,EXTRACT,dist/lodash.compat.js:5462,dist/lodash.compat.js:1529
212282e77c5571b67927149e19aecf1de758c779,EXTRACT_MOVE,dist/lodash.underscore.js:616,dist/lodash.compat.js:2574
1e8a820108284c50f2bcc6dbdf5beb9d349fcbad,RENAME,lodash.js:1419,lodash.js:1478
8a959896bf83b50e7a315b61c2bd31f357e98a93,EXTRACT_MOVE,lodash.js:1421,lodash.js:2397
8a959896bf83b50e7a315b61c2bd31f357e98a93,EXTRACT,lodash.js:1172,lodash.js:2397
8a959896bf83b50e7a315b61c2bd31f357e98a93,EXTRACT,lodash.js:1404,lodash.js:2397
b291dcadc6dafa00b99930516e6a70f59d7f7ea0,EXTRACT,lodash.js:5223,lodash.js:2055
b291dcadc6dafa00b99930516e6a70f59d7f7ea0,EXTRACT,lodash.js:5413,lodash.js:1475
b291dcadc6dafa00b99930516e6a70f59d7f7ea0,EXTRACT,lodash.js:5820,lodash.js:2055
b291dcadc6dafa00b99930516e6a70f59d7f7ea0,EXTRACT,lodash.js:5779,lodash.js:2055
0d2db28908e8b0f2a1a9ae2e693ffe2e07bb05da,RENAME,lodash.js:8119,lodash.js:8119
0d2db28908e8b0f2a1a9ae2e693ffe2e07bb05da,RENAME,lodash.js:1343,lodash.js:1343
681d3e09ba34d1ff78fb48b4bf53b3fe1542a1a1,RENAME,dist/lodash.compat.js:7866,dist/lodash.compat.js:7977
681d3e09ba34d1ff78fb48b4bf53b3fe1542a1a1,RENAME,dist/lodash.compat.js:776,dist/lodash.compat.js:812
681d3e09ba34d1ff78fb48b4bf53b3fe1542a1a1,RENAME,dist/lodash.js:7654,dist/lodash.js:7764
f4a1573586998b5f432fd86e1aa0dcb9d75e428d,RENAME,lodash.js:7955,lodash.js:7955
691e21fa78c0b78587e26112c89a0799a2429c4d,EXTRACT,test/saucelabs.js:397,test/saucelabs.js:256
c5237a926d4f5f9a31cf5a4750b8199cacd28ba1,INLINE,vendor/platform.js/platform.js:152,vendor/platform.js/platform.js:110
67f9c7e0f0a3cdc785b5ae6c0272e3639f550481,RENAME,lodash.js:817,lodash.js:806
78a312f61c27b1819c7c551c55eecaaad0ee7f8d,EXTRACT,dist/lodash.compat.js:6953,dist/lodash.compat.js:1981
78a312f61c27b1819c7c551c55eecaaad0ee7f8d,RENAME,dist/lodash.js:6613,dist/lodash.js:2087
78a312f61c27b1819c7c551c55eecaaad0ee7f8d,RENAME,dist/lodash.compat.js:6829,dist/lodash.compat.js:2255
78a312f61c27b1819c7c551c55eecaaad0ee7f8d,EXTRACT_MOVE,dist/lodash.underscore.js:3261,dist/lodash.js:5042
78a312f61c27b1819c7c551c55eecaaad0ee7f8d,EXTRACT_MOVE,dist/lodash.underscore.js:2469,dist/lodash.js:1723
78a312f61c27b1819c7c551c55eecaaad0ee7f8d,EXTRACT_MOVE,dist/lodash.underscore.js:4522,dist/lodash.compat.js:1981
78a312f61c27b1819c7c551c55eecaaad0ee7f8d,EXTRACT_MOVE,dist/lodash.js:7287,dist/lodash.compat.js:2137
78a312f61c27b1819c7c551c55eecaaad0ee7f8d,EXTRACT,dist/lodash.underscore.js:4522,dist/lodash.underscore.js:1017
78a312f61c27b1819c7c551c55eecaaad0ee7f8d,EXTRACT_MOVE,dist/lodash.underscore.js:2469,dist/lodash.compat.js:1891
78a312f61c27b1819c7c551c55eecaaad0ee7f8d,EXTRACT_MOVE,dist/lodash.underscore.js:3261,dist/lodash.compat.js:5217
78a312f61c27b1819c7c551c55eecaaad0ee7f8d,EXTRACT_MOVE,dist/lodash.underscore.js:4695,dist/lodash.compat.js:2137
78a312f61c27b1819c7c551c55eecaaad0ee7f8d,EXTRACT_MOVE,dist/lodash.underscore.js:4695,dist/lodash.js:1969
78a312f61c27b1819c7c551c55eecaaad0ee7f8d,EXTRACT,dist/lodash.compat.js:3004,dist/lodash.compat.js:2014
78a312f61c27b1819c7c551c55eecaaad0ee7f8d,EXTRACT,dist/lodash.underscore.js:3261,dist/lodash.underscore.js:3375
78a312f61c27b1819c7c551c55eecaaad0ee7f8d,EXTRACT,dist/lodash.underscore.js:4695,dist/lodash.underscore.js:1128
78a312f61c27b1819c7c551c55eecaaad0ee7f8d,EXTRACT_MOVE,dist/lodash.js:6737,dist/lodash.compat.js:1981
78a312f61c27b1819c7c551c55eecaaad0ee7f8d,EXTRACT,dist/lodash.js:4819,dist/lodash.js:5042
78a312f61c27b1819c7c551c55eecaaad0ee7f8d,EXTRACT,dist/lodash.compat.js:7503,dist/lodash.compat.js:2137
78a312f61c27b1819c7c551c55eecaaad0ee7f8d,EXTRACT_MOVE,dist/lodash.js:4012,dist/lodash.compat.js:1891
78a312f61c27b1819c7c551c55eecaaad0ee7f8d,EXTRACT,dist/lodash.js:7287,dist/lodash.js:1969
78a312f61c27b1819c7c551c55eecaaad0ee7f8d,EXTRACT,dist/lodash.js:6737,dist/lodash.js:1813
78a312f61c27b1819c7c551c55eecaaad0ee7f8d,EXTRACT,dist/lodash.js:2823,dist/lodash.js:1846
78a312f61c27b1819c7c551c55eecaaad0ee7f8d,EXTRACT,dist/lodash.underscore.js:2469,dist/lodash.underscore.js:994
78a312f61c27b1819c7c551c55eecaaad0ee7f8d,EXTRACT,dist/lodash.js:4012,dist/lodash.js:1723
78a312f61c27b1819c7c551c55eecaaad0ee7f8d,EXTRACT_MOVE,dist/lodash.js:2823,dist/lodash.compat.js:2014
78a312f61c27b1819c7c551c55eecaaad0ee7f8d,EXTRACT_MOVE,dist/lodash.underscore.js:4522,dist/lodash.js:1813
78a312f61c27b1819c7c551c55eecaaad0ee7f8d,EXTRACT_MOVE,dist/lodash.js:4819,dist/lodash.compat.js:5217
78a312f61c27b1819c7c551c55eecaaad0ee7f8d,EXTRACT,dist/lodash.compat.js:4998,dist/lodash.compat.js:5217
78a312f61c27b1819c7c551c55eecaaad0ee7f8d,EXTRACT,dist/lodash.compat.js:4188,dist/lodash.compat.js:1891
387176e83d3600a5d058ef5e0b2ffdb3deaca622,EXTRACT,lodash.js:5044,lodash.js:5188
387176e83d3600a5d058ef5e0b2ffdb3deaca622,EXTRACT,lodash.js:6999,lodash.js:1958
387176e83d3600a5d058ef5e0b2ffdb3deaca622,EXTRACT,lodash.js:3050,lodash.js:1991
387176e83d3600a5d058ef5e0b2ffdb3deaca622,RENAME,lodash.js:6875,lodash.js:2232
387176e83d3600a5d058ef5e0b2ffdb3deaca622,EXTRACT,lodash.js:4234,lodash.js:1868
bfc40498bd9367d499510632dd69bf0b8c115444,EXTRACT,vendor/backbone/backbone.js:911,vendor/backbone/backbone.js:946
bfc40498bd9367d499510632dd69bf0b8c115444,EXTRACT,vendor/backbone/backbone.js:1067,vendor/backbone/backbone.js:1126
bfc40498bd9367d499510632dd69bf0b8c115444,EXTRACT,vendor/backbone/backbone.js:1036,vendor/backbone/backbone.js:1074
bfc40498bd9367d499510632dd69bf0b8c115444,EXTRACT,vendor/backbone/backbone.js:1044,vendor/backbone/backbone.js:1092
bfc40498bd9367d499510632dd69bf0b8c115444,EXTRACT,vendor/backbone/backbone.js:1370,vendor/backbone/backbone.js:1433
bfc40498bd9367d499510632dd69bf0b8c115444,EXTRACT,vendor/backbone/backbone.js:1100,vendor/backbone/backbone.js:1168
bfc40498bd9367d499510632dd69bf0b8c115444,EXTRACT,vendor/backbone/backbone.js:668,vendor/backbone/backbone.js:946
0de72f3abbccb15ef36a602304de75841d57f2a6,EXTRACT,lodash.js:7523,lodash.js:1998
6091219aafa8ea9456fbc060a336efba57a1f903,RENAME,test/saucelabs.js:453,test/saucelabs.js:315
ee4a7034072ff6356b18a20cfc8353f47ca48a71,RENAME,lodash.js:5815,lodash.js:2088
4a0419e5544eabc17251661f819a42facdf58da3,EXTRACT_MOVE,dist/lodash.compat.js:3614,dist/lodash.compat.js:261
4a0419e5544eabc17251661f819a42facdf58da3,EXTRACT_MOVE,dist/lodash.js:3433,dist/lodash.js:255
4a0419e5544eabc17251661f819a42facdf58da3,EXTRACT_MOVE,dist/lodash.js:3433,dist/lodash.compat.js:261
85d8ced2996fafc4d45167c3b88cd608017f66ca,EXTRACT_MOVE,lodash.js:2959,lodash.js:262
85d8ced2996fafc4d45167c3b88cd608017f66ca,EXTRACT_MOVE,lodash.js:3659,lodash.js:262
8c618780b74ec90226a6714d1ab60c10423f0df0,RENAME,lodash.js:2918,lodash.js:2959
8c618780b74ec90226a6714d1ab60c10423f0df0,EXTRACT,lodash.js:5857,lodash.js:1530
8c618780b74ec90226a6714d1ab60c10423f0df0,EXTRACT,lodash.js:5721,lodash.js:1442
8c618780b74ec90226a6714d1ab60c10423f0df0,EXTRACT,lodash.js:3879,lodash.js:1016
8c618780b74ec90226a6714d1ab60c10423f0df0,EXTRACT,lodash.js:1431,lodash.js:1506
8c618780b74ec90226a6714d1ab60c10423f0df0,EXTRACT,lodash.js:4060,lodash.js:1035
8c618780b74ec90226a6714d1ab60c10423f0df0,EXTRACT,lodash.js:1454,lodash.js:1530
8c618780b74ec90226a6714d1ab60c10423f0df0,EXTRACT,lodash.js:6749,lodash.js:1910
8c618780b74ec90226a6714d1ab60c10423f0df0,EXTRACT,lodash.js:3846,lodash.js:995
8c618780b74ec90226a6714d1ab60c10423f0df0,EXTRACT,lodash.js:3763,lodash.js:1442
8c618780b74ec90226a6714d1ab60c10423f0df0,EXTRACT,lodash.js:5667,lodash.js:1442
8c618780b74ec90226a6714d1ab60c10423f0df0,EXTRACT,lodash.js:3807,lodash.js:1442
8c618780b74ec90226a6714d1ab60c10423f0df0,EXTRACT,lodash.js:5798,lodash.js:1530
95bd2dde195cc6d5e654735f7ae1b57b1000fa4c,INLINE,lodash.js:1530,lodash.js:1454
95bd2dde195cc6d5e654735f7ae1b57b1000fa4c,INLINE,lodash.js:1035,lodash.js:4052
95bd2dde195cc6d5e654735f7ae1b57b1000fa4c,INLINE,lodash.js:1910,lodash.js:6741
95bd2dde195cc6d5e654735f7ae1b57b1000fa4c,INLINE,lodash.js:995,lodash.js:3838
95bd2dde195cc6d5e654735f7ae1b57b1000fa4c,INLINE,lodash.js:1442,lodash.js:5713
95bd2dde195cc6d5e654735f7ae1b57b1000fa4c,INLINE,lodash.js:1506,lodash.js:1431
95bd2dde195cc6d5e654735f7ae1b57b1000fa4c,INLINE,lodash.js:1016,lodash.js:3871
95bd2dde195cc6d5e654735f7ae1b57b1000fa4c,INLINE,lodash.js:1530,lodash.js:5849
95bd2dde195cc6d5e654735f7ae1b57b1000fa4c,INLINE,lodash.js:1442,lodash.js:3799
95bd2dde195cc6d5e654735f7ae1b57b1000fa4c,INLINE,lodash.js:1442,lodash.js:3755
95bd2dde195cc6d5e654735f7ae1b57b1000fa4c,INLINE,lodash.js:1530,lodash.js:5790
95bd2dde195cc6d5e654735f7ae1b57b1000fa4c,INLINE,lodash.js:1442,lodash.js:5659
1bce75ed5323718b9401d6fa91a43ccb6046b797,RENAME,test/saucelabs.js:382,test/saucelabs.js:392
1bce75ed5323718b9401d6fa91a43ccb6046b797,RENAME,test/saucelabs.js:332,test/saucelabs.js:336
1bce75ed5323718b9401d6fa91a43ccb6046b797,RENAME,test/saucelabs.js:299,test/saucelabs.js:303
d07e53e9a0a23d964264a757a37a585abfece989,RENAME,test/saucelabs.js:357,test/saucelabs.js:299
d07e53e9a0a23d964264a757a37a585abfece989,RENAME,test/saucelabs.js:311,test/saucelabs.js:332
cb44430a3fb2d74ce5b53378ee02f140140b1061,EXTRACT_MOVE,vendor/curl/dist/curl-kitchen-sink/curl.js:31,vendor/curl/dist/curl-kitchen-sink/curl.js:4
cb44430a3fb2d74ce5b53378ee02f140140b1061,RENAME,vendor/curl/dist/curl-kitchen-sink/curl.js:35,vendor/curl/dist/curl-kitchen-sink/curl.js:34
cb44430a3fb2d74ce5b53378ee02f140140b1061,EXTRACT_MOVE,vendor/curl/dist/curl-kitchen-sink/curl.js:27,vendor/curl/dist/curl-kitchen-sink/curl.js:4
cb44430a3fb2d74ce5b53378ee02f140140b1061,RENAME,vendor/curl/dist/curl-kitchen-sink/curl.js:19,vendor/curl/dist/curl-kitchen-sink/curl.js:18
cb44430a3fb2d74ce5b53378ee02f140140b1061,RENAME,vendor/curl/dist/curl-kitchen-sink/curl.js:8,vendor/curl/dist/curl-kitchen-sink/curl.js:8
cb44430a3fb2d74ce5b53378ee02f140140b1061,RENAME,vendor/curl/dist/curl-kitchen-sink/curl.js:22,vendor/curl/dist/curl-kitchen-sink/curl.js:21
cb44430a3fb2d74ce5b53378ee02f140140b1061,INLINE,vendor/curl/dist/curl-kitchen-sink/curl.js:48,vendor/curl/dist/curl-kitchen-sink/curl.js:6
cb44430a3fb2d74ce5b53378ee02f140140b1061,RENAME,vendor/curl/dist/curl-kitchen-sink/curl.js:46,vendor/curl/dist/curl-kitchen-sink/curl.js:45
cb44430a3fb2d74ce5b53378ee02f140140b1061,RENAME,vendor/curl/dist/curl-kitchen-sink/curl.js:46,vendor/curl/dist/curl-kitchen-sink/curl.js:45
cb44430a3fb2d74ce5b53378ee02f140140b1061,EXTRACT,vendor/curl/dist/curl-kitchen-sink/curl.js:17,vendor/curl/dist/curl-kitchen-sink/curl.js:10
cb44430a3fb2d74ce5b53378ee02f140140b1061,RENAME,vendor/curl/dist/curl-kitchen-sink/curl.js:14,vendor/curl/dist/curl-kitchen-sink/curl.js:14
cb44430a3fb2d74ce5b53378ee02f140140b1061,RENAME,vendor/curl/dist/curl-kitchen-sink/curl.js:48,vendor/curl/dist/curl-kitchen-sink/curl.js:47
cb44430a3fb2d74ce5b53378ee02f140140b1061,RENAME,vendor/curl/dist/curl-kitchen-sink/curl.js:50,vendor/curl/dist/curl-kitchen-sink/curl.js:49
cb44430a3fb2d74ce5b53378ee02f140140b1061,RENAME,vendor/curl/dist/curl-kitchen-sink/curl.js:38,vendor/curl/dist/curl-kitchen-sink/curl.js:37
cb44430a3fb2d74ce5b53378ee02f140140b1061,RENAME,vendor/curl/dist/curl-kitchen-sink/curl.js:13,vendor/curl/dist/curl-kitchen-sink/curl.js:13
cb44430a3fb2d74ce5b53378ee02f140140b1061,EXTRACT,vendor/curl/dist/curl-kitchen-sink/curl.js:17,vendor/curl/dist/curl-kitchen-sink/curl.js:9
cb44430a3fb2d74ce5b53378ee02f140140b1061,INLINE,vendor/curl/dist/curl-kitchen-sink/curl.js:23,vendor/curl/dist/curl-kitchen-sink/curl.js:6
cb44430a3fb2d74ce5b53378ee02f140140b1061,RENAME,vendor/curl/dist/curl-kitchen-sink/curl.js:44,vendor/curl/dist/curl-kitchen-sink/curl.js:43
cb44430a3fb2d74ce5b53378ee02f140140b1061,INLINE,vendor/curl/dist/curl-kitchen-sink/curl.js:50,vendor/curl/dist/curl-kitchen-sink/curl.js:6
cb44430a3fb2d74ce5b53378ee02f140140b1061,RENAME,vendor/curl/dist/curl-kitchen-sink/curl.js:25,vendor/curl/dist/curl-kitchen-sink/curl.js:24
cb44430a3fb2d74ce5b53378ee02f140140b1061,INLINE,vendor/curl/dist/curl-kitchen-sink/curl.js:4,vendor/curl/dist/curl-kitchen-sink/curl.js:26
cb44430a3fb2d74ce5b53378ee02f140140b1061,RENAME,vendor/curl/dist/curl-kitchen-sink/curl.js:8,vendor/curl/dist/curl-kitchen-sink/curl.js:8
cb44430a3fb2d74ce5b53378ee02f140140b1061,RENAME,vendor/curl/dist/curl-kitchen-sink/curl.js:31,vendor/curl/dist/curl-kitchen-sink/curl.js:30
cb44430a3fb2d74ce5b53378ee02f140140b1061,INLINE,vendor/curl/dist/curl-kitchen-sink/curl.js:4,vendor/curl/dist/curl-kitchen-sink/curl.js:5
cb44430a3fb2d74ce5b53378ee02f140140b1061,RENAME,vendor/curl/dist/curl-kitchen-sink/curl.js:10,vendor/curl/dist/curl-kitchen-sink/curl.js:10
cb44430a3fb2d74ce5b53378ee02f140140b1061,RENAME,vendor/curl/dist/curl-kitchen-sink/curl.js:26,vendor/curl/dist/curl-kitchen-sink/curl.js:25
cb44430a3fb2d74ce5b53378ee02f140140b1061,RENAME,vendor/curl/dist/curl-kitchen-sink/curl.js:34,vendor/curl/dist/curl-kitchen-sink/curl.js:33
cb44430a3fb2d74ce5b53378ee02f140140b1061,EXTRACT,vendor/curl/dist/curl-kitchen-sink/curl.js:18,vendor/curl/dist/curl-kitchen-sink/curl.js:31
cb44430a3fb2d74ce5b53378ee02f140140b1061,RENAME,vendor/curl/dist/curl-kitchen-sink/curl.js:39,vendor/curl/dist/curl-kitchen-sink/curl.js:38
cf73ba2905c1967a44e586fd7afdfb75c5a1a0f4,RENAME,vendor/curl/dist/curl-kitchen-sink/curl.js:41,vendor/curl/dist/curl-kitchen-sink/curl.js:44
cf73ba2905c1967a44e586fd7afdfb75c5a1a0f4,RENAME,vendor/curl/dist/curl-kitchen-sink/curl.js:43,vendor/curl/dist/curl-kitchen-sink/curl.js:46
cf73ba2905c1967a44e586fd7afdfb75c5a1a0f4,EXTRACT_MOVE,vendor/curl/dist/curl-kitchen-sink/curl.js:25,vendor/curl/dist/curl-kitchen-sink/curl.js:4
cf73ba2905c1967a44e586fd7afdfb75c5a1a0f4,EXTRACT,vendor/curl/dist/curl-kitchen-sink/curl.js:6,vendor/curl/dist/curl-kitchen-sink/curl.js:48
cf73ba2905c1967a44e586fd7afdfb75c5a1a0f4,RENAME,vendor/curl/dist/curl-kitchen-sink/curl.js:10,vendor/curl/dist/curl-kitchen-sink/curl.js:10
cf73ba2905c1967a44e586fd7afdfb75c5a1a0f4,INLINE,vendor/curl/dist/curl-kitchen-sink/curl.js:33,vendor/curl/dist/curl-kitchen-sink/curl.js:17
cf73ba2905c1967a44e586fd7afdfb75c5a1a0f4,RENAME,vendor/curl/dist/curl-kitchen-sink/curl.js:45,vendor/curl/dist/curl-kitchen-sink/curl.js:48
cf73ba2905c1967a44e586fd7afdfb75c5a1a0f4,EXTRACT,vendor/curl/dist/curl-kitchen-sink/curl.js:10,vendor/curl/dist/curl-kitchen-sink/curl.js:7
cf73ba2905c1967a44e586fd7afdfb75c5a1a0f4,EXTRACT,vendor/curl/dist/curl-kitchen-sink/curl.js:5,vendor/curl/dist/curl-kitchen-sink/curl.js:4
cf73ba2905c1967a44e586fd7afdfb75c5a1a0f4,RENAME,vendor/curl/dist/curl-kitchen-sink/curl.js:37,vendor/curl/dist/curl-kitchen-sink/curl.js:39
cf73ba2905c1967a44e586fd7afdfb75c5a1a0f4,EXTRACT_MOVE,vendor/curl/dist/curl-kitchen-sink/curl.js:29,vendor/curl/dist/curl-kitchen-sink/curl.js:4
cf73ba2905c1967a44e586fd7afdfb75c5a1a0f4,RENAME,vendor/curl/dist/curl-kitchen-sink/curl.js:47,vendor/curl/dist/curl-kitchen-sink/curl.js:50
cf73ba2905c1967a44e586fd7afdfb75c5a1a0f4,RENAME,vendor/curl/dist/curl-kitchen-sink/curl.js:23,vendor/curl/dist/curl-kitchen-sink/curl.js:25
cf73ba2905c1967a44e586fd7afdfb75c5a1a0f4,EXTRACT,vendor/curl/dist/curl-kitchen-sink/curl.js:6,vendor/curl/dist/curl-kitchen-sink/curl.js:30
cf73ba2905c1967a44e586fd7afdfb75c5a1a0f4,RENAME,vendor/curl/dist/curl-kitchen-sink/curl.js:29,vendor/curl/dist/curl-kitchen-sink/curl.js:31
cf73ba2905c1967a44e586fd7afdfb75c5a1a0f4,INLINE,vendor/curl/dist/curl-kitchen-sink/curl.js:4,vendor/curl/dist/curl-kitchen-sink/curl.js:4
cf73ba2905c1967a44e586fd7afdfb75c5a1a0f4,INLINE,vendor/curl/dist/curl-kitchen-sink/curl.js:9,vendor/curl/dist/curl-kitchen-sink/curl.js:16
cf73ba2905c1967a44e586fd7afdfb75c5a1a0f4,EXTRACT,vendor/curl/dist/curl-kitchen-sink/curl.js:6,vendor/curl/dist/curl-kitchen-sink/curl.js:23
cf73ba2905c1967a44e586fd7afdfb75c5a1a0f4,RENAME,vendor/curl/dist/curl-kitchen-sink/curl.js:7,vendor/curl/dist/curl-kitchen-sink/curl.js:8
cf73ba2905c1967a44e586fd7afdfb75c5a1a0f4,INLINE,vendor/curl/dist/curl-kitchen-sink/curl.js:25,vendor/curl/dist/curl-kitchen-sink/curl.js:17
cf73ba2905c1967a44e586fd7afdfb75c5a1a0f4,RENAME,vendor/curl/dist/curl-kitchen-sink/curl.js:32,vendor/curl/dist/curl-kitchen-sink/curl.js:34
cf73ba2905c1967a44e586fd7afdfb75c5a1a0f4,RENAME,vendor/curl/dist/curl-kitchen-sink/curl.js:33,vendor/curl/dist/curl-kitchen-sink/curl.js:35
cf73ba2905c1967a44e586fd7afdfb75c5a1a0f4,INLINE,vendor/curl/dist/curl-kitchen-sink/curl.js:4,vendor/curl/dist/curl-kitchen-sink/curl.js:27
cf73ba2905c1967a44e586fd7afdfb75c5a1a0f4,RENAME,vendor/curl/dist/curl-kitchen-sink/curl.js:43,vendor/curl/dist/curl-kitchen-sink/curl.js:46
cf73ba2905c1967a44e586fd7afdfb75c5a1a0f4,RENAME,vendor/curl/dist/curl-kitchen-sink/curl.js:24,vendor/curl/dist/curl-kitchen-sink/curl.js:26
cf73ba2905c1967a44e586fd7afdfb75c5a1a0f4,RENAME,vendor/curl/dist/curl-kitchen-sink/curl.js:36,vendor/curl/dist/curl-kitchen-sink/curl.js:38
cf73ba2905c1967a44e586fd7afdfb75c5a1a0f4,RENAME,vendor/curl/dist/curl-kitchen-sink/curl.js:32,vendor/curl/dist/curl-kitchen-sink/curl.js:34
cf73ba2905c1967a44e586fd7afdfb75c5a1a0f4,RENAME,vendor/curl/dist/curl-kitchen-sink/curl.js:8,vendor/curl/dist/curl-kitchen-sink/curl.js:8
cf73ba2905c1967a44e586fd7afdfb75c5a1a0f4,RENAME,vendor/curl/dist/curl-kitchen-sink/curl.js:36,vendor/curl/dist/curl-kitchen-sink/curl.js:38
5a47eb85594666f310c3ce36f8060f0fb48a1171,EXTRACT_MOVE,dist/lodash.js:3951,dist/lodash.compat.js:1104
5a47eb85594666f310c3ce36f8060f0fb48a1171,EXTRACT_MOVE,dist/lodash.underscore.js:2421,dist/lodash.compat.js:1104
5a47eb85594666f310c3ce36f8060f0fb48a1171,EXTRACT,dist/lodash.compat.js:3923,dist/lodash.compat.js:1064
5a47eb85594666f310c3ce36f8060f0fb48a1171,EXTRACT,dist/lodash.compat.js:3956,dist/lodash.compat.js:1085
5a47eb85594666f310c3ce36f8060f0fb48a1171,EXTRACT_MOVE,dist/lodash.js:3774,dist/lodash.compat.js:1085
5a47eb85594666f310c3ce36f8060f0fb48a1171,EXTRACT,dist/lodash.js:3740,dist/lodash.js:905
5a47eb85594666f310c3ce36f8060f0fb48a1171,EXTRACT,dist/lodash.js:3774,dist/lodash.js:926
5a47eb85594666f310c3ce36f8060f0fb48a1171,EXTRACT,dist/lodash.js:3951,dist/lodash.js:945
5a47eb85594666f310c3ce36f8060f0fb48a1171,EXTRACT_MOVE,dist/lodash.underscore.js:2243,dist/lodash.compat.js:1064
5a47eb85594666f310c3ce36f8060f0fb48a1171,EXTRACT_MOVE,dist/lodash.underscore.js:2243,dist/lodash.js:905
5a47eb85594666f310c3ce36f8060f0fb48a1171,EXTRACT_MOVE,dist/lodash.underscore.js:2421,dist/lodash.js:945
5a47eb85594666f310c3ce36f8060f0fb48a1171,EXTRACT,dist/lodash.underscore.js:2243,dist/lodash.underscore.js:448
5a47eb85594666f310c3ce36f8060f0fb48a1171,EXTRACT_MOVE,dist/lodash.js:3740,dist/lodash.compat.js:1064
5a47eb85594666f310c3ce36f8060f0fb48a1171,EXTRACT,dist/lodash.compat.js:4131,dist/lodash.compat.js:1104
5a47eb85594666f310c3ce36f8060f0fb48a1171,EXTRACT,dist/lodash.underscore.js:2421,dist/lodash.underscore.js:469
c7e8b724c7bb4ef1bacb2a3daa9c14324c84c4f6,EXTRACT,lodash.js:3988,lodash.js:1084
c7e8b724c7bb4ef1bacb2a3daa9c14324c84c4f6,EXTRACT,lodash.js:4163,lodash.js:1103
c7e8b724c7bb4ef1bacb2a3daa9c14324c84c4f6,EXTRACT,lodash.js:3955,lodash.js:1063
3776920807a2e3822811d4fef7f7f33f1c053ec4,RENAME,vendor/jquery/jquery.js:8593,vendor/jquery/jquery.js:7132
3776920807a2e3822811d4fef7f7f33f1c053ec4,EXTRACT,vendor/jquery/jquery.js:1631,vendor/jquery/jquery.js:3753
3776920807a2e3822811d4fef7f7f33f1c053ec4,INLINE,vendor/jquery/jquery.js:5228,vendor/jquery/jquery.js:774
3776920807a2e3822811d4fef7f7f33f1c053ec4,EXTRACT,vendor/jquery/jquery.js:6843,vendor/jquery/jquery.js:6160
3776920807a2e3822811d4fef7f7f33f1c053ec4,RENAME,vendor/jquery/jquery.js:6052,vendor/jquery/jquery.js:5391
3776920807a2e3822811d4fef7f7f33f1c053ec4,EXTRACT,vendor/jquery/jquery.js:5934,vendor/jquery/jquery.js:9375
3776920807a2e3822811d4fef7f7f33f1c053ec4,EXTRACT,vendor/jquery/jquery.js:9165,vendor/jquery/jquery.js:7658
3776920807a2e3822811d4fef7f7f33f1c053ec4,EXTRACT,vendor/jquery/jquery.js:1537,vendor/jquery/jquery.js:3664
3776920807a2e3822811d4fef7f7f33f1c053ec4,INLINE,vendor/jquery/jquery.js:7050,vendor/jquery/jquery.js:6809
3776920807a2e3822811d4fef7f7f33f1c053ec4,EXTRACT,vendor/jquery/jquery.js:719,vendor/jquery/jquery.js:579
1cea2be9c1cccdfce789f08027db23d1b21d63aa,EXTRACT,dist/lodash.compat.js:5689,dist/lodash.compat.js:1407
1cea2be9c1cccdfce789f08027db23d1b21d63aa,EXTRACT,dist/lodash.compat.js:3780,dist/lodash.compat.js:1407
1cea2be9c1cccdfce789f08027db23d1b21d63aa,EXTRACT_MOVE,dist/lodash.js:3602,dist/lodash.compat.js:1407
1cea2be9c1cccdfce789f08027db23d1b21d63aa,EXTRACT_MOVE,dist/lodash.js:5565,dist/lodash.compat.js:1407
1cea2be9c1cccdfce789f08027db23d1b21d63aa,EXTRACT,dist/lodash.underscore.js:2113,dist/lodash.underscore.js:626
1cea2be9c1cccdfce789f08027db23d1b21d63aa,EXTRACT_MOVE,dist/lodash.js:5511,dist/lodash.compat.js:1407
1cea2be9c1cccdfce789f08027db23d1b21d63aa,EXTRACT,dist/lodash.js:3646,dist/lodash.js:1244
1cea2be9c1cccdfce789f08027db23d1b21d63aa,EXTRACT,dist/lodash.js:5565,dist/lodash.js:1244
1cea2be9c1cccdfce789f08027db23d1b21d63aa,EXTRACT,dist/lodash.js:3602,dist/lodash.js:1244
1cea2be9c1cccdfce789f08027db23d1b21d63aa,EXTRACT,dist/lodash.compat.js:5743,dist/lodash.compat.js:1407
1cea2be9c1cccdfce789f08027db23d1b21d63aa,EXTRACT_MOVE,dist/lodash.underscore.js:2113,dist/lodash.js:1244
1cea2be9c1cccdfce789f08027db23d1b21d63aa,EXTRACT,dist/lodash.compat.js:3824,dist/lodash.compat.js:1407
1cea2be9c1cccdfce789f08027db23d1b21d63aa,EXTRACT_MOVE,dist/lodash.underscore.js:2113,dist/lodash.compat.js:1407
1cea2be9c1cccdfce789f08027db23d1b21d63aa,EXTRACT_MOVE,dist/lodash.js:3646,dist/lodash.compat.js:1407
1cea2be9c1cccdfce789f08027db23d1b21d63aa,EXTRACT,dist/lodash.js:5511,dist/lodash.js:1244
24a34088d82b8f69ab6d20ad7e685903ef7cb8ad,EXTRACT,lodash.js:3843,lodash.js:1405
24a34088d82b8f69ab6d20ad7e685903ef7cb8ad,EXTRACT,lodash.js:5762,lodash.js:1405
24a34088d82b8f69ab6d20ad7e685903ef7cb8ad,EXTRACT,lodash.js:3799,lodash.js:1405
24a34088d82b8f69ab6d20ad7e685903ef7cb8ad,EXTRACT,lodash.js:5708,lodash.js:1405
e13bf164ead7a251e13cf52049aa3f8bb0282ffc,INLINE,dist/lodash.underscore.js:3764,dist/lodash.underscore.js:2113
e13bf164ead7a251e13cf52049aa3f8bb0282ffc,INLINE,dist/lodash.underscore.js:1243,dist/lodash.underscore.js:2113
ca7adb59db16851de8b224ea0e3227818476f096,EXTRACT,dist/lodash.underscore.js:2166,dist/lodash.underscore.js:3750
ca7adb59db16851de8b224ea0e3227818476f096,EXTRACT,dist/lodash.underscore.js:2166,dist/lodash.underscore.js:1229
1d0f2e9d310f7afe4bed0002fdd2376237079732,EXTRACT,dist/lodash.js:5648,dist/lodash.js:1288
1d0f2e9d310f7afe4bed0002fdd2376237079732,EXTRACT_MOVE,dist/lodash.js:5648,dist/lodash.compat.js:1450
1d0f2e9d310f7afe4bed0002fdd2376237079732,EXTRACT,dist/lodash.js:6586,dist/lodash.js:1655
1d0f2e9d310f7afe4bed0002fdd2376237079732,EXTRACT_MOVE,dist/lodash.js:1283,dist/lodash.compat.js:1450
1d0f2e9d310f7afe4bed0002fdd2376237079732,EXTRACT,dist/lodash.js:1283,dist/lodash.js:1288
1d0f2e9d310f7afe4bed0002fdd2376237079732,EXTRACT,dist/lodash.compat.js:5973,dist/lodash.compat.js:1450
1d0f2e9d310f7afe4bed0002fdd2376237079732,EXTRACT_MOVE,dist/lodash.underscore.js:678,dist/lodash.compat.js:1450
1d0f2e9d310f7afe4bed0002fdd2376237079732,EXTRACT_MOVE,dist/lodash.compat.js:575,dist/lodash.compat.js:2187
1d0f2e9d310f7afe4bed0002fdd2376237079732,EXTRACT_MOVE,dist/lodash.underscore.js:4178,dist/lodash.js:6323
1d0f2e9d310f7afe4bed0002fdd2376237079732,EXTRACT_MOVE,dist/lodash.underscore.js:4284,dist/lodash.js:1655
1d0f2e9d310f7afe4bed0002fdd2376237079732,EXTRACT_MOVE,dist/lodash.underscore.js:655,dist/lodash.js:1264
1d0f2e9d310f7afe4bed0002fdd2376237079732,EXTRACT,dist/lodash.compat.js:5914,dist/lodash.compat.js:1450
1d0f2e9d310f7afe4bed0002fdd2376237079732,EXTRACT,dist/lodash.js:6408,dist/lodash.js:6323
1d0f2e9d310f7afe4bed0002fdd2376237079732,EXTRACT,dist/lodash.underscore.js:4178,dist/lodash.underscore.js:4239
1d0f2e9d310f7afe4bed0002fdd2376237079732,EXTRACT,dist/lodash.compat.js:1511,dist/lodash.compat.js:1450
1d0f2e9d310f7afe4bed0002fdd2376237079732,EXTRACT,dist/lodash.js:1260,dist/lodash.js:1264
1d0f2e9d310f7afe4bed0002fdd2376237079732,EXTRACT_MOVE,dist/lodash.underscore.js:655,dist/lodash.compat.js:1426
1d0f2e9d310f7afe4bed0002fdd2376237079732,EXTRACT_MOVE,dist/lodash.js:1260,dist/lodash.compat.js:1426
1d0f2e9d310f7afe4bed0002fdd2376237079732,EXTRACT_MOVE,dist/lodash.js:6586,dist/lodash.compat.js:1817
1d0f2e9d310f7afe4bed0002fdd2376237079732,EXTRACT,dist/lodash.compat.js:1488,dist/lodash.compat.js:1426
1d0f2e9d310f7afe4bed0002fdd2376237079732,EXTRACT,dist/lodash.underscore.js:4284,dist/lodash.underscore.js:919
1d0f2e9d310f7afe4bed0002fdd2376237079732,EXTRACT_MOVE,dist/lodash.js:5707,dist/lodash.compat.js:1450
1d0f2e9d310f7afe4bed0002fdd2376237079732,EXTRACT,dist/lodash.js:5707,dist/lodash.js:1288
1d0f2e9d310f7afe4bed0002fdd2376237079732,EXTRACT,dist/lodash.underscore.js:655,dist/lodash.underscore.js:658
1d0f2e9d310f7afe4bed0002fdd2376237079732,EXTRACT,dist/lodash.compat.js:6865,dist/lodash.compat.js:1817
1d0f2e9d310f7afe4bed0002fdd2376237079732,EXTRACT_MOVE,dist/lodash.underscore.js:4284,dist/lodash.compat.js:1817
1d0f2e9d310f7afe4bed0002fdd2376237079732,EXTRACT,dist/lodash.underscore.js:678,dist/lodash.underscore.js:682
1d0f2e9d310f7afe4bed0002fdd2376237079732,EXTRACT_MOVE,dist/lodash.underscore.js:678,dist/lodash.js:1288
c6a13f970f654bce9d00696bd56f68d53ccd6a3d,EXTRACT,lodash.js:6904,lodash.js:1816
c6a13f970f654bce9d00696bd56f68d53ccd6a3d,EXTRACT,lodash.js:5988,lodash.js:1449
c6a13f970f654bce9d00696bd56f68d53ccd6a3d,EXTRACT,lodash.js:1502,lodash.js:1425
c6a13f970f654bce9d00696bd56f68d53ccd6a3d,EXTRACT,lodash.js:5931,lodash.js:1449
c6a13f970f654bce9d00696bd56f68d53ccd6a3d,EXTRACT,lodash.js:1525,lodash.js:1449
c6de1ab56c12dac35e3a9c80d83f1805605fd740,EXTRACT,lodash.js:5943,lodash.js:6584
c6de1ab56c12dac35e3a9c80d83f1805605fd740,EXTRACT,lodash.js:6724,lodash.js:6584
6854fee73ecb335e3782ff687aac5d12fb8790c6,INLINE,dist/lodash.js:384,dist/lodash.js:4230
6854fee73ecb335e3782ff687aac5d12fb8790c6,INLINE,dist/lodash.js:384,lodash.js:4530
6854fee73ecb335e3782ff687aac5d12fb8790c6,INLINE,dist/lodash.compat.js:391,dist/lodash.js:4230
6854fee73ecb335e3782ff687aac5d12fb8790c6,INLINE,dist/lodash.compat.js:391,lodash.js:4530
6854fee73ecb335e3782ff687aac5d12fb8790c6,INLINE,dist/lodash.compat.js:391,dist/lodash.compat.js:4494
6854fee73ecb335e3782ff687aac5d12fb8790c6,INLINE,lodash.js:390,lodash.js:4530
131bd2c2cde24005ec7450b73c01614e059b91fa,RENAME,test/test.js:6048,test/test.js:6050
131bd2c2cde24005ec7450b73c01614e059b91fa,RENAME,test/test.js:1626,test/test.js:6021
131bd2c2cde24005ec7450b73c01614e059b91fa,RENAME,test/test.js:801,test/test.js:5989
131bd2c2cde24005ec7450b73c01614e059b91fa,RENAME,test/test.js:1521,test/test.js:6062
88d5f5d76c711dbf5c939ab3d00d2bb3919e1f9a,EXTRACT,vendor/backbone/backbone.js:1360,vendor/backbone/backbone.js:1358
88d5f5d76c711dbf5c939ab3d00d2bb3919e1f9a,EXTRACT,vendor/backbone/backbone.js:1232,vendor/backbone/backbone.js:1265
88d5f5d76c711dbf5c939ab3d00d2bb3919e1f9a,EXTRACT,vendor/backbone/backbone.js:662,vendor/backbone/backbone.js:923
fdbfe0f84b401d596c41b2c59c33d52ef97e36c6,RENAME,vendor/curl/dist/curl-kitchen-sink/curl.js:17,vendor/curl/dist/curl-kitchen-sink/curl.js:17
fdbfe0f84b401d596c41b2c59c33d52ef97e36c6,INLINE,vendor/curl/dist/curl-kitchen-sink/curl.js:28,vendor/curl/dist/curl-kitchen-sink/curl.js:43
fdbfe0f84b401d596c41b2c59c33d52ef97e36c6,INLINE,vendor/curl/dist/curl-kitchen-sink/curl.js:20,vendor/curl/dist/curl-kitchen-sink/curl.js:45
fdbfe0f84b401d596c41b2c59c33d52ef97e36c6,INLINE,vendor/curl/dist/curl-kitchen-sink/curl.js:4,vendor/curl/dist/curl-kitchen-sink/curl.js:25
fdbfe0f84b401d596c41b2c59c33d52ef97e36c6,RENAME,vendor/curl/dist/curl-kitchen-sink/curl.js:24,vendor/curl/dist/curl-kitchen-sink/curl.js:24
fdbfe0f84b401d596c41b2c59c33d52ef97e36c6,RENAME,vendor/curl/dist/curl-kitchen-sink/curl.js:24,vendor/curl/dist/curl-kitchen-sink/curl.js:24
fdbfe0f84b401d596c41b2c59c33d52ef97e36c6,INLINE,vendor/curl/dist/curl-kitchen-sink/curl.js:44,vendor/curl/dist/curl-kitchen-sink/curl.js:30
fdbfe0f84b401d596c41b2c59c33d52ef97e36c6,RENAME,vendor/curl/dist/curl-kitchen-sink/curl.js:30,vendor/curl/dist/curl-kitchen-sink/curl.js:30
fdbfe0f84b401d596c41b2c59c33d52ef97e36c6,INLINE,vendor/curl/dist/curl-kitchen-sink/curl.js:21,vendor/curl/dist/curl-kitchen-sink/curl.js:10
fdbfe0f84b401d596c41b2c59c33d52ef97e36c6,INLINE,vendor/curl/dist/curl-kitchen-sink/curl.js:4,vendor/curl/dist/curl-kitchen-sink/curl.js:45
fdbfe0f84b401d596c41b2c59c33d52ef97e36c6,INLINE,vendor/curl/dist/curl-kitchen-sink/curl.js:4,vendor/curl/dist/curl-kitchen-sink/curl.js:4
fdbfe0f84b401d596c41b2c59c33d52ef97e36c6,RENAME,vendor/curl/dist/curl-kitchen-sink/curl.js:37,vendor/curl/dist/curl-kitchen-sink/curl.js:38
fdbfe0f84b401d596c41b2c59c33d52ef97e36c6,RENAME,vendor/curl/dist/curl-kitchen-sink/curl.js:29,vendor/curl/dist/curl-kitchen-sink/curl.js:29
fdbfe0f84b401d596c41b2c59c33d52ef97e36c6,EXTRACT_MOVE,vendor/curl/dist/curl-kitchen-sink/curl.js:29,vendor/curl/dist/curl-kitchen-sink/curl.js:4
fdbfe0f84b401d596c41b2c59c33d52ef97e36c6,EXTRACT_MOVE,vendor/curl/dist/curl-kitchen-sink/curl.js:25,vendor/curl/dist/curl-kitchen-sink/curl.js:4
fdbfe0f84b401d596c41b2c59c33d52ef97e36c6,RENAME,vendor/curl/dist/curl-kitchen-sink/curl.js:33,vendor/curl/dist/curl-kitchen-sink/curl.js:33
fdbfe0f84b401d596c41b2c59c33d52ef97e36c6,RENAME,vendor/curl/dist/curl-kitchen-sink/curl.js:40,vendor/curl/dist/curl-kitchen-sink/curl.js:41
fdbfe0f84b401d596c41b2c59c33d52ef97e36c6,INLINE,vendor/curl/dist/curl-kitchen-sink/curl.js:15,vendor/curl/dist/curl-kitchen-sink/curl.js:38
fdbfe0f84b401d596c41b2c59c33d52ef97e36c6,EXTRACT,vendor/curl/dist/curl-kitchen-sink/curl.js:46,vendor/curl/dist/curl-kitchen-sink/curl.js:28
fdbfe0f84b401d596c41b2c59c33d52ef97e36c6,RENAME,vendor/curl/dist/curl-kitchen-sink/curl.js:42,vendor/curl/dist/curl-kitchen-sink/curl.js:43
fdbfe0f84b401d596c41b2c59c33d52ef97e36c6,EXTRACT_MOVE,vendor/curl/dist/curl-kitchen-sink/curl.js:15,vendor/curl/dist/curl-kitchen-sink/curl.js:15
fdbfe0f84b401d596c41b2c59c33d52ef97e36c6,RENAME,vendor/curl/dist/curl-kitchen-sink/curl.js:37,vendor/curl/dist/curl-kitchen-sink/curl.js:38
fdbfe0f84b401d596c41b2c59c33d52ef97e36c6,INLINE,vendor/curl/dist/curl-kitchen-sink/curl.js:10,vendor/curl/dist/curl-kitchen-sink/curl.js:10
fdbfe0f84b401d596c41b2c59c33d52ef97e36c6,RENAME,vendor/curl/dist/curl-kitchen-sink/curl.js:30,vendor/curl/dist/curl-kitchen-sink/curl.js:30
fad43842a4b795f35ba36b0efa94be2deb5b5ad1,RENAME,dist/lodash.compat.js:7048,dist/lodash.compat.js:7048
fad43842a4b795f35ba36b0efa94be2deb5b5ad1,RENAME,dist/lodash.js:6769,dist/lodash.js:6769
4b448a877cedec4e1029fdeb30542389dc87775a,EXTRACT,vendor/underscore/underscore-min.js:5,vendor/underscore/underscore-min.js:5
4b448a877cedec4e1029fdeb30542389dc87775a,RENAME,dist/lodash.underscore.js:4716,dist/lodash.underscore.js:4755
4b448a877cedec4e1029fdeb30542389dc87775a,EXTRACT,vendor/underscore/underscore.js:311,vendor/underscore/underscore.js:1098
4b448a877cedec4e1029fdeb30542389dc87775a,EXTRACT,vendor/underscore/underscore.js:240,vendor/underscore/underscore.js:1105
f090af229251a78bcb1dfa58655fd88442210c98,RENAME,lodash.js:7065,lodash.js:7065
ba8684dfc7b757082e4a313e8b88b2e7f886c029,EXTRACT,dist/lodash.compat.js:3687,dist/lodash.compat.js:1384
da1aad7b928015a5734f39778ca98df82a886501,EXTRACT,lodash.js:3703,lodash.js:1398
677fb934943219d0970f65cd088be1414fcb65f5,EXTRACT_MOVE,lodash.js:5534,dist/lodash.js:1188
677fb934943219d0970f65cd088be1414fcb65f5,EXTRACT,dist/lodash.js:5210,dist/lodash.js:1188
677fb934943219d0970f65cd088be1414fcb65f5,EXTRACT_MOVE,lodash.js:5534,dist/lodash.compat.js:1413
677fb934943219d0970f65cd088be1414fcb65f5,RENAME,dist/lodash.underscore.js:3726,dist/lodash.underscore.js:983
677fb934943219d0970f65cd088be1414fcb65f5,RENAME,dist/lodash.underscore.js:3759,dist/lodash.underscore.js:656
677fb934943219d0970f65cd088be1414fcb65f5,EXTRACT,dist/lodash.js:5131,dist/lodash.js:1726
677fb934943219d0970f65cd088be1414fcb65f5,EXTRACT_MOVE,dist/lodash.js:5210,dist/lodash.compat.js:1413
677fb934943219d0970f65cd088be1414fcb65f5,EXTRACT,lodash.js:5534,lodash.js:1427
677fb934943219d0970f65cd088be1414fcb65f5,EXTRACT,dist/lodash.compat.js:5516,dist/lodash.compat.js:1413
8ade41b2704442ff68649c2b7d5db4358e952fcd,RENAME,vendor/curl/dist/curl-kitchen-sink/curl.js:33,vendor/curl/dist/curl-kitchen-sink/curl.js:33
8ade41b2704442ff68649c2b7d5db4358e952fcd,RENAME,vendor/curl/dist/curl-kitchen-sink/curl.js:29,vendor/curl/dist/curl-kitchen-sink/curl.js:29
8ade41b2704442ff68649c2b7d5db4358e952fcd,RENAME,vendor/curl/dist/curl-kitchen-sink/curl.js:42,vendor/curl/dist/curl-kitchen-sink/curl.js:42
8ade41b2704442ff68649c2b7d5db4358e952fcd,RENAME,vendor/curl/dist/curl-kitchen-sink/curl.js:18,vendor/curl/dist/curl-kitchen-sink/curl.js:18
8ade41b2704442ff68649c2b7d5db4358e952fcd,RENAME,vendor/curl/dist/curl-kitchen-sink/curl.js:37,vendor/curl/dist/curl-kitchen-sink/curl.js:37
8ade41b2704442ff68649c2b7d5db4358e952fcd,RENAME,vendor/curl/dist/curl-kitchen-sink/curl.js:13,vendor/curl/dist/curl-kitchen-sink/curl.js:13
8ade41b2704442ff68649c2b7d5db4358e952fcd,RENAME,vendor/curl/dist/curl-kitchen-sink/curl.js:40,vendor/curl/dist/curl-kitchen-sink/curl.js:40
8ade41b2704442ff68649c2b7d5db4358e952fcd,INLINE,vendor/curl/dist/curl-kitchen-sink/curl.js:44,vendor/curl/dist/curl-kitchen-sink/curl.js:15
8ade41b2704442ff68649c2b7d5db4358e952fcd,RENAME,vendor/curl/dist/curl-kitchen-sink/curl.js:24,vendor/curl/dist/curl-kitchen-sink/curl.js:24
8ade41b2704442ff68649c2b7d5db4358e952fcd,RENAME,vendor/curl/dist/curl-kitchen-sink/curl.js:37,vendor/curl/dist/curl-kitchen-sink/curl.js:37
8ade41b2704442ff68649c2b7d5db4358e952fcd,RENAME,vendor/curl/dist/curl-kitchen-sink/curl.js:25,vendor/curl/dist/curl-kitchen-sink/curl.js:25
8ade41b2704442ff68649c2b7d5db4358e952fcd,RENAME,vendor/curl/dist/curl-kitchen-sink/curl.js:8,vendor/curl/dist/curl-kitchen-sink/curl.js:8
8ade41b2704442ff68649c2b7d5db4358e952fcd,RENAME,vendor/curl/dist/curl-kitchen-sink/curl.js:37,vendor/curl/dist/curl-kitchen-sink/curl.js:37
8ade41b2704442ff68649c2b7d5db4358e952fcd,RENAME,vendor/curl/dist/curl-kitchen-sink/curl.js:44,vendor/curl/dist/curl-kitchen-sink/curl.js:44
8ade41b2704442ff68649c2b7d5db4358e952fcd,RENAME,vendor/curl/dist/curl-kitchen-sink/curl.js:33,vendor/curl/dist/curl-kitchen-sink/curl.js:33
8ade41b2704442ff68649c2b7d5db4358e952fcd,RENAME,vendor/curl/dist/curl-kitchen-sink/curl.js:30,vendor/curl/dist/curl-kitchen-sink/curl.js:30
8ade41b2704442ff68649c2b7d5db4358e952fcd,RENAME,vendor/curl/dist/curl-kitchen-sink/curl.js:11,vendor/curl/dist/curl-kitchen-sink/curl.js:11
cb22fb54e8b414d4d324cb0d9e4d3fbf4340a2c4,EXTRACT_MOVE,dist/lodash.js:529,dist/lodash.compat.js:535
cb22fb54e8b414d4d324cb0d9e4d3fbf4340a2c4,EXTRACT,dist/lodash.js:529,dist/lodash.js:554
cb22fb54e8b414d4d324cb0d9e4d3fbf4340a2c4,EXTRACT_MOVE,lodash.js:551,dist/lodash.compat.js:577
cb22fb54e8b414d4d324cb0d9e4d3fbf4340a2c4,EXTRACT,dist/lodash.compat.js:552,dist/lodash.compat.js:535
cb22fb54e8b414d4d324cb0d9e4d3fbf4340a2c4,EXTRACT_MOVE,lodash.js:551,dist/lodash.js:512
cb22fb54e8b414d4d324cb0d9e4d3fbf4340a2c4,EXTRACT,dist/lodash.js:529,dist/lodash.js:512
cb22fb54e8b414d4d324cb0d9e4d3fbf4340a2c4,EXTRACT,lodash.js:551,lodash.js:555
cb22fb54e8b414d4d324cb0d9e4d3fbf4340a2c4,EXTRACT_MOVE,lodash.js:551,dist/lodash.js:533
cb22fb54e8b414d4d324cb0d9e4d3fbf4340a2c4,EXTRACT_MOVE,lodash.js:551,dist/lodash.compat.js:535
cb22fb54e8b414d4d324cb0d9e4d3fbf4340a2c4,EXTRACT,dist/lodash.compat.js:552,dist/lodash.compat.js:556
cb22fb54e8b414d4d324cb0d9e4d3fbf4340a2c4,EXTRACT,dist/lodash.compat.js:552,dist/lodash.compat.js:577
cb22fb54e8b414d4d324cb0d9e4d3fbf4340a2c4,EXTRACT,lodash.js:551,lodash.js:534
cb22fb54e8b414d4d324cb0d9e4d3fbf4340a2c4,EXTRACT_MOVE,lodash.js:551,dist/lodash.compat.js:556
cb22fb54e8b414d4d324cb0d9e4d3fbf4340a2c4,EXTRACT_MOVE,dist/lodash.js:529,dist/lodash.compat.js:556
cb22fb54e8b414d4d324cb0d9e4d3fbf4340a2c4,EXTRACT,lodash.js:551,lodash.js:576
cb22fb54e8b414d4d324cb0d9e4d3fbf4340a2c4,EXTRACT,dist/lodash.js:529,dist/lodash.js:533
cb22fb54e8b414d4d324cb0d9e4d3fbf4340a2c4,EXTRACT_MOVE,dist/lodash.js:529,dist/lodash.compat.js:577
cb22fb54e8b414d4d324cb0d9e4d3fbf4340a2c4,EXTRACT_MOVE,lodash.js:551,dist/lodash.js:554
6e5846d20602f6324ae7d0195316050ec3bc6bb2,RENAME,lodash.js:452,lodash.js:529
6e5846d20602f6324ae7d0195316050ec3bc6bb2,RENAME,dist/lodash.compat.js:453,dist/lodash.compat.js:530
6e5846d20602f6324ae7d0195316050ec3bc6bb2,RENAME,dist/lodash.js:430,dist/lodash.js:507
95be8b2cf3f884d58a71db8b367b5486fa9f274c,EXTRACT,dist/lodash.compat.js:298,dist/lodash.compat.js:210
95be8b2cf3f884d58a71db8b367b5486fa9f274c,EXTRACT_MOVE,dist/lodash.underscore.js:147,dist/lodash.js:200
95be8b2cf3f884d58a71db8b367b5486fa9f274c,EXTRACT,lodash.js:297,lodash.js:209
95be8b2cf3f884d58a71db8b367b5486fa9f274c,EXTRACT,dist/lodash.underscore.js:147,dist/lodash.underscore.js:125
95be8b2cf3f884d58a71db8b367b5486fa9f274c,EXTRACT_MOVE,dist/lodash.underscore.js:147,dist/lodash.compat.js:210
95be8b2cf3f884d58a71db8b367b5486fa9f274c,EXTRACT_MOVE,lodash.js:297,dist/lodash.js:200
95be8b2cf3f884d58a71db8b367b5486fa9f274c,EXTRACT_MOVE,lodash.js:297,dist/lodash.compat.js:210
95be8b2cf3f884d58a71db8b367b5486fa9f274c,EXTRACT_MOVE,dist/lodash.js:288,dist/lodash.compat.js:210
95be8b2cf3f884d58a71db8b367b5486fa9f274c,EXTRACT_MOVE,lodash.js:297,dist/lodash.underscore.js:125
95be8b2cf3f884d58a71db8b367b5486fa9f274c,EXTRACT,dist/lodash.js:288,dist/lodash.js:200
990e73fce6d5628127995250a8f8d8401ffb0434,EXTRACT_MOVE,dist/lodash.js:5885,dist/lodash.compat.js:6276
990e73fce6d5628127995250a8f8d8401ffb0434,EXTRACT_MOVE,lodash.js:6220,dist/lodash.underscore.js:4327
990e73fce6d5628127995250a8f8d8401ffb0434,EXTRACT,dist/lodash.underscore.js:4254,dist/lodash.underscore.js:4327
990e73fce6d5628127995250a8f8d8401ffb0434,EXTRACT,lodash.js:6220,lodash.js:6293
990e73fce6d5628127995250a8f8d8401ffb0434,EXTRACT_MOVE,lodash.js:6220,dist/lodash.compat.js:6276
990e73fce6d5628127995250a8f8d8401ffb0434,EXTRACT,dist/lodash.js:5885,dist/lodash.js:5958
990e73fce6d5628127995250a8f8d8401ffb0434,EXTRACT,dist/lodash.compat.js:6203,dist/lodash.compat.js:6276
990e73fce6d5628127995250a8f8d8401ffb0434,EXTRACT_MOVE,lodash.js:6220,dist/lodash.js:5958
b7f7ba06b9c4cee6e284c9ea966ed526db07af26,MOVE_RENAME,vendor/qunit-clib/qunit-clib.js:1,vendor/qunit-extras/qunit-extras.js:1
b7f7ba06b9c4cee6e284c9ea966ed526db07af26,MOVE,test/asset/qunit-extras.js:77,vendor/qunit-extras/qunit-extras.js:98
b7f7ba06b9c4cee6e284c9ea966ed526db07af26,MOVE,test/asset/qunit-extras.js:44,vendor/qunit-extras/qunit-extras.js:53
b7f7ba06b9c4cee6e284c9ea966ed526db07af26,MOVE,test/asset/qunit-extras.js:132,vendor/qunit-extras/qunit-extras.js:313
b7f7ba06b9c4cee6e284c9ea966ed526db07af26,MOVE,test/asset/qunit-extras.js:88,vendor/qunit-extras/qunit-extras.js:109
b7f7ba06b9c4cee6e284c9ea966ed526db07af26,MOVE,test/asset/qunit-extras.js:65,vendor/qunit-extras/qunit-extras.js:86
b7f7ba06b9c4cee6e284c9ea966ed526db07af26,MOVE,test/asset/qunit-extras.js:165,vendor/qunit-extras/qunit-extras.js:346
b7f7ba06b9c4cee6e284c9ea966ed526db07af26,MOVE,test/asset/qunit-extras.js:160,vendor/qunit-extras/qunit-extras.js:341
2afbe9514b866f6c6f1b6636c97996781917f8e4,EXTRACT_MOVE,dist/lodash.compat.js:470,dist/lodash.compat.js:1806
2afbe9514b866f6c6f1b6636c97996781917f8e4,EXTRACT_MOVE,dist/lodash.js:432,dist/lodash.compat.js:1806
2afbe9514b866f6c6f1b6636c97996781917f8e4,EXTRACT_MOVE,dist/lodash.js:432,dist/lodash.js:1482
4590be7b657870b15ad8e6ff1803bacf3b6ef286,EXTRACT_MOVE,lodash.js:469,lodash.js:1823
a691a519e8f0df68afdea69cb1689aae45b51727,RENAME,test/test.js:5172,test/test.js:5165
fe2ee64ec9e0ba4af22e87fe2d4f75bc23b36a84,EXTRACT_MOVE,lodash.js:5574,dist/lodash.underscore.js:4118
fe2ee64ec9e0ba4af22e87fe2d4f75bc23b36a84,EXTRACT_MOVE,dist/lodash.underscore.js:3788,dist/lodash.compat.js:5988
fe2ee64ec9e0ba4af22e87fe2d4f75bc23b36a84,EXTRACT_MOVE,lodash.js:5574,dist/lodash.compat.js:5988
fe2ee64ec9e0ba4af22e87fe2d4f75bc23b36a84,EXTRACT,lodash.js:5574,lodash.js:6006
fe2ee64ec9e0ba4af22e87fe2d4f75bc23b36a84,EXTRACT_MOVE,dist/lodash.js:5217,dist/lodash.compat.js:5988
fe2ee64ec9e0ba4af22e87fe2d4f75bc23b36a84,EXTRACT,dist/lodash.js:5217,dist/lodash.js:5638
fe2ee64ec9e0ba4af22e87fe2d4f75bc23b36a84,EXTRACT,dist/lodash.compat.js:5556,dist/lodash.compat.js:5988
fe2ee64ec9e0ba4af22e87fe2d4f75bc23b36a84,EXTRACT_MOVE,lodash.js:5574,dist/lodash.js:5638
fe2ee64ec9e0ba4af22e87fe2d4f75bc23b36a84,EXTRACT_MOVE,dist/lodash.underscore.js:3788,dist/lodash.js:5638
fe2ee64ec9e0ba4af22e87fe2d4f75bc23b36a84,EXTRACT,dist/lodash.underscore.js:3788,dist/lodash.underscore.js:4118
fc3ff34c2dfa0d148c83c7825cd054fc7b920162,EXTRACT,dist/lodash.compat.js:4366,dist/lodash.compat.js:1244
5faa0f55bc3f33ff3aa2fff1d9601364602e9a75,EXTRACT_MOVE,lodash.js:4384,dist/lodash.js:968
5faa0f55bc3f33ff3aa2fff1d9601364602e9a75,EXTRACT,dist/lodash.js:4027,dist/lodash.js:968
5faa0f55bc3f33ff3aa2fff1d9601364602e9a75,EXTRACT_MOVE,lodash.js:4384,dist/lodash.underscore.js:625
5faa0f55bc3f33ff3aa2fff1d9601364602e9a75,EXTRACT,dist/lodash.underscore.js:2873,dist/lodash.underscore.js:625
5faa0f55bc3f33ff3aa2fff1d9601364602e9a75,EXTRACT,lodash.js:4384,lodash.js:1261
852b324819ce3d965ced9928cd349ea8fcd00187,RENAME,dist/lodash.compat.js:1576,dist/lodash.compat.js:1632
852b324819ce3d965ced9928cd349ea8fcd00187,EXTRACT,dist/lodash.compat.js:1576,dist/lodash.compat.js:1198
852b324819ce3d965ced9928cd349ea8fcd00187,RENAME,lodash.js:1593,lodash.js:1651
852b324819ce3d965ced9928cd349ea8fcd00187,EXTRACT_MOVE,dist/lodash.js:1300,dist/lodash.compat.js:1198
852b324819ce3d965ced9928cd349ea8fcd00187,RENAME,dist/lodash.underscore.js:731,dist/lodash.underscore.js:494
852b324819ce3d965ced9928cd349ea8fcd00187,EXTRACT,dist/lodash.js:1300,dist/lodash.js:922
852b324819ce3d965ced9928cd349ea8fcd00187,RENAME,dist/lodash.js:1300,dist/lodash.js:1356
0b3a7e2f0ff81962afaff39917cbee9e5d9193e6,MOVE,saucelabs.js:1,test/saucelabs.js:1
4a2bbb52c185023688190a1d9ab6205a71449351,EXTRACT,dist/lodash.js:1715,dist/lodash.js:812
4a2bbb52c185023688190a1d9ab6205a71449351,RENAME,lodash.js:2112,lodash.js:1109
4a2bbb52c185023688190a1d9ab6205a71449351,EXTRACT_MOVE,lodash.js:2106,dist/lodash.underscore.js:383
4a2bbb52c185023688190a1d9ab6205a71449351,EXTRACT_MOVE,lodash.js:2106,dist/lodash.compat.js:1088
4a2bbb52c185023688190a1d9ab6205a71449351,EXTRACT_MOVE,dist/lodash.js:1715,dist/lodash.compat.js:1088
4a2bbb52c185023688190a1d9ab6205a71449351,RENAME,dist/lodash.underscore.js:1013,dist/lodash.underscore.js:388
4a2bbb52c185023688190a1d9ab6205a71449351,RENAME,dist/lodash.compat.js:2095,dist/lodash.compat.js:1093
4a2bbb52c185023688190a1d9ab6205a71449351,EXTRACT_MOVE,lodash.js:2106,dist/lodash.js:812
4a2bbb52c185023688190a1d9ab6205a71449351,EXTRACT,dist/lodash.compat.js:2089,dist/lodash.compat.js:1088
4a2bbb52c185023688190a1d9ab6205a71449351,EXTRACT,lodash.js:2106,lodash.js:1104
4a2bbb52c185023688190a1d9ab6205a71449351,RENAME,dist/lodash.js:1721,dist/lodash.js:817
de8e6d717443f97bf72d6d404c7e69f2bb3ff3a7,RENAME,dist/lodash.compat.js:1675,dist/lodash.compat.js:2086
de8e6d717443f97bf72d6d404c7e69f2bb3ff3a7,RENAME,dist/lodash.underscore.js:738,dist/lodash.underscore.js:1004
de8e6d717443f97bf72d6d404c7e69f2bb3ff3a7,RENAME,lodash.js:1692,lodash.js:2103
de8e6d717443f97bf72d6d404c7e69f2bb3ff3a7,RENAME,dist/lodash.js:1356,dist/lodash.js:1717
de8e6d717443f97bf72d6d404c7e69f2bb3ff3a7,RENAME,dist/lodash.js:1351,dist/lodash.js:1712
de8e6d717443f97bf72d6d404c7e69f2bb3ff3a7,RENAME,lodash.js:1697,lodash.js:2108
de8e6d717443f97bf72d6d404c7e69f2bb3ff3a7,RENAME,dist/lodash.underscore.js:743,dist/lodash.underscore.js:1009
de8e6d717443f97bf72d6d404c7e69f2bb3ff3a7,RENAME,dist/lodash.compat.js:1680,dist/lodash.compat.js:2091
0b4fe85b33bf99752d81ca2bc3ea92b528e494d2,INLINE,vendor/curl/dist/curl-kitchen-sink/curl.js:32,vendor/curl/dist/curl-kitchen-sink/curl.js:32
0b4fe85b33bf99752d81ca2bc3ea92b528e494d2,EXTRACT_MOVE,vendor/curl/dist/curl-kitchen-sink/curl.js:29,vendor/curl/dist/curl-kitchen-sink/curl.js:4
0b4fe85b33bf99752d81ca2bc3ea92b528e494d2,EXTRACT_MOVE,vendor/curl/dist/curl-kitchen-sink/curl.js:25,vendor/curl/dist/curl-kitchen-sink/curl.js:17
0b4fe85b33bf99752d81ca2bc3ea92b528e494d2,RENAME,vendor/curl/dist/curl-kitchen-sink/curl.js:22,vendor/curl/dist/curl-kitchen-sink/curl.js:22
0b4fe85b33bf99752d81ca2bc3ea92b528e494d2,RENAME,vendor/curl/dist/curl-kitchen-sink/curl.js:42,vendor/curl/dist/curl-kitchen-sink/curl.js:42
0b4fe85b33bf99752d81ca2bc3ea92b528e494d2,INLINE,vendor/curl/dist/curl-kitchen-sink/curl.js:15,vendor/curl/dist/curl-kitchen-sink/curl.js:16
0b4fe85b33bf99752d81ca2bc3ea92b528e494d2,RENAME,vendor/curl/dist/curl-kitchen-sink/curl.js:24,vendor/curl/dist/curl-kitchen-sink/curl.js:24
0b4fe85b33bf99752d81ca2bc3ea92b528e494d2,RENAME,vendor/curl/dist/curl-kitchen-sink/curl.js:44,vendor/curl/dist/curl-kitchen-sink/curl.js:44
0b4fe85b33bf99752d81ca2bc3ea92b528e494d2,INLINE,vendor/curl/dist/curl-kitchen-sink/curl.js:24,vendor/curl/dist/curl-kitchen-sink/curl.js:16
0b4fe85b33bf99752d81ca2bc3ea92b528e494d2,EXTRACT,vendor/curl/dist/curl-kitchen-sink/curl.js:5,vendor/curl/dist/curl-kitchen-sink/curl.js:20
0b4fe85b33bf99752d81ca2bc3ea92b528e494d2,RENAME,vendor/curl/dist/curl-kitchen-sink/curl.js:24,vendor/curl/dist/curl-kitchen-sink/curl.js:24
0b4fe85b33bf99752d81ca2bc3ea92b528e494d2,EXTRACT_MOVE,vendor/curl/dist/curl-kitchen-sink/curl.js:14,vendor/curl/dist/curl-kitchen-sink/curl.js:4
0b4fe85b33bf99752d81ca2bc3ea92b528e494d2,RENAME,vendor/curl/dist/curl-kitchen-sink/curl.js:37,vendor/curl/dist/curl-kitchen-sink/curl.js:37
0b4fe85b33bf99752d81ca2bc3ea92b528e494d2,INLINE,vendor/curl/dist/curl-kitchen-sink/curl.js:10,vendor/curl/dist/curl-kitchen-sink/curl.js:16
0b4fe85b33bf99752d81ca2bc3ea92b528e494d2,INLINE,vendor/curl/dist/curl-kitchen-sink/curl.js:4,vendor/curl/dist/curl-kitchen-sink/curl.js:16
0b4fe85b33bf99752d81ca2bc3ea92b528e494d2,RENAME,vendor/curl/dist/curl-kitchen-sink/curl.js:33,vendor/curl/dist/curl-kitchen-sink/curl.js:33
0b4fe85b33bf99752d81ca2bc3ea92b528e494d2,EXTRACT,vendor/curl/dist/curl-kitchen-sink/curl.js:11,vendor/curl/dist/curl-kitchen-sink/curl.js:36
0b4fe85b33bf99752d81ca2bc3ea92b528e494d2,EXTRACT_MOVE,vendor/curl/dist/curl-kitchen-sink/curl.js:25,vendor/curl/dist/curl-kitchen-sink/curl.js:4
0b4fe85b33bf99752d81ca2bc3ea92b528e494d2,RENAME,vendor/curl/dist/curl-kitchen-sink/curl.js:38,vendor/curl/dist/curl-kitchen-sink/curl.js:38
0b4fe85b33bf99752d81ca2bc3ea92b528e494d2,RENAME,vendor/curl/dist/curl-kitchen-sink/curl.js:32,vendor/curl/dist/curl-kitchen-sink/curl.js:32
0b4fe85b33bf99752d81ca2bc3ea92b528e494d2,EXTRACT_MOVE,vendor/curl/dist/curl-kitchen-sink/curl.js:18,vendor/curl/dist/curl-kitchen-sink/curl.js:15
0b4fe85b33bf99752d81ca2bc3ea92b528e494d2,INLINE,vendor/curl/dist/curl-kitchen-sink/curl.js:46,vendor/curl/dist/curl-kitchen-sink/curl.js:46
0b4fe85b33bf99752d81ca2bc3ea92b528e494d2,INLINE,vendor/curl/dist/curl-kitchen-sink/curl.js:3,vendor/curl/dist/curl-kitchen-sink/curl.js:16
b30a94860111f7b01946531c67f8b5944fe87795,EXTRACT_MOVE,lodash.js:6076,dist/lodash.underscore.js:569
b30a94860111f7b01946531c67f8b5944fe87795,EXTRACT,dist/lodash.js:5650,dist/lodash.js:1143
b30a94860111f7b01946531c67f8b5944fe87795,EXTRACT_MOVE,dist/lodash.js:5650,dist/lodash.compat.js:1419
b30a94860111f7b01946531c67f8b5944fe87795,EXTRACT,dist/lodash.compat.js:5989,dist/lodash.compat.js:1419
b30a94860111f7b01946531c67f8b5944fe87795,EXTRACT,lodash.js:6076,lodash.js:1435
b30a94860111f7b01946531c67f8b5944fe87795,EXTRACT_MOVE,lodash.js:6076,dist/lodash.js:1143
b30a94860111f7b01946531c67f8b5944fe87795,EXTRACT_MOVE,lodash.js:6076,dist/lodash.compat.js:1419
61f1290beac13c3b799f7deb3b472a946b658f57,RENAME,vendor/curl/dist/curl-kitchen-sink/curl.js:27,vendor/curl/dist/curl-kitchen-sink/curl.js:27
61f1290beac13c3b799f7deb3b472a946b658f57,RENAME,vendor/curl/dist/curl-kitchen-sink/curl.js:30,vendor/curl/dist/curl-kitchen-sink/curl.js:30
61f1290beac13c3b799f7deb3b472a946b658f57,RENAME,vendor/curl/dist/curl-kitchen-sink/curl.js:37,vendor/curl/dist/curl-kitchen-sink/curl.js:37
61f1290beac13c3b799f7deb3b472a946b658f57,RENAME,vendor/curl/dist/curl-kitchen-sink/curl.js:42,vendor/curl/dist/curl-kitchen-sink/curl.js:42
61f1290beac13c3b799f7deb3b472a946b658f57,RENAME,vendor/curl/dist/curl-kitchen-sink/curl.js:31,vendor/curl/dist/curl-kitchen-sink/curl.js:31
61f1290beac13c3b799f7deb3b472a946b658f57,RENAME,vendor/curl/dist/curl-kitchen-sink/curl.js:27,vendor/curl/dist/curl-kitchen-sink/curl.js:27
61f1290beac13c3b799f7deb3b472a946b658f57,RENAME,vendor/curl/dist/curl-kitchen-sink/curl.js:44,vendor/curl/dist/curl-kitchen-sink/curl.js:44
61f1290beac13c3b799f7deb3b472a946b658f57,RENAME,vendor/curl/dist/curl-kitchen-sink/curl.js:27,vendor/curl/dist/curl-kitchen-sink/curl.js:27
61f1290beac13c3b799f7deb3b472a946b658f57,RENAME,vendor/curl/dist/curl-kitchen-sink/curl.js:42,vendor/curl/dist/curl-kitchen-sink/curl.js:42
61f1290beac13c3b799f7deb3b472a946b658f57,RENAME,vendor/curl/dist/curl-kitchen-sink/curl.js:37,vendor/curl/dist/curl-kitchen-sink/curl.js:37
61f1290beac13c3b799f7deb3b472a946b658f57,RENAME,vendor/curl/dist/curl-kitchen-sink/curl.js:11,vendor/curl/dist/curl-kitchen-sink/curl.js:11
61f1290beac13c3b799f7deb3b472a946b658f57,RENAME,vendor/curl/dist/curl-kitchen-sink/curl.js:32,vendor/curl/dist/curl-kitchen-sink/curl.js:32
61f1290beac13c3b799f7deb3b472a946b658f57,RENAME,vendor/curl/dist/curl-kitchen-sink/curl.js:27,vendor/curl/dist/curl-kitchen-sink/curl.js:27
61f1290beac13c3b799f7deb3b472a946b658f57,RENAME,vendor/curl/dist/curl-kitchen-sink/curl.js:17,vendor/curl/dist/curl-kitchen-sink/curl.js:17
61f1290beac13c3b799f7deb3b472a946b658f57,RENAME,vendor/curl/dist/curl-kitchen-sink/curl.js:3,vendor/curl/dist/curl-kitchen-sink/curl.js:3
61f1290beac13c3b799f7deb3b472a946b658f57,RENAME,vendor/curl/dist/curl-kitchen-sink/curl.js:22,vendor/curl/dist/curl-kitchen-sink/curl.js:22
61f1290beac13c3b799f7deb3b472a946b658f57,RENAME,vendor/curl/dist/curl-kitchen-sink/curl.js:20,vendor/curl/dist/curl-kitchen-sink/curl.js:20
61f1290beac13c3b799f7deb3b472a946b658f57,RENAME,vendor/curl/dist/curl-kitchen-sink/curl.js:3,vendor/curl/dist/curl-kitchen-sink/curl.js:3
61f1290beac13c3b799f7deb3b472a946b658f57,RENAME,vendor/curl/dist/curl-kitchen-sink/curl.js:24,vendor/curl/dist/curl-kitchen-sink/curl.js:24
02e5cc1da8e2573e5003e707f75f3c8cf3f9942d,MOVE,test/test-ui.js:1,test/asset/test-ui.js:1
02e5cc1da8e2573e5003e707f75f3c8cf3f9942d,MOVE,test/worker.js:1,test/asset/worker.js:1
02e5cc1da8e2573e5003e707f75f3c8cf3f9942d,MOVE,perf/perf-ui.js:1,perf/asset/perf-ui.js:1
c8a4e40bcffd2b6dcaa695604f82346eeaed21ce,EXTRACT,vendor/curl/dist/curl-kitchen-sink/curl.js:44,vendor/curl/dist/curl-kitchen-sink/curl.js:42
c8a4e40bcffd2b6dcaa695604f82346eeaed21ce,INLINE,vendor/curl/dist/curl-kitchen-sink/curl.js:20,vendor/curl/dist/curl-kitchen-sink/curl.js:20
c8a4e40bcffd2b6dcaa695604f82346eeaed21ce,RENAME,vendor/curl/dist/curl-kitchen-sink/curl.js:33,vendor/curl/dist/curl-kitchen-sink/curl.js:33
c8a4e40bcffd2b6dcaa695604f82346eeaed21ce,RENAME,vendor/curl/dist/curl-kitchen-sink/curl.js:31,vendor/curl/dist/curl-kitchen-sink/curl.js:31
c8a4e40bcffd2b6dcaa695604f82346eeaed21ce,RENAME,vendor/curl/dist/curl-kitchen-sink/curl.js:40,vendor/curl/dist/curl-kitchen-sink/curl.js:40
c8a4e40bcffd2b6dcaa695604f82346eeaed21ce,EXTRACT_MOVE,vendor/curl/dist/curl-kitchen-sink/curl.js:42,vendor/curl/dist/curl-kitchen-sink/curl.js:44
c8a4e40bcffd2b6dcaa695604f82346eeaed21ce,RENAME,vendor/curl/dist/curl-kitchen-sink/curl.js:29,vendor/curl/dist/curl-kitchen-sink/curl.js:29
c8a4e40bcffd2b6dcaa695604f82346eeaed21ce,RENAME,vendor/curl/dist/curl-kitchen-sink/curl.js:37,vendor/curl/dist/curl-kitchen-sink/curl.js:37
c8a4e40bcffd2b6dcaa695604f82346eeaed21ce,INLINE,vendor/curl/dist/curl-kitchen-sink/curl.js:37,vendor/curl/dist/curl-kitchen-sink/curl.js:37
c8a4e40bcffd2b6dcaa695604f82346eeaed21ce,RENAME,vendor/curl/dist/curl-kitchen-sink/curl.js:32,vendor/curl/dist/curl-kitchen-sink/curl.js:32
c8a4e40bcffd2b6dcaa695604f82346eeaed21ce,RENAME,vendor/curl/dist/curl-kitchen-sink/curl.js:30,vendor/curl/dist/curl-kitchen-sink/curl.js:30
c8a4e40bcffd2b6dcaa695604f82346eeaed21ce,RENAME,vendor/curl/dist/curl-kitchen-sink/curl.js:11,vendor/curl/dist/curl-kitchen-sink/curl.js:11
c8a4e40bcffd2b6dcaa695604f82346eeaed21ce,RENAME,vendor/curl/dist/curl-kitchen-sink/curl.js:25,vendor/curl/dist/curl-kitchen-sink/curl.js:25
c8a4e40bcffd2b6dcaa695604f82346eeaed21ce,EXTRACT,vendor/curl/dist/curl-kitchen-sink/curl.js:44,vendor/curl/dist/curl-kitchen-sink/curl.js:28
c8a4e40bcffd2b6dcaa695604f82346eeaed21ce,RENAME,vendor/curl/dist/curl-kitchen-sink/curl.js:22,vendor/curl/dist/curl-kitchen-sink/curl.js:22
44bfe554135001256ced82c19a13eece5a5dd02c,RENAME,vendor/curl/curl.js:22,vendor/curl/dist/curl-kitchen-sink/curl.js:22
44bfe554135001256ced82c19a13eece5a5dd02c,INLINE,vendor/curl/curl.js:42,vendor/curl/dist/curl-kitchen-sink/curl.js:44
44bfe554135001256ced82c19a13eece5a5dd02c,EXTRACT,vendor/curl/curl.js:37,vendor/curl/dist/curl-kitchen-sink/curl.js:37
44bfe554135001256ced82c19a13eece5a5dd02c,RENAME,vendor/curl/curl.js:31,vendor/curl/dist/curl-kitchen-sink/curl.js:31
44bfe554135001256ced82c19a13eece5a5dd02c,RENAME,vendor/curl/curl.js:40,vendor/curl/dist/curl-kitchen-sink/curl.js:40
44bfe554135001256ced82c19a13eece5a5dd02c,RENAME,vendor/curl/curl.js:29,vendor/curl/dist/curl-kitchen-sink/curl.js:29
44bfe554135001256ced82c19a13eece5a5dd02c,RENAME,vendor/curl/curl.js:25,vendor/curl/dist/curl-kitchen-sink/curl.js:25
44bfe554135001256ced82c19a13eece5a5dd02c,RENAME,vendor/curl/curl.js:37,vendor/curl/dist/curl-kitchen-sink/curl.js:37
44bfe554135001256ced82c19a13eece5a5dd02c,EXTRACT,vendor/curl/curl.js:20,vendor/curl/dist/curl-kitchen-sink/curl.js:20
44bfe554135001256ced82c19a13eece5a5dd02c,RENAME,vendor/curl/curl.js:30,vendor/curl/dist/curl-kitchen-sink/curl.js:30
44bfe554135001256ced82c19a13eece5a5dd02c,INLINE,vendor/curl/curl.js:44,vendor/curl/dist/curl-kitchen-sink/curl.js:42
44bfe554135001256ced82c19a13eece5a5dd02c,RENAME,vendor/curl/curl.js:32,vendor/curl/dist/curl-kitchen-sink/curl.js:32
44bfe554135001256ced82c19a13eece5a5dd02c,MOVE,vendor/curl/curl.js:1,vendor/curl/dist/curl-kitchen-sink/curl.js:1
44bfe554135001256ced82c19a13eece5a5dd02c,INLINE,vendor/curl/curl.js:28,vendor/curl/dist/curl-kitchen-sink/curl.js:44
44bfe554135001256ced82c19a13eece5a5dd02c,RENAME,vendor/curl/curl.js:11,vendor/curl/dist/curl-kitchen-sink/curl.js:11
44bfe554135001256ced82c19a13eece5a5dd02c,RENAME,vendor/curl/curl.js:33,vendor/curl/dist/curl-kitchen-sink/curl.js:33
a1507d484422898cc6f9efd80bbe0cf831da6c0c,RENAME,vendor/underscore/underscore-min.js:5,vendor/underscore/underscore-min.js:5
a1507d484422898cc6f9efd80bbe0cf831da6c0c,RENAME,vendor/underscore/underscore-min.js:5,vendor/underscore/underscore-min.js:5
277557cd995987178e60f6aa91c722edaf84b765,INLINE,dist/lodash.underscore.js:3660,dist/lodash.underscore.js:3702
277557cd995987178e60f6aa91c722edaf84b765,INLINE,dist/lodash.compat.js:5342,dist/lodash.compat.js:5388
277557cd995987178e60f6aa91c722edaf84b765,INLINE,dist/lodash.js:5039,dist/lodash.underscore.js:3684
277557cd995987178e60f6aa91c722edaf84b765,INLINE,dist/lodash.compat.js:5342,dist/lodash.underscore.js:3702
277557cd995987178e60f6aa91c722edaf84b765,INLINE,dist/lodash.js:5039,dist/lodash.js:5061
277557cd995987178e60f6aa91c722edaf84b765,INLINE,dist/lodash.compat.js:5342,dist/lodash.js:5079
277557cd995987178e60f6aa91c722edaf84b765,INLINE,dist/lodash.compat.js:5342,dist/lodash.compat.js:5370
277557cd995987178e60f6aa91c722edaf84b765,INLINE,dist/lodash.underscore.js:3660,dist/lodash.underscore.js:3684
277557cd995987178e60f6aa91c722edaf84b765,INLINE,dist/lodash.js:5039,dist/lodash.js:5079
277557cd995987178e60f6aa91c722edaf84b765,INLINE,dist/lodash.compat.js:5342,dist/lodash.js:5061
277557cd995987178e60f6aa91c722edaf84b765,INLINE,dist/lodash.js:5039,dist/lodash.underscore.js:3702
277557cd995987178e60f6aa91c722edaf84b765,INLINE,dist/lodash.compat.js:5342,dist/lodash.underscore.js:3684
21db7d438bc394b6b23ef6feddbbfe1ce9b84a97,INLINE,lodash.js:5398,lodash.js:5418
21db7d438bc394b6b23ef6feddbbfe1ce9b84a97,INLINE,lodash.js:5398,lodash.js:5399
1732c1677893e656b248daaf324f10ea52068521,EXTRACT,dist/lodash.js:4721,dist/lodash.js:760
1732c1677893e656b248daaf324f10ea52068521,EXTRACT,dist/lodash.compat.js:5042,dist/lodash.compat.js:1026
1732c1677893e656b248daaf324f10ea52068521,EXTRACT_MOVE,dist/lodash.underscore.js:3524,dist/lodash.compat.js:1026
1732c1677893e656b248daaf324f10ea52068521,EXTRACT_MOVE,dist/lodash.js:4721,dist/lodash.compat.js:1026
1732c1677893e656b248daaf324f10ea52068521,EXTRACT,dist/lodash.underscore.js:3524,dist/lodash.underscore.js:372
c97e653ba1aa8b0b350180dae781f393f0bd491c,EXTRACT,lodash.js:5174,lodash.js:1047
fdd0a3357119a2f01204b3637c267b268d602306,EXTRACT_MOVE,dist/lodash.underscore.js:2238,dist/lodash.compat.js:3223
fdd0a3357119a2f01204b3637c267b268d602306,EXTRACT_MOVE,dist/lodash.underscore.js:2238,dist/lodash.js:2891
fdd0a3357119a2f01204b3637c267b268d602306,EXTRACT,dist/lodash.compat.js:3471,dist/lodash.compat.js:3223
fdd0a3357119a2f01204b3637c267b268d602306,EXTRACT,dist/lodash.underscore.js:2238,dist/lodash.underscore.js:1884
fdd0a3357119a2f01204b3637c267b268d602306,EXTRACT_MOVE,dist/lodash.js:3152,dist/lodash.compat.js:3223
fdd0a3357119a2f01204b3637c267b268d602306,EXTRACT,dist/lodash.js:3152,dist/lodash.js:2891
0404776d87b1f389666a877955c7bbc0787c99ec,EXTRACT,lodash.js:3509,lodash.js:3259
611304e257bc904aa6a50f5e1ca332434df52cdd,RENAME,vendor/underscore/underscore-min.js:5,vendor/underscore/underscore-min.js:5
611304e257bc904aa6a50f5e1ca332434df52cdd,RENAME,vendor/underscore/underscore-min.js:5,vendor/underscore/underscore-min.js:5
cf26447f7c72fe9c660605983311d983f7cdf987,EXTRACT_MOVE,lodash.js:442,lodash.js:1356
cf26447f7c72fe9c660605983311d983f7cdf987,EXTRACT_MOVE,lodash.js:442,dist/lodash.compat.js:1335
cf26447f7c72fe9c660605983311d983f7cdf987,EXTRACT_MOVE,dist/lodash.js:410,dist/lodash.js:1069
cf26447f7c72fe9c660605983311d983f7cdf987,EXTRACT_MOVE,lodash.js:442,dist/lodash.js:1069
cf26447f7c72fe9c660605983311d983f7cdf987,EXTRACT_MOVE,dist/lodash.compat.js:439,dist/lodash.compat.js:1335
cf26447f7c72fe9c660605983311d983f7cdf987,EXTRACT_MOVE,dist/lodash.js:410,dist/lodash.compat.js:1335
cf26447f7c72fe9c660605983311d983f7cdf987,EXTRACT_MOVE,lodash.js:442,dist/lodash.underscore.js:544
eaa9430e261b24e4f4350aca66577979ff93fae6,INLINE,dist/lodash.compat.js:1535,dist/lodash.compat.js:4797
eaa9430e261b24e4f4350aca66577979ff93fae6,INLINE,dist/lodash.js:1173,dist/lodash.js:4454
eaa9430e261b24e4f4350aca66577979ff93fae6,INLINE,dist/lodash.compat.js:1535,dist/lodash.js:4454
2e5de88445a32e2f124697e51cbe81d1a98987ac,INLINE,lodash.js:1553,lodash.js:4815
fcbeb101593d28dd343f6987582969771eedda09,RENAME,dist/lodash.compat.js:962,dist/lodash.compat.js:1054
fcbeb101593d28dd343f6987582969771eedda09,EXTRACT_MOVE,dist/lodash.js:2005,dist/lodash.compat.js:1251
fcbeb101593d28dd343f6987582969771eedda09,EXTRACT,dist/lodash.underscore.js:1051,dist/lodash.underscore.js:402
fcbeb101593d28dd343f6987582969771eedda09,RENAME,lodash.js:1414,lodash.js:1417
fcbeb101593d28dd343f6987582969771eedda09,RENAME,dist/lodash.compat.js:156,dist/lodash.compat.js:156
fcbeb101593d28dd343f6987582969771eedda09,EXTRACT_MOVE,dist/lodash.underscore.js:1051,dist/lodash.js:786
fcbeb101593d28dd343f6987582969771eedda09,RENAME,dist/lodash.js:667,dist/lodash.js:756
fcbeb101593d28dd343f6987582969771eedda09,EXTRACT,dist/lodash.js:1073,dist/lodash.js:667
fcbeb101593d28dd343f6987582969771eedda09,EXTRACT,dist/lodash.js:2005,dist/lodash.js:953
fcbeb101593d28dd343f6987582969771eedda09,EXTRACT,dist/lodash.compat.js:1899,dist/lodash.compat.js:1084
fcbeb101593d28dd343f6987582969771eedda09,EXTRACT_MOVE,dist/lodash.js:1073,dist/lodash.compat.js:965
fcbeb101593d28dd343f6987582969771eedda09,RENAME,dist/lodash.js:149,dist/lodash.js:146
fcbeb101593d28dd343f6987582969771eedda09,EXTRACT,dist/lodash.compat.js:1454,dist/lodash.compat.js:965
fcbeb101593d28dd343f6987582969771eedda09,EXTRACT_MOVE,dist/lodash.js:1558,dist/lodash.compat.js:1084
fcbeb101593d28dd343f6987582969771eedda09,RENAME,dist/lodash.underscore.js:371,dist/lodash.underscore.js:372
fcbeb101593d28dd343f6987582969771eedda09,EXTRACT,dist/lodash.js:1558,dist/lodash.js:786
fcbeb101593d28dd343f6987582969771eedda09,RENAME,dist/lodash.compat.js:989,dist/lodash.compat.js:1315
fcbeb101593d28dd343f6987582969771eedda09,RENAME,dist/lodash.js:694,dist/lodash.js:1017
fcbeb101593d28dd343f6987582969771eedda09,EXTRACT_MOVE,dist/lodash.underscore.js:1051,dist/lodash.compat.js:1084
fcbeb101593d28dd343f6987582969771eedda09,EXTRACT,dist/lodash.compat.js:2352,dist/lodash.compat.js:1251
fcbeb101593d28dd343f6987582969771eedda09,RENAME,dist/lodash.underscore.js:398,dist/lodash.underscore.js:510
fcbeb101593d28dd343f6987582969771eedda09,RENAME,dist/lodash.underscore.js:89,dist/lodash.underscore.js:89
65227f601ee548a7926d82b389bcd0386c4a07d7,RENAME,lodash.js:1007,lodash.js:1332
65227f601ee548a7926d82b389bcd0386c4a07d7,RENAME,lodash.js:155,lodash.js:155
65227f601ee548a7926d82b389bcd0386c4a07d7,RENAME,lodash.js:1079,lodash.js:1414
65227f601ee548a7926d82b389bcd0386c4a07d7,EXTRACT,lodash.js:1946,lodash.js:1101
65227f601ee548a7926d82b389bcd0386c4a07d7,RENAME,lodash.js:980,lodash.js:1071
65227f601ee548a7926d82b389bcd0386c4a07d7,EXTRACT,lodash.js:1214,lodash.js:1567
65227f601ee548a7926d82b389bcd0386c4a07d7,EXTRACT,lodash.js:2399,lodash.js:1268
65227f601ee548a7926d82b389bcd0386c4a07d7,INLINE,lodash.js:1230,lodash.js:4822
65227f601ee548a7926d82b389bcd0386c4a07d7,EXTRACT,lodash.js:1501,lodash.js:982
a17c32bed0d3a55638c54dad57ed5f37ee743d11,EXTRACT,vendor/requirejs/require.js:1806,vendor/requirejs/require.js:1800
854ea26ab7b98aca574f69b6336c4be10e9eedf0,EXTRACT,build.js:834,build.js:834
8694364aa3aea1460e74b1a4448603efd51676e6,INLINE,dist/lodash.compat.js:1201,dist/lodash.compat.js:445
8694364aa3aea1460e74b1a4448603efd51676e6,EXTRACT,dist/lodash.underscore.js:3146,dist/lodash.underscore.js:401
8694364aa3aea1460e74b1a4448603efd51676e6,INLINE,dist/lodash.js:842,lodash.js:445
8694364aa3aea1460e74b1a4448603efd51676e6,INLINE,dist/lodash.compat.js:1201,dist/lodash.js:416
8694364aa3aea1460e74b1a4448603efd51676e6,INLINE,lodash.js:1220,lodash.js:445
8694364aa3aea1460e74b1a4448603efd51676e6,INLINE,dist/lodash.compat.js:1201,lodash.js:445
8694364aa3aea1460e74b1a4448603efd51676e6,EXTRACT,dist/lodash.underscore.js:2620,dist/lodash.underscore.js:374
8694364aa3aea1460e74b1a4448603efd51676e6,INLINE,dist/lodash.js:842,dist/lodash.js:416
6d65cb77ecc0eb8f2cf79b2ed61165a3e71a1e4a,RENAME,perf/perf-ui.js:27,perf/perf-ui.js:27
6d65cb77ecc0eb8f2cf79b2ed61165a3e71a1e4a,RENAME,test/test-ui.js:27,test/test-ui.js:27
0ea9362d0681d79b5ee7e06e82d4e320db67c183,RENAME,vendor/underscore/underscore-min.js:6,vendor/underscore/underscore-min.js:5
0ea9362d0681d79b5ee7e06e82d4e320db67c183,RENAME,vendor/underscore/underscore-min.js:6,vendor/underscore/underscore-min.js:5
0ea9362d0681d79b5ee7e06e82d4e320db67c183,RENAME,vendor/underscore/underscore-min.js:6,vendor/underscore/underscore-min.js:5
fdae297fca2bb323bf49afa7f78e1a03865e491d,RENAME,build.js:2442,build.js:2442
9b2165631462039e05ee47c7effc1f391a83093a,RENAME,perf/perf-ui.js:27,perf/perf-ui.js:27
b1b06a38af08dfccd3f0084d905a4274b3426ecc,INLINE,dist/lodash.compat.js:4466,dist/lodash.compat.js:4487
b1b06a38af08dfccd3f0084d905a4274b3426ecc,INLINE,dist/lodash.js:4127,dist/lodash.underscore.js:3216
b1b06a38af08dfccd3f0084d905a4274b3426ecc,INLINE,dist/lodash.compat.js:4466,dist/lodash.underscore.js:3216
b1b06a38af08dfccd3f0084d905a4274b3426ecc,INLINE,dist/lodash.compat.js:4466,dist/lodash.js:4148
b1b06a38af08dfccd3f0084d905a4274b3426ecc,INLINE,dist/lodash.underscore.js:3195,dist/lodash.underscore.js:3216
b1b06a38af08dfccd3f0084d905a4274b3426ecc,INLINE,dist/lodash.js:4127,dist/lodash.js:4148
d2fffe5b884e6d12d6ce85184f24ef76dad481c6,INLINE,lodash.js:4485,lodash.js:4506
946029a3f7171330a3570445ff0d0f9c61e24333,RENAME,build.js:1163,build.js:1163
292cdfd5a09ad6a7f1d86844c47579d3cf096a2f,RENAME,build.js:550,build.js:591
6d79ab25526295bc1d24bf3ad1be644570f90aa7,RENAME,test/test-build.js:360,test/test-build.js:334
6d79ab25526295bc1d24bf3ad1be644570f90aa7,RENAME,build.js:538,build.js:550
6a74d102a4c97bd915cbf2a4a0044762d403326e,EXTRACT,build.js:1231,build.js:1288
220b2dc912a6087ef586ad45c87238c8617e506f,RENAME,build.js:1452,build.js:1443
bb966e7e6ffb1d02a790c8bc68e69ef05571692c,RENAME,build.js:2101,build.js:2084
f6d9239b37923302d3ff258f4afbecea01a60e8b,RENAME,build.js:968,build.js:841
f6d9239b37923302d3ff258f4afbecea01a60e8b,RENAME,build.js:943,build.js:967
f6d9239b37923302d3ff258f4afbecea01a60e8b,RENAME,build.js:931,build.js:955
f6d9239b37923302d3ff258f4afbecea01a60e8b,RENAME,build.js:956,build.js:980
512e5b0240561fb6df13cfb30081363b2c79b4fd,EXTRACT,build.js:1253,build.js:1418
512e5b0240561fb6df13cfb30081363b2c79b4fd,EXTRACT,build.js:1077,build.js:1199
512e5b0240561fb6df13cfb30081363b2c79b4fd,EXTRACT,build.js:1034,build.js:1199
2473e87947fc2a502b5a3a8387cdaafb66ca5c2a,RENAME,build.js:989,build.js:1033
d77e4ed581191eb512512ecece5b4d649a6b31af,EXTRACT,dist/lodash.js:221,dist/lodash.js:272
d77e4ed581191eb512512ecece5b4d649a6b31af,EXTRACT,dist/lodash.compat.js:237,dist/lodash.compat.js:278
d77e4ed581191eb512512ecece5b4d649a6b31af,EXTRACT_MOVE,dist/lodash.js:221,dist/lodash.compat.js:278
d77e4ed581191eb512512ecece5b4d649a6b31af,INLINE,dist/lodash.compat.js:906,dist/lodash.compat.js:3965
d77e4ed581191eb512512ecece5b4d649a6b31af,INLINE,dist/lodash.compat.js:906,dist/lodash.js:3630
d77e4ed581191eb512512ecece5b4d649a6b31af,INLINE,dist/lodash.js:626,dist/lodash.js:3630
036483d19580b41dc6f73dde6326ccc0ca8fb5fc,RENAME,lodash.js:884,lodash.js:892
658d14f31d197996a7c9be86e36f25326af61859,EXTRACT,build.js:1054,build.js:1091
5d583637c4bf0d9a825c6a1dbc1fc5ef5a87e1f4,EXTRACT,dist/lodash.js:3369,dist/lodash.js:384
5d583637c4bf0d9a825c6a1dbc1fc5ef5a87e1f4,EXTRACT_MOVE,dist/lodash.underscore.js:2647,dist/lodash.compat.js:654
5d583637c4bf0d9a825c6a1dbc1fc5ef5a87e1f4,EXTRACT_MOVE,dist/lodash.underscore.js:2647,dist/lodash.js:384
5d583637c4bf0d9a825c6a1dbc1fc5ef5a87e1f4,EXTRACT,dist/lodash.underscore.js:2647,dist/lodash.underscore.js:308
5d583637c4bf0d9a825c6a1dbc1fc5ef5a87e1f4,EXTRACT_MOVE,dist/lodash.js:3369,dist/lodash.compat.js:654
5d583637c4bf0d9a825c6a1dbc1fc5ef5a87e1f4,EXTRACT,dist/lodash.compat.js:3693,dist/lodash.compat.js:654
6dc543ca187651a4493b517691df83c7caf4bfdb,EXTRACT,lodash.js:3711,lodash.js:670
39e123aaf4dbba862c2398baabf2919fa54eff0d,EXTRACT_MOVE,dist/lodash.underscore.js:369,dist/lodash.underscore.js:410
39e123aaf4dbba862c2398baabf2919fa54eff0d,EXTRACT_MOVE,dist/lodash.js:474,dist/lodash.compat.js:835
39e123aaf4dbba862c2398baabf2919fa54eff0d,EXTRACT_MOVE,dist/lodash.underscore.js:369,dist/lodash.compat.js:835
39e123aaf4dbba862c2398baabf2919fa54eff0d,EXTRACT_MOVE,dist/lodash.compat.js:741,dist/lodash.compat.js:835
9270cc47b585174a6caf7a2d714602b26e18b5f3,EXTRACT_MOVE,lodash.js:758,lodash.js:853
a8b6fa413e79c75cb90886831caa40eae5ecea34,RENAME,build/mkdirp-sync.js:1,build/util.js:1
be7d5917cb1b0476911428836a9cd7cef0e6dc4f,RENAME,vendor/underscore/underscore-min.js:5,vendor/underscore/underscore-min.js:5
2705a488ad2e07dccd8625bf8653b5f8c0116e15,EXTRACT,vendor/backbone/backbone.js:588,vendor/backbone/backbone.js:664
952afa05ce966e2f4a3bdd40bc14c65422dd0ad0,RENAME,build.js:1231,build.js:1159
1522d3385d6e42208a58c9d4dba31794e3607d5d,RENAME,dist/lodash.compat.js:3680,dist/lodash.compat.js:4032
1522d3385d6e42208a58c9d4dba31794e3607d5d,RENAME,dist/lodash.js:3524,dist/lodash.js:3876
1522d3385d6e42208a58c9d4dba31794e3607d5d,RENAME,dist/lodash.underscore.js:2915,dist/lodash.underscore.js:3254
1522d3385d6e42208a58c9d4dba31794e3607d5d,RENAME,lodash.js:3687,lodash.js:4039
67a269b89cd57f9ad7db06490b3b07fd1f835e53,INLINE,dist/lodash.js:637,dist/lodash.js:502
67a269b89cd57f9ad7db06490b3b07fd1f835e53,INLINE,dist/lodash.compat.js:760,dist/lodash.underscore.js:321
67a269b89cd57f9ad7db06490b3b07fd1f835e53,INLINE,dist/lodash.compat.js:760,dist/lodash.js:502
67a269b89cd57f9ad7db06490b3b07fd1f835e53,INLINE,dist/lodash.compat.js:760,dist/lodash.compat.js:620
67a269b89cd57f9ad7db06490b3b07fd1f835e53,INLINE,dist/lodash.underscore.js:414,dist/lodash.underscore.js:321
67a269b89cd57f9ad7db06490b3b07fd1f835e53,INLINE,dist/lodash.js:637,dist/lodash.underscore.js:321
4b9ee81a7889b17f475e32f0a4006bf9bf382fcb,EXTRACT,build.js:971,build.js:1254
2162baa6c0a942e0abbcc17a2f8144f403330998,INLINE,lodash.js:767,lodash.js:627
b3c550b7c0cc66048d54651ad0b3ba78cba204a6,EXTRACT_MOVE,lodash.js:618,dist/lodash.compat.js:758
b3c550b7c0cc66048d54651ad0b3ba78cba204a6,EXTRACT_MOVE,lodash.js:618,dist/lodash.underscore.js:414
b3c550b7c0cc66048d54651ad0b3ba78cba204a6,EXTRACT_MOVE,dist/lodash.underscore.js:321,dist/lodash.js:635
b3c550b7c0cc66048d54651ad0b3ba78cba204a6,EXTRACT_MOVE,dist/lodash.js:493,dist/lodash.compat.js:758
b3c550b7c0cc66048d54651ad0b3ba78cba204a6,EXTRACT_MOVE,dist/lodash.underscore.js:321,dist/lodash.compat.js:758
b3c550b7c0cc66048d54651ad0b3ba78cba204a6,EXTRACT_MOVE,lodash.js:618,lodash.js:765
b3c550b7c0cc66048d54651ad0b3ba78cba204a6,EXTRACT_MOVE,dist/lodash.compat.js:611,dist/lodash.compat.js:758
b3c550b7c0cc66048d54651ad0b3ba78cba204a6,EXTRACT_MOVE,dist/lodash.js:493,dist/lodash.js:635
b3c550b7c0cc66048d54651ad0b3ba78cba204a6,EXTRACT_MOVE,lodash.js:618,dist/lodash.js:635
b3c550b7c0cc66048d54651ad0b3ba78cba204a6,EXTRACT_MOVE,dist/lodash.underscore.js:321,dist/lodash.underscore.js:414
8183740c043a9d97652961eb6fb40ac295a6bf68,EXTRACT_MOVE,vendor/backbone/backbone.js:490,vendor/backbone/backbone.js:1429
8183740c043a9d97652961eb6fb40ac295a6bf68,EXTRACT_MOVE,vendor/backbone/backbone.js:499,vendor/backbone/backbone.js:1429
f87b4e04f1733e7e3221edddb2d0b5b4f8493b82,MOVE,lodash.underscore.js:1,dist/lodash.underscore.js:1
b5aa4c1f0cef8928ed19c68bffa72efb5c759d94,EXTRACT,build.js:1186,build.js:1015
b5aa4c1f0cef8928ed19c68bffa72efb5c759d94,EXTRACT,build.js:1186,build.js:965
17dff36b65fb756b3079743bc6a323a278e4c83b,RENAME,vendor/underscore/underscore-min.js:5,vendor/underscore/underscore-min.js:5
873cc63f94da4812e7ba07b64f499cb5ad8293ef,RENAME,test/test.js:1566,test/test.js:1571
873cc63f94da4812e7ba07b64f499cb5ad8293ef,RENAME,test/test.js:1559,test/test.js:1565
873cc63f94da4812e7ba07b64f499cb5ad8293ef,RENAME,test/test.js:1545,test/test.js:1547
873cc63f94da4812e7ba07b64f499cb5ad8293ef,RENAME,test/test.js:1553,test/test.js:1556
5fe7ca5e7060bab83d6ba15f6266aee16469f5a8,RENAME,vendor/backbone/test/events.js:82,vendor/backbone/test/events.js:82
016391e44298ddcdb96054b9a021f179ab4d6aab,EXTRACT,build.js:1129,build.js:521
87f880ca526901bef1f301416d0f38f45cfa988a,INLINE,vendor/backbone/backbone.js:475,vendor/backbone/backbone.js:292
87f880ca526901bef1f301416d0f38f45cfa988a,RENAME,vendor/underscore/underscore-min.js:5,vendor/underscore/underscore-min.js:5
87f880ca526901bef1f301416d0f38f45cfa988a,EXTRACT,vendor/backbone/test/model.js:858,vendor/backbone/test/model.js:910
05cf5bc8dbd4233f0ab813570972616b3c0a0f65,MOVE,build/post-install.js:53,build/minify.js:190
bfea443e55911f3fabfd63c55d39a8c403632b50,EXTRACT,build.js:1105,build.js:956
33bc3d6a1eae844a900facb6aa8dfa1359cf761e,EXTRACT,vendor/backbone/backbone.js:160,vendor/backbone/backbone.js:73
fe3e78cc1cb0aaef664c7a09e5dacb017de6f9aa,EXTRACT,lodash.underscore.js:1697,lodash.underscore.js:480
11cd924ce133049d54b984a027e1a03861014f8f,EXTRACT,build.js:1038,build.js:961
1831efbe9d8f8d92178d8600779c9ca8bc0bedc0,EXTRACT,build.js:919,build.js:266
221b347bd9f25495da5fc8431c7f8c86456a04b7,RENAME,vendor/underscore/underscore-min.js:5,vendor/underscore/underscore-min.js:5
221b347bd9f25495da5fc8431c7f8c86456a04b7,RENAME,vendor/underscore/underscore-min.js:5,vendor/underscore/underscore-min.js:5
221b347bd9f25495da5fc8431c7f8c86456a04b7,RENAME,vendor/underscore/underscore-min.js:5,vendor/underscore/underscore-min.js:5
221b347bd9f25495da5fc8431c7f8c86456a04b7,RENAME,vendor/underscore/underscore-min.js:5,vendor/underscore/underscore-min.js:5
221b347bd9f25495da5fc8431c7f8c86456a04b7,RENAME,vendor/underscore/underscore-min.js:5,vendor/underscore/underscore-min.js:5
221b347bd9f25495da5fc8431c7f8c86456a04b7,RENAME,vendor/underscore/underscore-min.js:5,vendor/underscore/underscore-min.js:5
221b347bd9f25495da5fc8431c7f8c86456a04b7,RENAME,vendor/underscore/underscore-min.js:5,vendor/underscore/underscore-min.js:5
ed8746df7774418465930bc9c9b8d4aa98370b20,RENAME,vendor/underscore/underscore-min.js:5,vendor/underscore/underscore-min.js:5
c5d579e0e3311bd571f6a595d77c0148e37b908b,RENAME,vendor/underscore/underscore-min.js:5,vendor/underscore/underscore-min.js:5
5271c2e08f5ac96d699f4f0c1b3fea891b34b79c,RENAME,vendor/underscore/underscore-min.js:5,vendor/underscore/underscore-min.js:5
3e11d58d733e92a611ddc0d4daadbbb5ce0839af,EXTRACT,lodash.js:2571,lodash.js:763
52cddc015b0ca6d632a36130a38f9c7e1f3f8f09,EXTRACT,lodash.js:849,lodash.js:736
52cddc015b0ca6d632a36130a38f9c7e1f3f8f09,EXTRACT,lodash.js:1241,lodash.js:736
3db6841305143e8c907065d3c3c906528af2fc90,RENAME,build/minify.js:250,build/minify.js:284
3db6841305143e8c907065d3c3c906528af2fc90,RENAME,build/minify.js:326,build/minify.js:361
442f51224d01b92b94fbc1828cafed311dcd8c21,RENAME,vendor/requirejs/require.js:1291,vendor/requirejs/require.js:1312
442f51224d01b92b94fbc1828cafed311dcd8c21,EXTRACT_MOVE,vendor/requirejs/require.js:1291,vendor/requirejs/require.js:1169
8329409c03163d3205e881061a429b6d78e33985,RENAME,lodash.js:849,lodash.js:770
74caea8f8f85cf3dde1a8a19db58df1809e7b7b3,RENAME,vendor/firebug-lite/src/firebug-lite.js:1,vendor/firebug-lite/src/firebug-lite-debug.js:1
e2de22470e9a4cf5f2a4d98e633a25d07ee2872b,RENAME,vendor/firebug-lite/src/firebug-lite-debug.js:1,vendor/firebug-lite/src/firebug-lite.js:1
9086d189b9d5017a5a7f27ad30e70c703c5c9052,EXTRACT,vendor/requirejs/require.js:429,vendor/requirejs/require.js:377
9086d189b9d5017a5a7f27ad30e70c703c5c9052,RENAME,vendor/underscore/underscore-min.js:5,vendor/underscore/underscore-min.js:5
40cf5c99ef7197b06b794e7f5f907373eb30ac2a,EXTRACT,lodash.js:2938,lodash.js:667
09d5222b1f5c3ca43ccf6894210d897ed32ff498,RENAME,lodash.js:573,lodash.js:570
5d2d86bffcb606859fded885d4d52583efd8a18f,EXTRACT,vendor/underscore/underscore-min.js:15,vendor/underscore/underscore-min.js:15
5d2d86bffcb606859fded885d4d52583efd8a18f,RENAME,vendor/underscore/underscore-min.js:15,vendor/underscore/underscore-min.js:15
473dd7660ba8c5e051e129df0c5c301e2c3a10c4,RENAME,vendor/underscore/underscore.js:211,vendor/underscore/underscore.js:218
473dd7660ba8c5e051e129df0c5c301e2c3a10c4,RENAME,vendor/underscore/underscore-min.js:25,vendor/underscore/underscore-min.js:15
00cfb95971017e3f458c43a1f27a70bd26a766b4,RENAME,vendor/underscore/underscore-min.js:16,vendor/underscore/underscore-min.js:17
00cfb95971017e3f458c43a1f27a70bd26a766b4,RENAME,vendor/underscore/underscore-min.js:24,vendor/underscore/underscore-min.js:25
00cfb95971017e3f458c43a1f27a70bd26a766b4,RENAME,vendor/underscore/underscore-min.js:15,vendor/underscore/underscore-min.js:15
10064c046c9f7001653c3458263cb8b85b172e9b,EXTRACT,build.js:703,build.js:421
a5aecb9d0ed360a340cf9e375a0ac8ec4340b0b4,EXTRACT,build.js:679,build.js:467
837c15e4f92b82aa02551f7cfce0caebb53cf13e,INLINE,vendor/underscore/underscore-min.js:14,vendor/underscore/underscore-min.js:14
837c15e4f92b82aa02551f7cfce0caebb53cf13e,RENAME,vendor/underscore/underscore-min.js:30,vendor/underscore/underscore-min.js:30
837c15e4f92b82aa02551f7cfce0caebb53cf13e,RENAME,vendor/underscore/underscore-min.js:24,vendor/underscore/underscore-min.js:24
e69bdabc99faf80053569f9ea022ad26ee588eff,RENAME,lodash.js:834,lodash.js:690
49e3a49dc5ed5d43ecdfda3c399b7c305464d07c,EXTRACT,lodash.js:3327,lodash.js:834
1796ce324be785b8f45fa64e256c2073e160cbe1,INLINE,build.js:666,build.js:668
4f7323f7fcbbf5277d9703e61845b088365f84a6,EXTRACT,build.js:647,build.js:249
22d3794d226e0e1281a7d6331a7eaa447a167b61,RENAME,vendor/underscore/underscore-min.js:16,vendor/underscore/underscore-min.js:16
22d3794d226e0e1281a7d6331a7eaa447a167b61,INLINE,vendor/underscore/underscore.js:1116,vendor/underscore/underscore.js:998
22d3794d226e0e1281a7d6331a7eaa447a167b61,RENAME,vendor/underscore/underscore-min.js:24,vendor/underscore/underscore-min.js:24
22d3794d226e0e1281a7d6331a7eaa447a167b61,RENAME,vendor/underscore/underscore-min.js:14,vendor/underscore/underscore-min.js:15
22d3794d226e0e1281a7d6331a7eaa447a167b61,INLINE,vendor/underscore/underscore-min.js:32,vendor/underscore/underscore-min.js:32
22d3794d226e0e1281a7d6331a7eaa447a167b61,RENAME,vendor/underscore/test/vendor/qunit.js:466,vendor/underscore/test/vendor/qunit.js:499
22d3794d226e0e1281a7d6331a7eaa447a167b61,INLINE,vendor/underscore/underscore-min.js:32,vendor/underscore/underscore-min.js:30
22d3794d226e0e1281a7d6331a7eaa447a167b61,INLINE,vendor/underscore/underscore-min.js:32,vendor/underscore/underscore-min.js:33
f3bec4fc3792b7fa1ba5edc5262350689a36df0b,RENAME,lodash.js:987,lodash.js:978
79e9156d2f7d1256e31dd6cfd9cd1e8585534f97,RENAME,lodash.js:3204,lodash.js:2903
9100db55b062585c076247473ab44979fcaf55bd,EXTRACT_MOVE,vendor/backbone/backbone.js:380,vendor/backbone/backbone.js:1378
9100db55b062585c076247473ab44979fcaf55bd,RENAME,vendor/backbone/test/vendor/qunit.js:466,vendor/backbone/test/vendor/qunit.js:499
9100db55b062585c076247473ab44979fcaf55bd,RENAME,vendor/underscore/underscore-min.js:18,vendor/underscore/underscore-min.js:18
9100db55b062585c076247473ab44979fcaf55bd,RENAME,vendor/underscore/underscore-min.js:16,vendor/underscore/underscore-min.js:16
9100db55b062585c076247473ab44979fcaf55bd,EXTRACT_MOVE,vendor/backbone/backbone.js:406,vendor/backbone/backbone.js:1378
9100db55b062585c076247473ab44979fcaf55bd,INLINE,vendor/underscore/underscore-min.js:14,vendor/underscore/underscore-min.js:14
9100db55b062585c076247473ab44979fcaf55bd,EXTRACT_MOVE,vendor/backbone/backbone.js:781,vendor/backbone/backbone.js:1378
9100db55b062585c076247473ab44979fcaf55bd,EXTRACT_MOVE,vendor/backbone/backbone.js:336,vendor/backbone/backbone.js:1378
9100db55b062585c076247473ab44979fcaf55bd,EXTRACT_MOVE,vendor/backbone/backbone.js:415,vendor/backbone/backbone.js:1378
9100db55b062585c076247473ab44979fcaf55bd,RENAME,vendor/underscore/underscore-min.js:16,vendor/underscore/underscore-min.js:16
9100db55b062585c076247473ab44979fcaf55bd,RENAME,vendor/underscore/underscore.js:376,vendor/underscore/underscore.js:377
9100db55b062585c076247473ab44979fcaf55bd,RENAME,vendor/underscore/underscore-min.js:24,vendor/underscore/underscore-min.js:24
48c13c990f2781b36af2359ece27715de1473e9a,INLINE,vendor/backbone/backbone.js:1424,vendor/backbone/backbone.js:1416
48c13c990f2781b36af2359ece27715de1473e9a,RENAME,vendor/underscore/underscore-min.js:16,vendor/underscore/underscore-min.js:16
01fb1a5775bf5ad692f6f5ff8aeac99faba985b6,EXTRACT,lodash.js:2295,lodash.js:923
01fb1a5775bf5ad692f6f5ff8aeac99faba985b6,EXTRACT,lodash.js:744,lodash.js:923
01fb1a5775bf5ad692f6f5ff8aeac99faba985b6,EXTRACT,lodash.js:1729,lodash.js:923
01fb1a5775bf5ad692f6f5ff8aeac99faba985b6,EXTRACT,lodash.js:897,lodash.js:923
01fb1a5775bf5ad692f6f5ff8aeac99faba985b6,EXTRACT,lodash.js:3687,lodash.js:923
01fb1a5775bf5ad692f6f5ff8aeac99faba985b6,EXTRACT,lodash.js:1300,lodash.js:923
01fb1a5775bf5ad692f6f5ff8aeac99faba985b6,EXTRACT,lodash.js:3177,lodash.js:923
5a9a18501d75cc5181fe3f91095b2fb2e7789db4,EXTRACT,lodash.js:840,lodash.js:715
80d0b5d4ed954270c2be2a42951b405161218523,EXTRACT,build.js:493,build.js:350
d43ede3a118e93e44461457f75dfed4dcd2318c4,EXTRACT,vendor/underscore/underscore.js:286,vendor/underscore/underscore.js:290
d43ede3a118e93e44461457f75dfed4dcd2318c4,EXTRACT,vendor/underscore/underscore.js:269,vendor/underscore/underscore.js:285
9530efb4d429bd43dc5dcc57557b805120558063,RENAME,vendor/qunit/qunit/qunit.js:466,vendor/qunit/qunit/qunit.js:490
c1a81279ed70ef803e33f57cf61a84d1640de8b0,RENAME,test/ui.js:1,test/test-ui.js:1