0000b80448fcf74b1e1e75a3ade0175e6b7cb8f1,MOVE,locale/ja.js:47,src/locale/ja.js:41
000370031acb4665371edd382e9bed0ee85d8c25,RENAME,underscore.date.js:401,underscore.date.js:161
000370031acb4665371edd382e9bed0ee85d8c25,RENAME,underscore.date.js:31,underscore.date.js:185
000370031acb4665371edd382e9bed0ee85d8c25,INLINE,underscore.date.js:93,underscore.date.js:148
000370031acb4665371edd382e9bed0ee85d8c25,INLINE,underscore.date.js:407,underscore.date.js:377
004b19b53bb0c5762b3972101949667fe7fe7003,EXTRACT,moment.js:460,moment.js:725
02bb265a0c11377737643d1575ed323803cb2554,MOVE,lib/underscore.date.js:1,underscore.date.js:1
02fac57479f6e314fd74d11ad039e02ba61875a5,EXTRACT,moment.js:693,moment.js:287
034e63314ea35bbcea7c9a6996f60baff5e62de0,MOVE,tasks/zones.js:159,tasks/zone.js:111
034e63314ea35bbcea7c9a6996f60baff5e62de0,MOVE,tasks/zones.js:143,tasks/zone.js:94
034e63314ea35bbcea7c9a6996f60baff5e62de0,MOVE,tasks/zones.js:117,tasks/zone.js:68
034e63314ea35bbcea7c9a6996f60baff5e62de0,MOVE,tasks/zones.js:101,tasks/zone.js:52
034e63314ea35bbcea7c9a6996f60baff5e62de0,MOVE,tasks/zones.js:106,tasks/zone.js:57
034e63314ea35bbcea7c9a6996f60baff5e62de0,MOVE,tasks/zones.js:127,tasks/zone.js:78
06b987a21dea208d113151d047112762ecbbe6c4,RENAME,src/lib/create/default-parsing-flags.js:1,src/lib/create/parsing-flags.js:1
08b2661a9e8384ff0eeabbf4c4f339164e0bcc92,RENAME,src/lib/locale/lists.js:10,src/lib/locale/lists.js:10
101c726c77c3dd119bd5e7fbfa7d5c226d4b6ca3,RENAME,lang/vn.js:1,lang/vi.js:1
15384062a84bc94d6249002fb24006f70600404e,MOVE_RENAME,test/zone.js:1,tasks/zones.js:1
15384062a84bc94d6249002fb24006f70600404e,MOVE_RENAME,test/filesize-diff.js:1,tasks/size.js:1
15384062a84bc94d6249002fb24006f70600404e,MOVE_RENAME,test/filesize-history.js:1,tasks/history.js:1
181fd626ff193bc277f4ae72024292e0b56ac063,MOVE,src/lib/units/day-of-year.js:28,src/lib/units/week-calendar-utils.js:6
181fd626ff193bc277f4ae72024292e0b56ac063,MOVE,src/lib/units/week-year.js:57,src/lib/units/week-calendar-utils.js:63
181fd626ff193bc277f4ae72024292e0b56ac063,MOVE,src/lib/units/week.js:38,src/lib/units/week-calendar-utils.js:40
1b37624456f4d01017535b616ccf78f3373d4b84,RENAME,src/locale/ms.js:1,src/locale/ms-my.js:1
1b37624456f4d01017535b616ccf78f3373d4b84,RENAME,src/test/locale/ms.js:1,src/test/locale/ms-my.js:1
1b37624456f4d01017535b616ccf78f3373d4b84,RENAME,locale/ms.js:1,locale/ms-my.js:1
1d5d0788a3315d8dce88d536276cdaa3f089c6b6,EXTRACT,moment.js:854,moment.js:853
1d916a375b54d4645a280332c88c18f61a93f68a,MOVE,lang/ti.js:1,locale/ti.js:1
1d916a375b54d4645a280332c88c18f61a93f68a,MOVE,test/lang/af.js:1,test/locale/af.js:1
1d916a375b54d4645a280332c88c18f61a93f68a,MOVE,test/lang/my.js:1,test/locale/my.js:1
1d916a375b54d4645a280332c88c18f61a93f68a,MOVE,test/lang/be.js:1,test/locale/be.js:1
1d916a375b54d4645a280332c88c18f61a93f68a,MOVE,lang/af.js:1,locale/af.js:1
1d916a375b54d4645a280332c88c18f61a93f68a,MOVE,lang/my.js:1,locale/my.js:1
1d916a375b54d4645a280332c88c18f61a93f68a,MOVE,lang/be.js:1,locale/be.js:1
1d916a375b54d4645a280332c88c18f61a93f68a,MOVE,test/lang/ti.js:1,test/locale/ti.js:1
1d986a17b6f7de4d6e3849187dd906ce103d5651,EXTRACT,min/moment-with-locales.js:1293,min/moment-with-locales.js:1311
1d986a17b6f7de4d6e3849187dd906ce103d5651,EXTRACT,moment.js:1299,moment.js:1317
1d986a17b6f7de4d6e3849187dd906ce103d5651,EXTRACT_MOVE,moment.js:1299,min/moment-with-locales.js:1311
1fa5df1ad23207202920c97f4b2e4783c7cb01e9,RENAME,lang/es-gl.js:1,lang/gl.js:1
1fa5df1ad23207202920c97f4b2e4783c7cb01e9,RENAME,lang/test/es-gl.js:1,lang/test/gl.js:1
1fca58d212e1cf3f9a436f4b981bf79c1957643b,RENAME,min/lang/fi.js:4,min/lang/fi.js:4
1fca58d212e1cf3f9a436f4b981bf79c1957643b,RENAME,min/lang/ru.js:4,min/lang/ru.js:4
1fca58d212e1cf3f9a436f4b981bf79c1957643b,RENAME,min/lang/hu.js:4,min/lang/hu.js:4
1fca58d212e1cf3f9a436f4b981bf79c1957643b,RENAME,min/lang/is.js:4,min/lang/is.js:4
1fca58d212e1cf3f9a436f4b981bf79c1957643b,RENAME,min/lang/ru.js:4,min/lang/ru.js:4
1fca58d212e1cf3f9a436f4b981bf79c1957643b,RENAME,min/lang/ru.js:4,min/lang/ru.js:4
1fca58d212e1cf3f9a436f4b981bf79c1957643b,RENAME,min/lang/is.js:4,min/lang/is.js:4
1fca58d212e1cf3f9a436f4b981bf79c1957643b,RENAME,min/lang/et.js:4,min/lang/et.js:4
1fca58d212e1cf3f9a436f4b981bf79c1957643b,RENAME,min/lang/hu.js:4,min/lang/hu.js:4
1fca58d212e1cf3f9a436f4b981bf79c1957643b,RENAME,min/lang/ru.js:4,min/lang/ru.js:4
1fca58d212e1cf3f9a436f4b981bf79c1957643b,RENAME,min/lang/pl.js:4,min/lang/pl.js:4
1fca58d212e1cf3f9a436f4b981bf79c1957643b,RENAME,min/lang/lv.js:4,min/lang/lv.js:4
1fca58d212e1cf3f9a436f4b981bf79c1957643b,RENAME,min/lang/pl.js:4,min/lang/pl.js:4
20542430b47242bd25d81fe4ddd59f5e68bc05cf,RENAME,moment.js:2019,moment.js:2019
25cc720fbaab7323a1016cd0beb6a36e349c41be,EXTRACT_MOVE,moment.js:1232,min/moment-with-locales.js:77
25cc720fbaab7323a1016cd0beb6a36e349c41be,EXTRACT,min/moment-with-locales.js:1226,min/moment-with-locales.js:77
25cc720fbaab7323a1016cd0beb6a36e349c41be,EXTRACT,moment.js:1232,moment.js:83
281b21258e49192d6b10d65269ebe46aa38ffcff,RENAME,lib/underscore.date.js:121,lib/underscore.date.js:240
281b21258e49192d6b10d65269ebe46aa38ffcff,RENAME,lib/underscore.date.js:289,lib/underscore.date.js:236
281b21258e49192d6b10d65269ebe46aa38ffcff,RENAME,lib/underscore.date.js:150,lib/underscore.date.js:125
281b21258e49192d6b10d65269ebe46aa38ffcff,RENAME,lib/underscore.date.js:271,lib/underscore.date.js:285
281b21258e49192d6b10d65269ebe46aa38ffcff,RENAME,lib/underscore.date.js:118,lib/underscore.date.js:232
281b21258e49192d6b10d65269ebe46aa38ffcff,EXTRACT,lib/underscore.date.js:256,lib/underscore.date.js:271
281b21258e49192d6b10d65269ebe46aa38ffcff,EXTRACT,lib/underscore.date.js:261,lib/underscore.date.js:312
2aed7cb28dfaf06b8fbb1c78567d3c3add9bb290,MOVE,test/non-lang/leapyear.js:1,test/moment/leapyear.js:1
2aed7cb28dfaf06b8fbb1c78567d3c3add9bb290,MOVE,test/non-lang/format.js:1,test/moment/format.js:1
2aed7cb28dfaf06b8fbb1c78567d3c3add9bb290,MOVE,test/non-lang/sod_eod.js:1,test/moment/sod_eod.js:1
2aed7cb28dfaf06b8fbb1c78567d3c3add9bb290,MOVE,test/non-lang/diff.js:1,test/moment/diff.js:1
2aed7cb28dfaf06b8fbb1c78567d3c3add9bb290,MOVE,test/non-lang/getters_setters.js:1,test/moment/getters_setters.js:1
2aed7cb28dfaf06b8fbb1c78567d3c3add9bb290,MOVE,test/non-lang/create.js:1,test/moment/create.js:1
2aed7cb28dfaf06b8fbb1c78567d3c3add9bb290,MOVE,test/non-lang/add_subtract.js:1,test/moment/add_subtract.js:1
2d2ae6a0684cd5923dcac0310abe50b301b0f1dc,RENAME,min/lang/et.js:4,min/lang/et.js:4
2d2ae6a0684cd5923dcac0310abe50b301b0f1dc,RENAME,min/lang/ru.js:4,min/lang/ru.js:4
2d2ae6a0684cd5923dcac0310abe50b301b0f1dc,RENAME,min/lang/lv.js:4,min/lang/lv.js:4
2d2ae6a0684cd5923dcac0310abe50b301b0f1dc,EXTRACT,min/lang/ru.js:4,min/lang/ru.js:4
2d2ae6a0684cd5923dcac0310abe50b301b0f1dc,EXTRACT,min/lang/is.js:4,min/lang/is.js:4
2d2ae6a0684cd5923dcac0310abe50b301b0f1dc,RENAME,min/lang/fi.js:4,min/lang/fi.js:4
2d2ae6a0684cd5923dcac0310abe50b301b0f1dc,RENAME,min/lang/hu.js:4,min/lang/hu.js:4
2d2ae6a0684cd5923dcac0310abe50b301b0f1dc,RENAME,min/lang/lv.js:4,min/lang/lv.js:4
2d2ae6a0684cd5923dcac0310abe50b301b0f1dc,EXTRACT,min/lang/uk.js:4,min/lang/uk.js:4
2d2ae6a0684cd5923dcac0310abe50b301b0f1dc,RENAME,min/lang/cs.js:4,min/lang/cs.js:4
2d2ae6a0684cd5923dcac0310abe50b301b0f1dc,EXTRACT_MOVE,min/lang/uk.js:4,min/lang/ru.js:4
2d2ae6a0684cd5923dcac0310abe50b301b0f1dc,RENAME,min/lang/cs.js:4,min/lang/cs.js:4
2d2ae6a0684cd5923dcac0310abe50b301b0f1dc,RENAME,min/lang/uk.js:4,min/lang/uk.js:4
2d2ae6a0684cd5923dcac0310abe50b301b0f1dc,RENAME,min/lang/fi.js:4,min/lang/fi.js:4
2d2ae6a0684cd5923dcac0310abe50b301b0f1dc,RENAME,min/lang/sl.js:4,min/lang/sl.js:4
2d2ae6a0684cd5923dcac0310abe50b301b0f1dc,RENAME,min/lang/uk.js:4,min/lang/uk.js:4
2d2ae6a0684cd5923dcac0310abe50b301b0f1dc,RENAME,min/lang/pl.js:4,min/lang/pl.js:4
2d2ae6a0684cd5923dcac0310abe50b301b0f1dc,RENAME,min/lang/hu.js:4,min/lang/hu.js:4
2d2ae6a0684cd5923dcac0310abe50b301b0f1dc,RENAME,min/lang/ru.js:4,min/lang/ru.js:4
2d2c7bc2ed89f2332904cba05820fce588f5ee01,RENAME,test/lang/cy-gb.js:1,test/lang/cy.js:1
30e72e1a36d0ffe85a34d2ccfec8b9f19a05f39e,RENAME,min/lang/hu.js:4,min/lang/hu.js:4
30e72e1a36d0ffe85a34d2ccfec8b9f19a05f39e,RENAME,min/lang/is.js:4,min/lang/is.js:4
32d58a64e28f105289dc7d3f3ff74e0fc5644d8d,RENAME,underscore.date.js:293,moment.js:297
32d58a64e28f105289dc7d3f3ff74e0fc5644d8d,RENAME,underscore.date.js:1,moment.js:1
35dbc1339e9ab6fc7a0e31e5c74f33b6da6682f0,EXTRACT,moment.js:1908,moment.js:732
35dbc1339e9ab6fc7a0e31e5c74f33b6da6682f0,EXTRACT,moment.js:1908,moment.js:708
365bf74ad5bb34364806aba0837c8dd68463015b,RENAME,min/moment.min.pretty.js:64,min/moment.min.pretty.js:64
37808f3f9dec14e37ad2b5cff45c70f63b021d17,EXTRACT,min/moment-with-langs.js:1039,min/moment-with-langs.js:1811
3866df1baec8600e0f861a24acf6bffd443cd75a,RENAME,moment.js:1644,moment.js:1649
3a8fbdee3648a34f3390565e5072120320528d0f,RENAME,moment.js:1348,moment.js:1348
3b51df82183be5d1f344dce7109a7b4c857f6f18,RENAME,min/lang/sl.js:4,min/lang/sl.js:4
3de13007fe1d293a5d351c535fc9e456c6a1ddee,RENAME,min/moment.min.pretty.js:25,min/moment.min.pretty.js:32
3de13007fe1d293a5d351c535fc9e456c6a1ddee,RENAME,min/moment.min.pretty.js:168,min/moment.min.pretty.js:235
3de13007fe1d293a5d351c535fc9e456c6a1ddee,RENAME,min/moment.min.pretty.js:163,min/moment.min.pretty.js:230
3de13007fe1d293a5d351c535fc9e456c6a1ddee,RENAME,min/moment.min.pretty.js:22,min/moment.min.pretty.js:29
3de13007fe1d293a5d351c535fc9e456c6a1ddee,RENAME,min/moment.min.pretty.js:109,min/moment.min.pretty.js:164
3de13007fe1d293a5d351c535fc9e456c6a1ddee,RENAME,min/moment.min.pretty.js:26,min/moment.min.pretty.js:33
3de13007fe1d293a5d351c535fc9e456c6a1ddee,RENAME,min/moment.min.pretty.js:19,min/moment.min.pretty.js:26
3de13007fe1d293a5d351c535fc9e456c6a1ddee,EXTRACT,min/moment.min.pretty.js:205,min/moment.min.pretty.js:437
3df3b9e1c6c65c0938ff97f8e7ecf3f83c03f1be,EXTRACT,moment.js:1251,moment.js:342
3e53d19360be9837cc6890586ad7c50f3ce1b86d,RENAME,moment.js:92,moment.js:93
40801bbc9efd15ce27728a7d4edffcf21d5ee0ac,EXTRACT_MOVE,moment.js:1264,min/moment-with-langs.js:1726
40801bbc9efd15ce27728a7d4edffcf21d5ee0ac,EXTRACT_MOVE,moment.js:860,min/moment-with-langs.js:1726
40801bbc9efd15ce27728a7d4edffcf21d5ee0ac,EXTRACT,min/moment-with-langs.js:1348,min/moment-with-langs.js:565
40801bbc9efd15ce27728a7d4edffcf21d5ee0ac,EXTRACT_MOVE,moment.js:1839,min/moment-with-langs.js:1839
40801bbc9efd15ce27728a7d4edffcf21d5ee0ac,EXTRACT_MOVE,moment.js:1726,min/moment-with-langs.js:1726
40801bbc9efd15ce27728a7d4edffcf21d5ee0ac,EXTRACT_MOVE,moment.js:1730,min/moment-with-langs.js:1726
40801bbc9efd15ce27728a7d4edffcf21d5ee0ac,EXTRACT_MOVE,moment.js:504,min/moment-with-langs.js:1839
40801bbc9efd15ce27728a7d4edffcf21d5ee0ac,EXTRACT,min/moment-with-langs.js:1568,min/moment-with-langs.js:1378
43c30a9833cf3149809c17417b684060aaab9dbc,EXTRACT,min/lang/sk.js:5,min/lang/sk.js:5
43c30a9833cf3149809c17417b684060aaab9dbc,EXTRACT_MOVE,min/lang/ru.js:5,min/lang/pl.js:4
43c30a9833cf3149809c17417b684060aaab9dbc,EXTRACT_MOVE,min/lang/ru.js:5,min/lang/br.js:4
43c30a9833cf3149809c17417b684060aaab9dbc,RENAME,min/lang/sl.js:4,min/lang/sl.js:4
43c30a9833cf3149809c17417b684060aaab9dbc,EXTRACT_MOVE,min/lang/pl.js:4,min/lang/br.js:4
43c30a9833cf3149809c17417b684060aaab9dbc,EXTRACT,min/lang/pl.js:4,min/lang/pl.js:4
43c30a9833cf3149809c17417b684060aaab9dbc,RENAME,min/lang/lv.js:4,min/lang/lv.js:4
43c30a9833cf3149809c17417b684060aaab9dbc,RENAME,min/lang/ka.js:4,min/lang/ka.js:4
4646ec723e589722cb81484233309f7a55adf90f,EXTRACT,moment.js:719,moment.js:1500
47db97d6aed61c769bea2b5fd48133beaf83489e,RENAME,lib/underscore.date.js:285,lib/underscore.date.js:270
48040158030d70e8e9db7e571390809cb137e5a6,RENAME,moment.js:574,moment.js:281
4a831c57ccbe35a00219c47a076ee1147acc6ec3,RENAME,src/test/locale/mi-nz.js:1,src/test/locale/mi.js:1
4a831c57ccbe35a00219c47a076ee1147acc6ec3,RENAME,src/locale/mi-nz.js:1,src/locale/mi.js:1
4e7c24ab495cf7d2ba89ac2893326d7c82bd6d70,RENAME,test/lang/tzm-la.js:1,test/lang/tzm-latn.js:1
4e7c24ab495cf7d2ba89ac2893326d7c82bd6d70,RENAME,test/lang/sr-cyr.js:1,test/lang/sr-cyrl.js:1
4e7c24ab495cf7d2ba89ac2893326d7c82bd6d70,RENAME,lang/tzm-la.js:1,lang/tzm-latn.js:1
4e7c24ab495cf7d2ba89ac2893326d7c82bd6d70,RENAME,lang/sr-cyr.js:1,lang/sr-cyrl.js:1
4ed1e5024dbafe5978a803d594017e5a0a917ca0,RENAME,locale/ms-my.js:1,locale/ms.js:1
4f9ec97b17fdbf0167f2e058090d6cf05a35b846,MOVE,lang/test/nb.js:1,test/lang/nb.js:1
4f9ec97b17fdbf0167f2e058090d6cf05a35b846,MOVE,site/js/moment.js:604,min/moment.min.pretty.js:299
4f9ec97b17fdbf0167f2e058090d6cf05a35b846,MOVE,lang/test/en-gb.js:1,test/lang/en-gb.js:1
4f9ec97b17fdbf0167f2e058090d6cf05a35b846,MOVE,lang/test/nl.js:1,test/lang/nl.js:1
4f9ec97b17fdbf0167f2e058090d6cf05a35b846,MOVE,lang/test/es.js:1,test/lang/es.js:1
4f9ec97b17fdbf0167f2e058090d6cf05a35b846,MOVE,lang/test/en.js:1,test/lang/en.js:1
4f9ec97b17fdbf0167f2e058090d6cf05a35b846,MOVE,lang/test/ru.js:1,test/lang/ru.js:1
4f9ec97b17fdbf0167f2e058090d6cf05a35b846,MOVE,lang/test/da.js:1,test/lang/da.js:1
4f9ec97b17fdbf0167f2e058090d6cf05a35b846,MOVE,lang/test/tr.js:1,test/lang/tr.js:1
4f9ec97b17fdbf0167f2e058090d6cf05a35b846,MOVE,lang/test/fr.js:1,test/lang/fr.js:1
4f9ec97b17fdbf0167f2e058090d6cf05a35b846,MOVE,site/js/moment.js:515,min/moment.min.pretty.js:256
4f9ec97b17fdbf0167f2e058090d6cf05a35b846,MOVE,site/js/moment.js:511,min/moment.min.pretty.js:253
4f9ec97b17fdbf0167f2e058090d6cf05a35b846,MOVE,site/js/moment.js:585,min/moment.min.pretty.js:287
4f9ec97b17fdbf0167f2e058090d6cf05a35b846,MOVE,site/js/moment.js:634,min/moment.min.pretty.js:307
4f9ec97b17fdbf0167f2e058090d6cf05a35b846,MOVE,site/js/moment.js:503,min/moment.min.pretty.js:247
4f9ec97b17fdbf0167f2e058090d6cf05a35b846,MOVE,site/js/moment.js:596,min/moment.min.pretty.js:296
4f9ec97b17fdbf0167f2e058090d6cf05a35b846,MOVE,lang/test/ca.js:1,test/lang/ca.js:1
4f9ec97b17fdbf0167f2e058090d6cf05a35b846,MOVE,lang/test/kr.js:1,test/lang/kr.js:1
4f9ec97b17fdbf0167f2e058090d6cf05a35b846,MOVE,lang/test/eu.js:1,test/lang/eu.js:1
4f9ec97b17fdbf0167f2e058090d6cf05a35b846,MOVE,lang/test/sv.js:1,test/lang/sv.js:1
4f9ec97b17fdbf0167f2e058090d6cf05a35b846,MOVE,lang/test/pt.js:1,test/lang/pt.js:1
4f9ec97b17fdbf0167f2e058090d6cf05a35b846,MOVE,lang/test/gl.js:1,test/lang/gl.js:1
4f9ec97b17fdbf0167f2e058090d6cf05a35b846,MOVE,lang/test/pl.js:1,test/lang/pl.js:1
4f9ec97b17fdbf0167f2e058090d6cf05a35b846,MOVE,lang/test/de.js:1,test/lang/de.js:1
4f9ec97b17fdbf0167f2e058090d6cf05a35b846,MOVE,site/js/moment.js:580,min/moment.min.pretty.js:283
4f9ec97b17fdbf0167f2e058090d6cf05a35b846,MOVE,lang/test/it.js:1,test/lang/it.js:1
563b2ef72cbb020c8f363ba248aecedc8887b3e6,RENAME,moment.js:1164,moment.js:1164
563b2ef72cbb020c8f363ba248aecedc8887b3e6,EXTRACT,moment.js:2420,moment.js:2435
563b2ef72cbb020c8f363ba248aecedc8887b3e6,RENAME,moment.js:2581,moment.js:2597
5662733309d8e1f8f91f7fd17fa3622661dd4e10,RENAME,src/test/locale/ms-my.js:1,src/test/locale/ms.js:1
5662733309d8e1f8f91f7fd17fa3622661dd4e10,RENAME,src/locale/ms-my.js:1,src/locale/ms.js:1
591403c496dca8ff32f5ae68f6c1fd2fa98970a8,RENAME,test/moment/offset.js:1,test/moment/utc_offset.js:1
598e43e6aaa65bf85bec61bb0d3e8ac1a1442f26,MOVE,site/test/lang/it.js:1,lang/test/it.js:1
598e43e6aaa65bf85bec61bb0d3e8ac1a1442f26,MOVE_RENAME,site/test/lang.js:1,sitesrc/js/lang-tests.js:1
598e43e6aaa65bf85bec61bb0d3e8ac1a1442f26,MOVE,site/test/lang/pt.js:1,lang/test/pt.js:1
598e43e6aaa65bf85bec61bb0d3e8ac1a1442f26,MOVE,site/test/lang/en.js:1,lang/test/en.js:1
598e43e6aaa65bf85bec61bb0d3e8ac1a1442f26,MOVE_RENAME,site/test/date.js:1,sitesrc/js/unit-tests.js:1
598e43e6aaa65bf85bec61bb0d3e8ac1a1442f26,MOVE,site/test/lang/fr.js:1,lang/test/fr.js:1
598e43e6aaa65bf85bec61bb0d3e8ac1a1442f26,MOVE,site/test/vendor/qunit.js:1,sitesrc/js/qunit.js:1
6bfc9205d5b78ecc19d655d8c53321abdc05f17d,EXTRACT,min/moment-with-langs.js:1795,min/moment-with-langs.js:588
6d37f3b71e598b04b31f9c3caaa1dabffc894e1a,EXTRACT,moment.js:1827,moment.js:297
6d37f3b71e598b04b31f9c3caaa1dabffc894e1a,EXTRACT,moment.js:417,moment.js:297
6d37f3b71e598b04b31f9c3caaa1dabffc894e1a,EXTRACT,moment.js:600,moment.js:297
6d37f3b71e598b04b31f9c3caaa1dabffc894e1a,EXTRACT,moment.js:2004,moment.js:297
6e0b7a9363d4f52ef819f8fa4e6fac06f4ce1d8b,EXTRACT,src/lib/parse/regex.js:46,src/lib/parse/regex.js:52
6fc7347464ec0177ff59f022bd4e68480692b7fa,EXTRACT,moment.js:1046,moment.js:1774
712b8314111ea692d37cc7d5d4a3a19422974636,INLINE,moment.js:1196,moment.js:1124
72a0d141df65f0f31f62867908575678db8e83bc,EXTRACT,moment.js:1558,moment.js:1208
72a0d141df65f0f31f62867908575678db8e83bc,EXTRACT,moment.js:1411,moment.js:1208
72a0d141df65f0f31f62867908575678db8e83bc,EXTRACT,moment.js:1563,moment.js:1208
72a0d141df65f0f31f62867908575678db8e83bc,EXTRACT,moment.js:1309,moment.js:1208
72a0d141df65f0f31f62867908575678db8e83bc,EXTRACT,moment.js:1696,moment.js:1208
72a0d141df65f0f31f62867908575678db8e83bc,EXTRACT,moment.js:1701,moment.js:1208
72a0d141df65f0f31f62867908575678db8e83bc,EXTRACT,moment.js:1448,moment.js:1208
73f3c91174406b24fe66f19600958a6f43f2acd8,RENAME,min/tests.js:3795,min/tests.js:51235
73f3c91174406b24fe66f19600958a6f43f2acd8,RENAME,min/moment-with-locales.js:7550,min/moment-with-locales.js:7826
73f3c91174406b24fe66f19600958a6f43f2acd8,RENAME,min/moment-with-locales.js:4794,min/moment-with-locales.js:10518
73f3c91174406b24fe66f19600958a6f43f2acd8,RENAME,min/moment-with-locales.js:8703,min/moment-with-locales.js:9030
73f3c91174406b24fe66f19600958a6f43f2acd8,RENAME,min/tests.js:22652,min/tests.js:63300
73f3c91174406b24fe66f19600958a6f43f2acd8,RENAME,min/tests.js:720,min/tests.js:61725
73f3c91174406b24fe66f19600958a6f43f2acd8,RENAME,min/locales.js:1317,min/locales.js:1379
73f3c91174406b24fe66f19600958a6f43f2acd8,RENAME,min/moment-with-locales.js:4613,min/moment-with-locales.js:4432
73f3c91174406b24fe66f19600958a6f43f2acd8,RENAME,min/locales.js:3479,min/locales.js:3543
73f3c91174406b24fe66f19600958a6f43f2acd8,RENAME,min/moment-with-locales.js:3802,min/moment-with-locales.js:3862
73f3c91174406b24fe66f19600958a6f43f2acd8,RENAME,moment.js:4067,moment.js:4133
73f3c91174406b24fe66f19600958a6f43f2acd8,RENAME,moment.js:1809,moment.js:1824
73f3c91174406b24fe66f19600958a6f43f2acd8,RENAME,moment.js:4028,moment.js:4094
73f3c91174406b24fe66f19600958a6f43f2acd8,RENAME,min/moment-with-locales.js:2902,min/moment-with-locales.js:2939
73f3c91174406b24fe66f19600958a6f43f2acd8,RENAME,min/moment-with-locales.js:1809,min/moment-with-locales.js:1818
73f3c91174406b24fe66f19600958a6f43f2acd8,RENAME,min/moment-with-locales.js:1889,min/moment-with-locales.js:1912
73f3c91174406b24fe66f19600958a6f43f2acd8,RENAME,moment.js:466,moment.js:474
73f3c91174406b24fe66f19600958a6f43f2acd8,RENAME,min/tests.js:19217,min/tests.js:64067
73f3c91174406b24fe66f19600958a6f43f2acd8,RENAME,min/moment-with-locales.js:11667,min/moment-with-locales.js:12257
73f3c91174406b24fe66f19600958a6f43f2acd8,RENAME,min/moment-with-locales.js:11557,min/moment-with-locales.js:12137
73f3c91174406b24fe66f19600958a6f43f2acd8,RENAME,min/moment-with-locales.js:5292,min/moment-with-locales.js:7691
73f3c91174406b24fe66f19600958a6f43f2acd8,RENAME,min/moment-with-locales.js:3092,min/moment-with-locales.js:3153
73f3c91174406b24fe66f19600958a6f43f2acd8,RENAME,moment.js:3853,moment.js:3919
73f3c91174406b24fe66f19600958a6f43f2acd8,RENAME,min/tests.js:9875,min/tests.js:66803
73f3c91174406b24fe66f19600958a6f43f2acd8,RENAME,min/locales.js:2655,min/locales.js:2719
73f3c91174406b24fe66f19600958a6f43f2acd8,RENAME,min/moment-with-locales.js:3836,min/moment-with-locales.js:3896
73f3c91174406b24fe66f19600958a6f43f2acd8,RENAME,min/moment-with-locales.js:4067,min/moment-with-locales.js:4127
73f3c91174406b24fe66f19600958a6f43f2acd8,RENAME,min/tests.js:4336,min/tests.js:59064
73f3c91174406b24fe66f19600958a6f43f2acd8,RENAME,min/locales.js:94,min/locales.js:465
73f3c91174406b24fe66f19600958a6f43f2acd8,RENAME,min/moment-with-locales.js:2780,min/moment-with-locales.js:2817
73f3c91174406b24fe66f19600958a6f43f2acd8,RENAME,min/tests.js:16297,min/tests.js:60902
73f3c91174406b24fe66f19600958a6f43f2acd8,RENAME,min/moment-with-locales.js:15,min/moment-with-locales.js:9
73f3c91174406b24fe66f19600958a6f43f2acd8,RENAME,min/locales.js:85,min/locales.js:454
73f3c91174406b24fe66f19600958a6f43f2acd8,RENAME,moment.js:3078,moment.js:3121
73f3c91174406b24fe66f19600958a6f43f2acd8,RENAME,min/tests.js:18725,min/tests.js:55786
73f3c91174406b24fe66f19600958a6f43f2acd8,RENAME,min/moment-with-locales.js:3218,min/moment-with-locales.js:3279
73f3c91174406b24fe66f19600958a6f43f2acd8,RENAME,min/moment-with-locales.js:4604,min/moment-with-locales.js:4421
73f3c91174406b24fe66f19600958a6f43f2acd8,RENAME,moment.js:1889,moment.js:1918
73f3c91174406b24fe66f19600958a6f43f2acd8,RENAME,min/tests.js:12354,min/tests.js:66072
73f3c91174406b24fe66f19600958a6f43f2acd8,RENAME,min/tests.js:1239,min/tests.js:67599
73f3c91174406b24fe66f19600958a6f43f2acd8,RENAME,min/locales.js:6099,min/locales.js:6239
73f3c91174406b24fe66f19600958a6f43f2acd8,RENAME,min/tests.js:5338,min/tests.js:71600
73f3c91174406b24fe66f19600958a6f43f2acd8,RENAME,min/moment-with-locales.js:6761,min/moment-with-locales.js:7002
73f3c91174406b24fe66f19600958a6f43f2acd8,RENAME,moment.js:3836,moment.js:3902
73f3c91174406b24fe66f19600958a6f43f2acd8,RENAME,min/tests.js:6343,min/tests.js:68798
73f3c91174406b24fe66f19600958a6f43f2acd8,RENAME,min/tests.js:12840,min/tests.js:60359
73f3c91174406b24fe66f19600958a6f43f2acd8,RENAME,min/locales.js:7656,min/locales.js:7854
73f3c91174406b24fe66f19600958a6f43f2acd8,RENAME,min/tests.js:8421,min/tests.js:59486
73f3c91174406b24fe66f19600958a6f43f2acd8,RENAME,min/tests.js:14810,min/tests.js:56814
73f3c91174406b24fe66f19600958a6f43f2acd8,RENAME,min/tests.js:10837,min/tests.js:60088
73f3c91174406b24fe66f19600958a6f43f2acd8,RENAME,min/moment-with-locales.js:3967,min/moment-with-locales.js:4027
73f3c91174406b24fe66f19600958a6f43f2acd8,RENAME,min/moment-with-locales.js:125,min/moment-with-locales.js:125
73f3c91174406b24fe66f19600958a6f43f2acd8,RENAME,min/locales.js:6381,min/locales.js:6521
73f3c91174406b24fe66f19600958a6f43f2acd8,RENAME,min/moment-with-locales.js:2941,min/moment-with-locales.js:2978
73f3c91174406b24fe66f19600958a6f43f2acd8,RENAME,min/moment-with-locales.js:3814,min/moment-with-locales.js:3874
73f3c91174406b24fe66f19600958a6f43f2acd8,RENAME,min/moment-with-locales.js:4028,min/moment-with-locales.js:4088
73f3c91174406b24fe66f19600958a6f43f2acd8,RENAME,min/moment-with-locales.js:4091,min/moment-with-locales.js:4151
73f3c91174406b24fe66f19600958a6f43f2acd8,RENAME,moment.js:3967,moment.js:4033
73f3c91174406b24fe66f19600958a6f43f2acd8,RENAME,min/moment-with-locales.js:78,min/moment-with-locales.js:76
73f3c91174406b24fe66f19600958a6f43f2acd8,RENAME,moment.js:4055,moment.js:4121
73f3c91174406b24fe66f19600958a6f43f2acd8,RENAME,min/tests.js:11859,min/tests.js:58396
73f3c91174406b24fe66f19600958a6f43f2acd8,RENAME,min/tests.js:10356,min/tests.js:70403
73f3c91174406b24fe66f19600958a6f43f2acd8,RENAME,min/moment-with-locales.js:11663,min/moment-with-locales.js:4942
73f3c91174406b24fe66f19600958a6f43f2acd8,RENAME,min/tests.js:234,min/tests.js:54374
73f3c91174406b24fe66f19600958a6f43f2acd8,RENAME,min/tests.js:3299,min/tests.js:62154
73f3c91174406b24fe66f19600958a6f43f2acd8,RENAME,min/locales.js:5836,min/locales.js:5976
73f3c91174406b24fe66f19600958a6f43f2acd8,RENAME,min/locales.js:4589,min/locales.js:4653
73f3c91174406b24fe66f19600958a6f43f2acd8,RENAME,min/tests.js:21183,min/tests.js:57697
73f3c91174406b24fe66f19600958a6f43f2acd8,RENAME,moment.js:158,moment.js:164
73f3c91174406b24fe66f19600958a6f43f2acd8,RENAME,min/moment-with-locales.js:1361,min/moment-with-locales.js:1365
73f3c91174406b24fe66f19600958a6f43f2acd8,RENAME,min/tests.js:18233,min/tests.js:54043
73f3c91174406b24fe66f19600958a6f43f2acd8,RENAME,moment.js:3806,moment.js:3872
73f3c91174406b24fe66f19600958a6f43f2acd8,RENAME,moment.js:2941,moment.js:2984
73f3c91174406b24fe66f19600958a6f43f2acd8,RENAME,min/locales.js:6514,min/locales.js:6654
73f3c91174406b24fe66f19600958a6f43f2acd8,RENAME,min/locales.js:601,min/locales.js:659
73f3c91174406b24fe66f19600958a6f43f2acd8,RENAME,min/moment-with-locales.js:4798,min/moment-with-locales.js:4946
73f3c91174406b24fe66f19600958a6f43f2acd8,RENAME,min/moment-with-locales.js:9808,min/moment-with-locales.js:10259
73f3c91174406b24fe66f19600958a6f43f2acd8,RENAME,min/tests.js:9393,min/tests.js:57970
73f3c91174406b24fe66f19600958a6f43f2acd8,RENAME,min/moment-with-locales.js:4314,min/moment-with-locales.js:4752
73f3c91174406b24fe66f19600958a6f43f2acd8,RENAME,min/moment-with-locales.js:7801,min/moment-with-locales.js:8087
73f3c91174406b24fe66f19600958a6f43f2acd8,RENAME,min/tests.js:14323,min/tests.js:64905
73f3c91174406b24fe66f19600958a6f43f2acd8,RENAME,min/moment-with-locales.js:335,min/moment-with-locales.js:335
73f3c91174406b24fe66f19600958a6f43f2acd8,RENAME,min/tests.js:19701,min/tests.js:64494
73f3c91174406b24fe66f19600958a6f43f2acd8,RENAME,min/tests.js:2218,min/tests.js:69850
73f3c91174406b24fe66f19600958a6f43f2acd8,RENAME,moment.js:3814,moment.js:3880
73f3c91174406b24fe66f19600958a6f43f2acd8,RENAME,min/tests.js:17746,min/tests.js:65745
73f3c91174406b24fe66f19600958a6f43f2acd8,RENAME,min/moment-with-locales.js:3853,min/moment-with-locales.js:3913
73f3c91174406b24fe66f19600958a6f43f2acd8,RENAME,min/tests.js:17260,min/tests.js:65469
73f3c91174406b24fe66f19600958a6f43f2acd8,RENAME,min/tests.js:7930,min/tests.js:52152
73f3c91174406b24fe66f19600958a6f43f2acd8,RENAME,min/locales.js:7776,min/locales.js:7974
73f3c91174406b24fe66f19600958a6f43f2acd8,RENAME,min/tests.js:2780,min/tests.js:56076
73f3c91174406b24fe66f19600958a6f43f2acd8,RENAME,min/moment-with-locales.js:993,min/moment-with-locales.js:997
73f3c91174406b24fe66f19600958a6f43f2acd8,RENAME,min/tests.js:15299,min/tests.js:53499
73f3c91174406b24fe66f19600958a6f43f2acd8,RENAME,moment.js:2448,moment.js:2481
73f3c91174406b24fe66f19600958a6f43f2acd8,RENAME,min/moment-with-locales.js:5868,min/moment-with-locales.js:5996
73f3c91174406b24fe66f19600958a6f43f2acd8,RENAME,min/moment-with-locales.js:2448,min/moment-with-locales.js:2475
73f3c91174406b24fe66f19600958a6f43f2acd8,RENAME,min/tests.js:6861,min/tests.js:62932
73f3c91174406b24fe66f19600958a6f43f2acd8,RENAME,min/locales.js:3732,min/locales.js:3796
73f3c91174406b24fe66f19600958a6f43f2acd8,RENAME,moment.js:535,moment.js:543
73f3c91174406b24fe66f19600958a6f43f2acd8,RENAME,min/tests.js:13326,min/tests.js:61298
73f3c91174406b24fe66f19600958a6f43f2acd8,RENAME,moment.js:3728,moment.js:3794
73f3c91174406b24fe66f19600958a6f43f2acd8,RENAME,min/moment-with-locales.js:3806,min/moment-with-locales.js:3866
73f3c91174406b24fe66f19600958a6f43f2acd8,RENAME,min/locales.js:6030,min/locales.js:6170
73f3c91174406b24fe66f19600958a6f43f2acd8,RENAME,min/moment-with-locales.js:5492,min/moment-with-locales.js:5666
73f3c91174406b24fe66f19600958a6f43f2acd8,RENAME,min/locales.js:7435,min/locales.js:7633
73f3c91174406b24fe66f19600958a6f43f2acd8,RENAME,min/locales.js:597,min/locales.js:6235
73f3c91174406b24fe66f19600958a6f43f2acd8,RENAME,moment.js:335,moment.js:341
73f3c91174406b24fe66f19600958a6f43f2acd8,RENAME,min/moment-with-locales.js:5489,min/moment-with-locales.js:5663
73f3c91174406b24fe66f19600958a6f43f2acd8,RENAME,moment.js:15,moment.js:15
73f3c91174406b24fe66f19600958a6f43f2acd8,RENAME,min/moment-with-locales.js:4305,min/moment-with-locales.js:4741
73f3c91174406b24fe66f19600958a6f43f2acd8,RENAME,min/tests.js:23151,min/tests.js:51850
73f3c91174406b24fe66f19600958a6f43f2acd8,RENAME,min/locales.js:1714,min/locales.js:1709
73f3c91174406b24fe66f19600958a6f43f2acd8,RENAME,min/moment-with-locales.js:3798,min/moment-with-locales.js:3858
73f3c91174406b24fe66f19600958a6f43f2acd8,RENAME,moment.js:2780,moment.js:2823
73f3c91174406b24fe66f19600958a6f43f2acd8,RENAME,min/tests.js:15788,min/tests.js:71268
73f3c91174406b24fe66f19600958a6f43f2acd8,RENAME,moment.js:125,moment.js:131
73f3c91174406b24fe66f19600958a6f43f2acd8,RENAME,min/tests.js:16782,min/tests.js:57111
73f3c91174406b24fe66f19600958a6f43f2acd8,RENAME,min/locales.js:5833,min/locales.js:5973
73f3c91174406b24fe66f19600958a6f43f2acd8,RENAME,min/moment-with-locales.js:5806,min/moment-with-locales.js:6063
73f3c91174406b24fe66f19600958a6f43f2acd8,RENAME,moment.js:3218,moment.js:3285
73f3c91174406b24fe66f19600958a6f43f2acd8,RENAME,min/moment-with-locales.js:535,min/moment-with-locales.js:537
73f3c91174406b24fe66f19600958a6f43f2acd8,RENAME,min/tests.js:20191,min/tests.js:62676
73f3c91174406b24fe66f19600958a6f43f2acd8,RENAME,min/moment-with-locales.js:10458,min/moment-with-locales.js:10937
73f3c91174406b24fe66f19600958a6f43f2acd8,RENAME,moment.js:4091,moment.js:4157
73f3c91174406b24fe66f19600958a6f43f2acd8,RENAME,min/moment-with-locales.js:8613,min/moment-with-locales.js:8936
73f3c91174406b24fe66f19600958a6f43f2acd8,RENAME,min/tests.js:8905,min/tests.js:71957
73f3c91174406b24fe66f19600958a6f43f2acd8,RENAME,min/moment-with-locales.js:540,min/moment-with-locales.js:542
73f3c91174406b24fe66f19600958a6f43f2acd8,RENAME,min/locales.js:1111,min/locales.js:3408
73f3c91174406b24fe66f19600958a6f43f2acd8,RENAME,min/tests.js:1725,min/tests.js:54866
73f3c91174406b24fe66f19600958a6f43f2acd8,RENAME,min/locales.js:2432,min/locales.js:2495
73f3c91174406b24fe66f19600958a6f43f2acd8,RENAME,min/moment-with-locales.js:852,min/moment-with-locales.js:856
73f3c91174406b24fe66f19600958a6f43f2acd8,RENAME,moment.js:3798,moment.js:3864
73f3c91174406b24fe66f19600958a6f43f2acd8,RENAME,min/moment-with-locales.js:7793,min/moment-with-locales.js:8079
73f3c91174406b24fe66f19600958a6f43f2acd8,RENAME,min/locales.js:399,min/locales.js:134
73f3c91174406b24fe66f19600958a6f43f2acd8,RENAME,min/moment-with-locales.js:3078,min/moment-with-locales.js:3115
73f3c91174406b24fe66f19600958a6f43f2acd8,RENAME,min/locales.js:1314,min/locales.js:1376
73f3c91174406b24fe66f19600958a6f43f2acd8,RENAME,moment.js:408,moment.js:416
73f3c91174406b24fe66f19600958a6f43f2acd8,RENAME,min/moment-with-locales.js:3810,min/moment-with-locales.js:3870
73f3c91174406b24fe66f19600958a6f43f2acd8,RENAME,min/moment-with-locales.js:3728,min/moment-with-locales.js:3788
73f3c91174406b24fe66f19600958a6f43f2acd8,RENAME,min/moment-with-locales.js:4055,min/moment-with-locales.js:4115
73f3c91174406b24fe66f19600958a6f43f2acd8,RENAME,moment.js:3802,moment.js:3868
73f3c91174406b24fe66f19600958a6f43f2acd8,RENAME,min/locales.js:408,min/locales.js:145
73f3c91174406b24fe66f19600958a6f43f2acd8,RENAME,min/moment-with-locales.js:10328,min/moment-with-locales.js:10804
73f3c91174406b24fe66f19600958a6f43f2acd8,RENAME,min/moment-with-locales.js:6547,min/moment-with-locales.js:6778
73f3c91174406b24fe66f19600958a6f43f2acd8,RENAME,min/tests.js:21633,min/tests.js:65198
73f3c91174406b24fe66f19600958a6f43f2acd8,RENAME,moment.js:852,moment.js:862
73f3c91174406b24fe66f19600958a6f43f2acd8,RENAME,min/moment-with-locales.js:11344,min/moment-with-locales.js:11916
73f3c91174406b24fe66f19600958a6f43f2acd8,RENAME,min/moment-with-locales.js:9805,min/moment-with-locales.js:10256
73f3c91174406b24fe66f19600958a6f43f2acd8,RENAME,min/moment-with-locales.js:10052,min/moment-with-locales.js:12253
73f3c91174406b24fe66f19600958a6f43f2acd8,RENAME,moment.js:3810,moment.js:3876
73f3c91174406b24fe66f19600958a6f43f2acd8,RENAME,min/tests.js:13812,min/tests.js:67149
73f3c91174406b24fe66f19600958a6f43f2acd8,RENAME,min/tests.js:7347,min/tests.js:53778
73f3c91174406b24fe66f19600958a6f43f2acd8,RENAME,min/locales.js:4377,min/locales.js:4441
73f3c91174406b24fe66f19600958a6f43f2acd8,RENAME,min/locales.js:1647,min/locales.js:1776
73f3c91174406b24fe66f19600958a6f43f2acd8,RENAME,moment.js:2902,moment.js:2945
73f3c91174406b24fe66f19600958a6f43f2acd8,RENAME,min/tests.js:4837,min/tests.js:69121
73f3c91174406b24fe66f19600958a6f43f2acd8,RENAME,min/locales.js:7772,min/locales.js:655
73f3c91174406b24fe66f19600958a6f43f2acd8,RENAME,moment.js:78,moment.js:82
73f3c91174406b24fe66f19600958a6f43f2acd8,RENAME,min/tests.js:5840,min/tests.js:68500
73f3c91174406b24fe66f19600958a6f43f2acd8,RENAME,min/moment-with-locales.js:158,min/moment-with-locales.js:158
73f3c91174406b24fe66f19600958a6f43f2acd8,RENAME,min/moment-with-locales.js:466,min/moment-with-locales.js:468
745c8ade3d88b7199df3499d63500780212f9242,RENAME,min/moment.min.pretty.js:200,min/moment.min.pretty.js:203
745c8ade3d88b7199df3499d63500780212f9242,RENAME,min/moment.min.pretty.js:196,min/moment.min.pretty.js:199
745c8ade3d88b7199df3499d63500780212f9242,RENAME,min/moment.min.pretty.js:26,min/moment.min.pretty.js:26
745c8ade3d88b7199df3499d63500780212f9242,RENAME,min/moment.min.pretty.js:34,min/moment.min.pretty.js:34
745c8ade3d88b7199df3499d63500780212f9242,RENAME,min/moment.min.pretty.js:201,min/moment.min.pretty.js:204
74bbb9a4a7050e3f3bd689903551b153a93f1916,RENAME,lang/en-GB.js:1,lang/en-gb.js:1
79b8a85b5873670e470d1185acbc9139eb1e4ef8,RENAME,moment.js:537,moment.js:537
7b0d51ab7b6c679a66e2da3d0e124a74160014a2,MOVE,locale/en-nz.js:1,src/locale/en-nz.js:1
7ce3fa760989f8e59628bfdd2ef0d453ec27c47a,RENAME,test/moment/normalizeUnits.js:1,test/moment/normalize_units.js:1
7ce3fa760989f8e59628bfdd2ef0d453ec27c47a,RENAME,test/moment/sod_eod.js:1,test/moment/start_end_of.js:1
7ed3ecf88bec9075d00fe35e2930d3b1ef04782b,MOVE,test/vendor/qunit.js:1,site/test/vendor/qunit.js:1
7ed3ecf88bec9075d00fe35e2930d3b1ef04782b,MOVE,test/vendor/jquery.js:1,site/test/vendor/jquery.js:1
7ed3ecf88bec9075d00fe35e2930d3b1ef04782b,MOVE,test/lang/pt.js:1,site/test/lang/pt.js:1
7ed3ecf88bec9075d00fe35e2930d3b1ef04782b,MOVE,test/lang/en.js:1,site/test/lang/en.js:1
7ed3ecf88bec9075d00fe35e2930d3b1ef04782b,MOVE,docs/docs.js:1,sitesrc/js/docs.js:1
7ed3ecf88bec9075d00fe35e2930d3b1ef04782b,MOVE,test/lang/it.js:1,site/test/lang/it.js:1
7ed3ecf88bec9075d00fe35e2930d3b1ef04782b,MOVE,docs/snippet.js:1,sitesrc/js/snippet.js:1
7ed3ecf88bec9075d00fe35e2930d3b1ef04782b,MOVE,test/lang/fr.js:1,site/test/lang/fr.js:1
7ed3ecf88bec9075d00fe35e2930d3b1ef04782b,MOVE,test/vendor/underscore.js:1,site/test/vendor/underscore.js:1
7ed3ecf88bec9075d00fe35e2930d3b1ef04782b,MOVE,test/lang.js:1,site/test/lang.js:1
7ed3ecf88bec9075d00fe35e2930d3b1ef04782b,MOVE,test/date.js:1,site/test/date.js:1
829d6bc1cb6b7b9ff978e1fa16bc8fc2538db796,RENAME,min/lang/hu.js:4,min/lang/hu.js:4
829d6bc1cb6b7b9ff978e1fa16bc8fc2538db796,EXTRACT,min/lang/fi.js:4,min/lang/fi.js:4
83c99bf904a936f77d9c74c63d25de8b4c5545af,RENAME,min/lang/sl.js:4,min/lang/sl.js:4
862fde88c3b5054ce5c0a6fd46c1c144ad3092c7,RENAME,moment.js:79,moment.js:79
862fde88c3b5054ce5c0a6fd46c1c144ad3092c7,RENAME,moment.js:2946,moment.js:2947
862fde88c3b5054ce5c0a6fd46c1c144ad3092c7,RENAME,moment.js:2919,moment.js:2920
862fde88c3b5054ce5c0a6fd46c1c144ad3092c7,RENAME,moment.js:15,moment.js:15
862fde88c3b5054ce5c0a6fd46c1c144ad3092c7,RENAME,min/moment-with-locales.js:2852,min/moment-with-locales.js:2853
862fde88c3b5054ce5c0a6fd46c1c144ad3092c7,RENAME,moment.js:307,moment.js:307
862fde88c3b5054ce5c0a6fd46c1c144ad3092c7,RENAME,moment.js:2858,moment.js:2859
862fde88c3b5054ce5c0a6fd46c1c144ad3092c7,RENAME,min/moment-with-locales.js:2940,min/moment-with-locales.js:2941
862fde88c3b5054ce5c0a6fd46c1c144ad3092c7,RENAME,min/moment-with-locales.js:301,min/moment-with-locales.js:301
862fde88c3b5054ce5c0a6fd46c1c144ad3092c7,RENAME,min/moment-with-locales.js:2610,min/moment-with-locales.js:2611
862fde88c3b5054ce5c0a6fd46c1c144ad3092c7,RENAME,min/moment-with-locales.js:2913,min/moment-with-locales.js:2914
862fde88c3b5054ce5c0a6fd46c1c144ad3092c7,RENAME,min/moment-with-locales.js:9,min/moment-with-locales.js:9
862fde88c3b5054ce5c0a6fd46c1c144ad3092c7,RENAME,moment.js:1794,moment.js:1796
862fde88c3b5054ce5c0a6fd46c1c144ad3092c7,RENAME,moment.js:268,moment.js:268
862fde88c3b5054ce5c0a6fd46c1c144ad3092c7,RENAME,moment.js:2882,moment.js:2883
862fde88c3b5054ce5c0a6fd46c1c144ad3092c7,RENAME,moment.js:2740,moment.js:2741
862fde88c3b5054ce5c0a6fd46c1c144ad3092c7,RENAME,moment.js:2616,moment.js:2617
862fde88c3b5054ce5c0a6fd46c1c144ad3092c7,RENAME,min/moment-with-locales.js:2734,min/moment-with-locales.js:2735
862fde88c3b5054ce5c0a6fd46c1c144ad3092c7,RENAME,min/moment-with-locales.js:2876,min/moment-with-locales.js:2877
862fde88c3b5054ce5c0a6fd46c1c144ad3092c7,RENAME,min/moment-with-locales.js:73,min/moment-with-locales.js:73
862fde88c3b5054ce5c0a6fd46c1c144ad3092c7,RENAME,min/moment-with-locales.js:262,min/moment-with-locales.js:262
862fde88c3b5054ce5c0a6fd46c1c144ad3092c7,RENAME,min/moment-with-locales.js:1788,min/moment-with-locales.js:1790
875650f4b5e61e95fe024ba036b6e9e17c817392,EXTRACT,moment.js:246,moment.js:1504
87f841c47cf737e8f66b7119274a79d7c3214136,EXTRACT,moment.js:1464,moment.js:1464
8942f034a7ad2991439bd9e2f2ab36c64267e61e,MOVE_RENAME,underscore.date.languages.js:1,underscore.date.lang/pt.js:1
8c6da86ab63e1bd441c52e78b1074efb0aee81c3,MOVE,src/test/moment/format.js:346,src/test/helpers/object-keys.js:1
8d476597787e2f3f773fa2d8744221c49254cbbf,EXTRACT,min/moment+langs.js:1558,min/moment-with-langs.js:1389
8d476597787e2f3f773fa2d8744221c49254cbbf,EXTRACT,min/moment+langs.js:1309,min/moment-with-langs.js:1389
8d476597787e2f3f773fa2d8744221c49254cbbf,EXTRACT,min/moment+langs.js:1696,min/moment-with-langs.js:1389
8d476597787e2f3f773fa2d8744221c49254cbbf,EXTRACT,min/moment+langs.js:1701,min/moment-with-langs.js:1389
8d476597787e2f3f773fa2d8744221c49254cbbf,EXTRACT,min/moment+langs.js:1448,min/moment-with-langs.js:1389
8d476597787e2f3f773fa2d8744221c49254cbbf,EXTRACT,min/moment+langs.js:1563,min/moment-with-langs.js:1389
8d476597787e2f3f773fa2d8744221c49254cbbf,RENAME,min/moment+langs.js:1,min/moment-with-langs.js:1
8d476597787e2f3f773fa2d8744221c49254cbbf,EXTRACT,min/moment+langs.js:1411,min/moment-with-langs.js:1389
8f08ba1f1ef61ceb9bfc3a4bb2c966706ba6d8de,EXTRACT,moment.js:979,moment.js:1221
906c6697c5147d0f15c2fcd0ad6ee99b98dd05ac,RENAME,moment.js:781,moment.js:778
909efba62e7a09f31068bf19b76ffef1fe670250,RENAME,lib/underscore.date.js:277,lib/underscore.date.js:253
909efba62e7a09f31068bf19b76ffef1fe670250,RENAME,lib/underscore.date.js:53,lib/underscore.date.js:151
909efba62e7a09f31068bf19b76ffef1fe670250,RENAME,lib/underscore.date.js:232,lib/underscore.date.js:119
909efba62e7a09f31068bf19b76ffef1fe670250,RENAME,lib/underscore.date.js:236,lib/underscore.date.js:286
909efba62e7a09f31068bf19b76ffef1fe670250,RENAME,lib/underscore.date.js:197,lib/underscore.date.js:258
909efba62e7a09f31068bf19b76ffef1fe670250,RENAME,lib/underscore.date.js:274,lib/underscore.date.js:262
909efba62e7a09f31068bf19b76ffef1fe670250,RENAME,lib/underscore.date.js:256,lib/underscore.date.js:268
92c28cb639d7537d00f9f48f326e5f1ced4c869b,MOVE,test/moment/is_between.js:1,src/test/moment/is_between.js:1
92c28cb639d7537d00f9f48f326e5f1ced4c869b,MOVE,lib/units/minute.js:1,src/lib/units/minute.js:1
92c28cb639d7537d00f9f48f326e5f1ced4c869b,MOVE,lib/duration/create.js:1,src/lib/duration/create.js:1
92c28cb639d7537d00f9f48f326e5f1ced4c869b,MOVE,test/moment/is_same.js:1,src/test/moment/is_same.js:1
92c28cb639d7537d00f9f48f326e5f1ced4c869b,MOVE,lib/duration/abs.js:1,src/lib/duration/abs.js:1
92c28cb639d7537d00f9f48f326e5f1ced4c869b,MOVE,test/moment/weeks.js:1,src/test/moment/weeks.js:1
92c28cb639d7537d00f9f48f326e5f1ced4c869b,MOVE,lib/units/hour.js:1,src/lib/units/hour.js:1
92c28cb639d7537d00f9f48f326e5f1ced4c869b,MOVE,test/moment/duration_from_moments.js:1,src/test/moment/duration_from_moments.js:1
92c28cb639d7537d00f9f48f326e5f1ced4c869b,MOVE,lib/locale/pre-post-format.js:1,src/lib/locale/pre-post-format.js:1
92c28cb639d7537d00f9f48f326e5f1ced4c869b,MOVE,lib/create/local.js:1,src/lib/create/local.js:1
92c28cb639d7537d00f9f48f326e5f1ced4c869b,MOVE,lib/create/from-array.js:1,src/lib/create/from-array.js:1
92c28cb639d7537d00f9f48f326e5f1ced4c869b,MOVE,lib/moment/moment.js:1,src/lib/moment/moment.js:1
92c28cb639d7537d00f9f48f326e5f1ced4c869b,MOVE,lib/duration/as.js:1,src/lib/duration/as.js:1
92c28cb639d7537d00f9f48f326e5f1ced4c869b,MOVE,lib/moment/constructor.js:1,src/lib/moment/constructor.js:1
92c28cb639d7537d00f9f48f326e5f1ced4c869b,MOVE,lib/moment/valid.js:1,src/lib/moment/valid.js:1
92c28cb639d7537d00f9f48f326e5f1ced4c869b,MOVE,test/moment/parsing_flags.js:1,src/test/moment/parsing_flags.js:1
92c28cb639d7537d00f9f48f326e5f1ced4c869b,MOVE,lib/units/second.js:1,src/lib/units/second.js:1
92c28cb639d7537d00f9f48f326e5f1ced4c869b,MOVE,lib/units/day-of-month.js:1,src/lib/units/day-of-month.js:1
92c28cb639d7537d00f9f48f326e5f1ced4c869b,MOVE,lib/moment/min-max.js:1,src/lib/moment/min-max.js:1
92c28cb639d7537d00f9f48f326e5f1ced4c869b,MOVE,lib/moment/diff.js:1,src/lib/moment/diff.js:1
92c28cb639d7537d00f9f48f326e5f1ced4c869b,MOVE,lib/units/aliases.js:1,src/lib/units/aliases.js:1
92c28cb639d7537d00f9f48f326e5f1ced4c869b,MOVE,test/moment/is_valid.js:1,src/test/moment/is_valid.js:1
92c28cb639d7537d00f9f48f326e5f1ced4c869b,MOVE,lib/utils/abs-floor.js:1,src/lib/utils/abs-floor.js:1
92c28cb639d7537d00f9f48f326e5f1ced4c869b,MOVE,lib/moment/to-type.js:1,src/lib/moment/to-type.js:1
92c28cb639d7537d00f9f48f326e5f1ced4c869b,MOVE,lib/units/month.js:1,src/lib/units/month.js:1
92c28cb639d7537d00f9f48f326e5f1ced4c869b,MOVE,lib/utils/compare-arrays.js:1,src/lib/utils/compare-arrays.js:1
92c28cb639d7537d00f9f48f326e5f1ced4c869b,MOVE,test/moment/leapyear.js:1,src/test/moment/leapyear.js:1
92c28cb639d7537d00f9f48f326e5f1ced4c869b,MOVE,lib/create/from-anything.js:1,src/lib/create/from-anything.js:1
92c28cb639d7537d00f9f48f326e5f1ced4c869b,MOVE,lib/duration/add-subtract.js:1,src/lib/duration/add-subtract.js:1
92c28cb639d7537d00f9f48f326e5f1ced4c869b,MOVE,test/moment/start_end_of.js:1,src/test/moment/start_end_of.js:1
92c28cb639d7537d00f9f48f326e5f1ced4c869b,MOVE,lib/duration/duration.js:1,src/lib/duration/duration.js:1
92c28cb639d7537d00f9f48f326e5f1ced4c869b,MOVE,lib/format/format.js:1,src/lib/format/format.js:1
92c28cb639d7537d00f9f48f326e5f1ced4c869b,MOVE,lib/units/day-of-week.js:1,src/lib/units/day-of-week.js:1
92c28cb639d7537d00f9f48f326e5f1ced4c869b,MOVE,lib/moment/locale.js:1,src/lib/moment/locale.js:1
92c28cb639d7537d00f9f48f326e5f1ced4c869b,MOVE,test/moment/utc.js:1,src/test/moment/utc.js:1
92c28cb639d7537d00f9f48f326e5f1ced4c869b,MOVE,lib/moment.js:1,src/moment.js:1
92c28cb639d7537d00f9f48f326e5f1ced4c869b,MOVE,lib/moment/from.js:1,src/lib/moment/from.js:1
92c28cb639d7537d00f9f48f326e5f1ced4c869b,MOVE,lib/locale/calendar.js:1,src/lib/locale/calendar.js:1
92c28cb639d7537d00f9f48f326e5f1ced4c869b,MOVE,lib/locale/locales.js:1,src/lib/locale/locales.js:1
92c28cb639d7537d00f9f48f326e5f1ced4c869b,MOVE,lib/duration/humanize.js:1,src/lib/duration/humanize.js:1
92c28cb639d7537d00f9f48f326e5f1ced4c869b,MOVE,test/moment/min_max.js:1,src/test/moment/min_max.js:1
92c28cb639d7537d00f9f48f326e5f1ced4c869b,MOVE,lib/duration/get.js:1,src/lib/duration/get.js:1
92c28cb639d7537d00f9f48f326e5f1ced4c869b,MOVE,lib/utils/zero-fill.js:1,src/lib/utils/zero-fill.js:1
92c28cb639d7537d00f9f48f326e5f1ced4c869b,MOVE,lib/units/constants.js:1,src/lib/units/constants.js:1
92c28cb639d7537d00f9f48f326e5f1ced4c869b,MOVE,lib/units/timezone.js:1,src/lib/units/timezone.js:1
92c28cb639d7537d00f9f48f326e5f1ced4c869b,MOVE,test/moment/create.js:1,src/test/moment/create.js:1
92c28cb639d7537d00f9f48f326e5f1ced4c869b,MOVE,lib/create/default-parsing-flags.js:1,src/lib/create/default-parsing-flags.js:1
92c28cb639d7537d00f9f48f326e5f1ced4c869b,MOVE,lib/locale/relative.js:1,src/lib/locale/relative.js:1
92c28cb639d7537d00f9f48f326e5f1ced4c869b,MOVE,test/moment/normalize_units.js:1,src/test/moment/normalize_units.js:1
92c28cb639d7537d00f9f48f326e5f1ced4c869b,MOVE,lib/utils/hooks.js:1,src/lib/utils/hooks.js:1
92c28cb639d7537d00f9f48f326e5f1ced4c869b,MOVE,lib/units/millisecond.js:1,src/lib/units/millisecond.js:1
92c28cb639d7537d00f9f48f326e5f1ced4c869b,MOVE,lib/moment/start-end-of.js:1,src/lib/moment/start-end-of.js:1
92c28cb639d7537d00f9f48f326e5f1ced4c869b,MOVE,lib/moment/format.js:1,src/lib/moment/format.js:1
92c28cb639d7537d00f9f48f326e5f1ced4c869b,MOVE,lib/moment/prototype.js:1,src/lib/moment/prototype.js:1
92c28cb639d7537d00f9f48f326e5f1ced4c869b,MOVE,lib/create/date-from-array.js:1,src/lib/create/date-from-array.js:1
92c28cb639d7537d00f9f48f326e5f1ced4c869b,MOVE,test/moment/preparse_postformat.js:1,src/test/moment/preparse_postformat.js:1
92c28cb639d7537d00f9f48f326e5f1ced4c869b,MOVE,lib/moment/compare.js:1,src/lib/moment/compare.js:1
92c28cb639d7537d00f9f48f326e5f1ced4c869b,MOVE,test/qunit.js:1,src/test/qunit.js:1
92c28cb639d7537d00f9f48f326e5f1ced4c869b,MOVE,test/moment/locale.js:1,src/test/moment/locale.js:1
92c28cb639d7537d00f9f48f326e5f1ced4c869b,MOVE,lib/parse/token.js:1,src/lib/parse/token.js:1
92c28cb639d7537d00f9f48f326e5f1ced4c869b,MOVE,test/moment/diff.js:1,src/test/moment/diff.js:1
92c28cb639d7537d00f9f48f326e5f1ced4c869b,MOVE,lib/duration/prototype.js:1,src/lib/duration/prototype.js:1
92c28cb639d7537d00f9f48f326e5f1ced4c869b,MOVE,lib/utils/is-date.js:1,src/lib/utils/is-date.js:1
92c28cb639d7537d00f9f48f326e5f1ced4c869b,MOVE,lib/locale/ordinal.js:1,src/lib/locale/ordinal.js:1
92c28cb639d7537d00f9f48f326e5f1ced4c869b,MOVE,lib/create/from-string.js:1,src/lib/create/from-string.js:1
92c28cb639d7537d00f9f48f326e5f1ced4c869b,MOVE,lib/create/valid.js:1,src/lib/create/valid.js:1
92c28cb639d7537d00f9f48f326e5f1ced4c869b,MOVE,lib/moment/add-subtract.js:1,src/lib/moment/add-subtract.js:1
92c28cb639d7537d00f9f48f326e5f1ced4c869b,MOVE,lib/utils/has-own-prop.js:1,src/lib/utils/has-own-prop.js:1
92c28cb639d7537d00f9f48f326e5f1ced4c869b,MOVE,lib/moment/clone.js:1,src/lib/moment/clone.js:1
92c28cb639d7537d00f9f48f326e5f1ced4c869b,MOVE,test/moment/is_moment.js:1,src/test/moment/is_moment.js:1
92c28cb639d7537d00f9f48f326e5f1ced4c869b,MOVE,lib/create/from-string-and-format.js:1,src/lib/create/from-string-and-format.js:1
92c28cb639d7537d00f9f48f326e5f1ced4c869b,MOVE,lib/locale/prototype.js:1,src/lib/locale/prototype.js:1
92c28cb639d7537d00f9f48f326e5f1ced4c869b,MOVE,lib/locale/locale.js:1,src/lib/locale/locale.js:1
92c28cb639d7537d00f9f48f326e5f1ced4c869b,MOVE,lib/units/day-of-year.js:1,src/lib/units/day-of-year.js:1
92c28cb639d7537d00f9f48f326e5f1ced4c869b,MOVE,lib/units/week-year.js:1,src/lib/units/week-year.js:1
92c28cb639d7537d00f9f48f326e5f1ced4c869b,MOVE,lib/moment/calendar.js:1,src/lib/moment/calendar.js:1
92c28cb639d7537d00f9f48f326e5f1ced4c869b,MOVE,test/moment/format.js:1,src/test/moment/format.js:1
92c28cb639d7537d00f9f48f326e5f1ced4c869b,MOVE,test/helpers/each.js:1,src/test/helpers/each.js:1
92c28cb639d7537d00f9f48f326e5f1ced4c869b,MOVE,lib/create/from-string-and-array.js:1,src/lib/create/from-string-and-array.js:1
92c28cb639d7537d00f9f48f326e5f1ced4c869b,MOVE,lib/units/timestamp.js:1,src/lib/units/timestamp.js:1
92c28cb639d7537d00f9f48f326e5f1ced4c869b,MOVE,lib/create/from-object.js:1,src/lib/create/from-object.js:1
92c28cb639d7537d00f9f48f326e5f1ced4c869b,MOVE,lib/duration/bubble.js:1,src/lib/duration/bubble.js:1
92c28cb639d7537d00f9f48f326e5f1ced4c869b,MOVE,test/moment/zones.js:1,src/test/moment/zones.js:1
92c28cb639d7537d00f9f48f326e5f1ced4c869b,MOVE,test/moment/quarter.js:1,src/test/moment/quarter.js:1
92c28cb639d7537d00f9f48f326e5f1ced4c869b,MOVE,lib/units/offset.js:1,src/lib/units/offset.js:1
92c28cb639d7537d00f9f48f326e5f1ced4c869b,MOVE,test/moment/add_subtract.js:1,src/test/moment/add_subtract.js:1
92c28cb639d7537d00f9f48f326e5f1ced4c869b,MOVE,lib/utils/map.js:1,src/lib/utils/map.js:1
92c28cb639d7537d00f9f48f326e5f1ced4c869b,MOVE,lib/units/year.js:1,src/lib/units/year.js:1
92c28cb639d7537d00f9f48f326e5f1ced4c869b,MOVE,test/moment/is_before.js:1,src/test/moment/is_before.js:1
92c28cb639d7537d00f9f48f326e5f1ced4c869b,MOVE,lib/utils/to-int.js:1,src/lib/utils/to-int.js:1
92c28cb639d7537d00f9f48f326e5f1ced4c869b,MOVE,lib/locale/invalid.js:1,src/lib/locale/invalid.js:1
92c28cb639d7537d00f9f48f326e5f1ced4c869b,MOVE,lib/units/units.js:1,src/lib/units/units.js:1
92c28cb639d7537d00f9f48f326e5f1ced4c869b,MOVE,test/moment/week_year.js:1,src/test/moment/week_year.js:1
92c28cb639d7537d00f9f48f326e5f1ced4c869b,MOVE,test/moment/invalid.js:1,src/test/moment/invalid.js:1
92c28cb639d7537d00f9f48f326e5f1ced4c869b,MOVE,lib/utils/is-array.js:1,src/lib/utils/is-array.js:1
92c28cb639d7537d00f9f48f326e5f1ced4c869b,MOVE,test/moment/weekday.js:1,src/test/moment/weekday.js:1
92c28cb639d7537d00f9f48f326e5f1ced4c869b,MOVE,lib/utils/deprecate.js:1,src/lib/utils/deprecate.js:1
92c28cb639d7537d00f9f48f326e5f1ced4c869b,MOVE,test/moment/days_in_month.js:1,src/test/moment/days_in_month.js:1
92c28cb639d7537d00f9f48f326e5f1ced4c869b,MOVE,lib/create/check-overflow.js:1,src/lib/create/check-overflow.js:1
92c28cb639d7537d00f9f48f326e5f1ced4c869b,MOVE,lib/create/utc.js:1,src/lib/create/utc.js:1
92c28cb639d7537d00f9f48f326e5f1ced4c869b,MOVE,lib/locale/lists.js:1,src/lib/locale/lists.js:1
92c28cb639d7537d00f9f48f326e5f1ced4c869b,MOVE,lib/utils/extend.js:1,src/lib/utils/extend.js:1
92c28cb639d7537d00f9f48f326e5f1ced4c869b,MOVE,test/moment/zone_switching.js:1,src/test/moment/zone_switching.js:1
92c28cb639d7537d00f9f48f326e5f1ced4c869b,MOVE,test/moment/string_prototype.js:1,src/test/moment/string_prototype.js:1
92c28cb639d7537d00f9f48f326e5f1ced4c869b,MOVE,lib/duration/iso-string.js:1,src/lib/duration/iso-string.js:1
92c28cb639d7537d00f9f48f326e5f1ced4c869b,MOVE,test/moment/is_date.js:1,src/test/moment/is_date.js:1
92c28cb639d7537d00f9f48f326e5f1ced4c869b,MOVE,lib/units/week.js:1,src/lib/units/week.js:1
92c28cb639d7537d00f9f48f326e5f1ced4c869b,MOVE,test/moment/getters_setters.js:1,src/test/moment/getters_setters.js:1
92c28cb639d7537d00f9f48f326e5f1ced4c869b,MOVE,test/moment/is_after.js:1,src/test/moment/is_after.js:1
92c28cb639d7537d00f9f48f326e5f1ced4c869b,MOVE,lib/locale/set.js:1,src/lib/locale/set.js:1
92c28cb639d7537d00f9f48f326e5f1ced4c869b,MOVE,lib/locale/constructor.js:1,src/lib/locale/constructor.js:1
92c28cb639d7537d00f9f48f326e5f1ced4c869b,MOVE,lib/locale/en.js:1,src/lib/locale/en.js:1
92c28cb639d7537d00f9f48f326e5f1ced4c869b,MOVE,lib/duration/constructor.js:1,src/lib/duration/constructor.js:1
92c28cb639d7537d00f9f48f326e5f1ced4c869b,MOVE,lib/moment/get-set.js:1,src/lib/moment/get-set.js:1
92c28cb639d7537d00f9f48f326e5f1ced4c869b,MOVE,test/moment/weeks_in_year.js:1,src/test/moment/weeks_in_year.js:1
92c28cb639d7537d00f9f48f326e5f1ced4c869b,MOVE,test/moment/mutable.js:1,src/test/moment/mutable.js:1
92c28cb639d7537d00f9f48f326e5f1ced4c869b,MOVE,test/moment/duration.js:1,src/test/moment/duration.js:1
92c28cb639d7537d00f9f48f326e5f1ced4c869b,MOVE,test/moment/listers.js:1,src/test/moment/listers.js:1
92c28cb639d7537d00f9f48f326e5f1ced4c869b,MOVE,test/moment/relative_time.js:1,src/test/moment/relative_time.js:1
92c28cb639d7537d00f9f48f326e5f1ced4c869b,MOVE,lib/utils/defaults.js:1,src/lib/utils/defaults.js:1
92c28cb639d7537d00f9f48f326e5f1ced4c869b,MOVE,lib/locale/formats.js:1,src/lib/locale/formats.js:1
92c28cb639d7537d00f9f48f326e5f1ced4c869b,MOVE,lib/units/quarter.js:1,src/lib/units/quarter.js:1
92c28cb639d7537d00f9f48f326e5f1ced4c869b,MOVE,lib/parse/regex.js:1,src/lib/parse/regex.js:1
92c28cb639d7537d00f9f48f326e5f1ced4c869b,MOVE,test/moment/utc_offset.js:1,src/test/moment/utc_offset.js:1
945c05829d831e5f9478c9e573fdb85d3342b24f,EXTRACT,src/lib/create/from-anything.js:16,src/lib/create/from-anything.js:27
94ad539f965689289af54b6493abca0a65ab4ce6,RENAME,min/moment-with-locales.js:1164,min/moment-with-locales.js:1228
94ad539f965689289af54b6493abca0a65ab4ce6,RENAME,min/moment-with-locales.js:2577,min/moment-with-locales.js:2676
94ad539f965689289af54b6493abca0a65ab4ce6,RENAME,min/moment-with-locales.js:2416,min/moment-with-locales.js:2494
961faffcf8b60b67310ce0c907aa8c3cb8520d06,MOVE,lang/ms-my.js:1,locale/ms-my.js:1
961faffcf8b60b67310ce0c907aa8c3cb8520d06,MOVE,test/lang/fa.js:1,test/locale/fa.js:1
961faffcf8b60b67310ce0c907aa8c3cb8520d06,MOVE,test/lang/bg.js:1,test/locale/bg.js:1
961faffcf8b60b67310ce0c907aa8c3cb8520d06,MOVE,lang/mk.js:1,locale/mk.js:1
961faffcf8b60b67310ce0c907aa8c3cb8520d06,MOVE,test/lang/ko.js:1,test/locale/ko.js:1
961faffcf8b60b67310ce0c907aa8c3cb8520d06,MOVE,test/lang/ca.js:1,test/locale/ca.js:1
961faffcf8b60b67310ce0c907aa8c3cb8520d06,MOVE,test/lang/sl.js:1,test/locale/sl.js:1
961faffcf8b60b67310ce0c907aa8c3cb8520d06,MOVE,lang/pt.js:1,locale/pt.js:1
961faffcf8b60b67310ce0c907aa8c3cb8520d06,MOVE,test/lang/th.js:1,test/locale/th.js:1
961faffcf8b60b67310ce0c907aa8c3cb8520d06,MOVE,test/lang/en.js:1,test/locale/en.js:1
961faffcf8b60b67310ce0c907aa8c3cb8520d06,MOVE,test/lang/eo.js:1,test/locale/eo.js:1
961faffcf8b60b67310ce0c907aa8c3cb8520d06,RENAME,moment.js:699,moment.js:701
961faffcf8b60b67310ce0c907aa8c3cb8520d06,MOVE,lang/lb.js:1,locale/lb.js:1
961faffcf8b60b67310ce0c907aa8c3cb8520d06,MOVE,lang/ar-ma.js:1,locale/ar-ma.js:1
961faffcf8b60b67310ce0c907aa8c3cb8520d06,MOVE,lang/km.js:1,locale/km.js:1
961faffcf8b60b67310ce0c907aa8c3cb8520d06,MOVE,lang/ta.js:1,locale/ta.js:1
961faffcf8b60b67310ce0c907aa8c3cb8520d06,MOVE,test/lang/hi.js:1,test/locale/hi.js:1
961faffcf8b60b67310ce0c907aa8c3cb8520d06,RENAME,moment.js:921,moment.js:1908
961faffcf8b60b67310ce0c907aa8c3cb8520d06,MOVE,test/lang/da.js:1,test/locale/da.js:1
961faffcf8b60b67310ce0c907aa8c3cb8520d06,MOVE,lang/en-au.js:1,locale/en-au.js:1
961faffcf8b60b67310ce0c907aa8c3cb8520d06,MOVE,test/lang/el.js:1,test/locale/el.js:1
961faffcf8b60b67310ce0c907aa8c3cb8520d06,MOVE,lang/ja.js:1,locale/ja.js:1
961faffcf8b60b67310ce0c907aa8c3cb8520d06,MOVE,test/lang/pt-br.js:1,test/locale/pt-br.js:1
961faffcf8b60b67310ce0c907aa8c3cb8520d06,MOVE,test/lang/km.js:1,test/locale/km.js:1
961faffcf8b60b67310ce0c907aa8c3cb8520d06,MOVE,lang/fr.js:1,locale/fr.js:1
961faffcf8b60b67310ce0c907aa8c3cb8520d06,MOVE,test/lang/zh-tw.js:1,test/locale/zh-tw.js:1
961faffcf8b60b67310ce0c907aa8c3cb8520d06,MOVE,lang/de.js:1,locale/de.js:1
961faffcf8b60b67310ce0c907aa8c3cb8520d06,MOVE,lang/fr-ca.js:1,locale/fr-ca.js:1
961faffcf8b60b67310ce0c907aa8c3cb8520d06,MOVE,lang/az.js:1,locale/az.js:1
961faffcf8b60b67310ce0c907aa8c3cb8520d06,MOVE,test/lang/ta.js:1,test/locale/ta.js:1
961faffcf8b60b67310ce0c907aa8c3cb8520d06,MOVE,test/lang/cv.js:1,test/locale/cv.js:1
961faffcf8b60b67310ce0c907aa8c3cb8520d06,MOVE,test/lang/zh-cn.js:1,test/locale/zh-cn.js:1
961faffcf8b60b67310ce0c907aa8c3cb8520d06,MOVE,lang/cs.js:1,locale/cs.js:1
961faffcf8b60b67310ce0c907aa8c3cb8520d06,MOVE,test/lang/de.js:1,test/locale/de.js:1
961faffcf8b60b67310ce0c907aa8c3cb8520d06,MOVE,test/lang/nb.js:1,test/locale/nb.js:1
961faffcf8b60b67310ce0c907aa8c3cb8520d06,MOVE,lang/eu.js:1,locale/eu.js:1
961faffcf8b60b67310ce0c907aa8c3cb8520d06,MOVE,test/lang/fo.js:1,test/locale/fo.js:1
961faffcf8b60b67310ce0c907aa8c3cb8520d06,MOVE,lang/ar.js:1,locale/ar.js:1
961faffcf8b60b67310ce0c907aa8c3cb8520d06,MOVE,test/lang/bs.js:1,test/locale/bs.js:1
961faffcf8b60b67310ce0c907aa8c3cb8520d06,MOVE,lang/ar-sa.js:1,locale/ar-sa.js:1
961faffcf8b60b67310ce0c907aa8c3cb8520d06,MOVE,test/lang/sv.js:1,test/locale/sv.js:1
961faffcf8b60b67310ce0c907aa8c3cb8520d06,MOVE,lang/he.js:1,locale/he.js:1
961faffcf8b60b67310ce0c907aa8c3cb8520d06,MOVE,lang/en-gb.js:1,locale/en-gb.js:1
961faffcf8b60b67310ce0c907aa8c3cb8520d06,MOVE,lang/cv.js:1,locale/cv.js:1
961faffcf8b60b67310ce0c907aa8c3cb8520d06,MOVE,test/lang/cy.js:1,test/locale/cy.js:1
961faffcf8b60b67310ce0c907aa8c3cb8520d06,MOVE,test/lang/hu.js:1,test/locale/hu.js:1
961faffcf8b60b67310ce0c907aa8c3cb8520d06,MOVE,lang/is.js:1,locale/is.js:1
961faffcf8b60b67310ce0c907aa8c3cb8520d06,MOVE,test/lang/en-au.js:1,test/locale/en-au.js:1
961faffcf8b60b67310ce0c907aa8c3cb8520d06,MOVE,test/lang/fi.js:1,test/locale/fi.js:1
961faffcf8b60b67310ce0c907aa8c3cb8520d06,MOVE,test/lang/it.js:1,test/locale/it.js:1
961faffcf8b60b67310ce0c907aa8c3cb8520d06,MOVE,test/lang/cs.js:1,test/locale/cs.js:1
961faffcf8b60b67310ce0c907aa8c3cb8520d06,MOVE,test/lang/ja.js:1,test/locale/ja.js:1
961faffcf8b60b67310ce0c907aa8c3cb8520d06,MOVE,test/lang/mk.js:1,test/locale/mk.js:1
961faffcf8b60b67310ce0c907aa8c3cb8520d06,MOVE,lang/es.js:1,locale/es.js:1
961faffcf8b60b67310ce0c907aa8c3cb8520d06,MOVE,test/lang/lv.js:1,test/locale/lv.js:1
961faffcf8b60b67310ce0c907aa8c3cb8520d06,MOVE,test/lang/eu.js:1,test/locale/eu.js:1
961faffcf8b60b67310ce0c907aa8c3cb8520d06,MOVE,lang/et.js:1,locale/et.js:1
961faffcf8b60b67310ce0c907aa8c3cb8520d06,MOVE,lang/de-at.js:1,locale/de-at.js:1
961faffcf8b60b67310ce0c907aa8c3cb8520d06,MOVE,lang/ka.js:1,locale/ka.js:1
961faffcf8b60b67310ce0c907aa8c3cb8520d06,MOVE,lang/ne.js:1,locale/ne.js:1
961faffcf8b60b67310ce0c907aa8c3cb8520d06,MOVE,lang/vi.js:1,locale/vi.js:1
961faffcf8b60b67310ce0c907aa8c3cb8520d06,MOVE,test/lang/lb.js:1,test/locale/lb.js:1
961faffcf8b60b67310ce0c907aa8c3cb8520d06,MOVE,test/lang/ar-ma.js:1,test/locale/ar-ma.js:1
961faffcf8b60b67310ce0c907aa8c3cb8520d06,MOVE,test/lang/uz.js:1,test/locale/uz.js:1
961faffcf8b60b67310ce0c907aa8c3cb8520d06,MOVE,lang/hr.js:1,locale/hr.js:1
961faffcf8b60b67310ce0c907aa8c3cb8520d06,MOVE,test/lang/pt.js:1,test/locale/pt.js:1
961faffcf8b60b67310ce0c907aa8c3cb8520d06,MOVE,lang/hy-am.js:1,locale/hy-am.js:1
961faffcf8b60b67310ce0c907aa8c3cb8520d06,MOVE,lang/id.js:1,locale/id.js:1
961faffcf8b60b67310ce0c907aa8c3cb8520d06,MOVE,lang/uk.js:1,locale/uk.js:1
961faffcf8b60b67310ce0c907aa8c3cb8520d06,MOVE,test/lang/ms-my.js:1,test/locale/ms-my.js:1
961faffcf8b60b67310ce0c907aa8c3cb8520d06,MOVE,test/lang/sk.js:1,test/locale/sk.js:1
961faffcf8b60b67310ce0c907aa8c3cb8520d06,MOVE,lang/en-ca.js:1,locale/en-ca.js:1
961faffcf8b60b67310ce0c907aa8c3cb8520d06,MOVE,test/lang/tzm-latn.js:1,test/locale/tzm-latn.js:1
961faffcf8b60b67310ce0c907aa8c3cb8520d06,MOVE,test/lang/ru.js:1,test/locale/ru.js:1
961faffcf8b60b67310ce0c907aa8c3cb8520d06,MOVE,lang/bg.js:1,locale/bg.js:1
961faffcf8b60b67310ce0c907aa8c3cb8520d06,MOVE,lang/tzm-latn.js:1,locale/tzm-latn.js:1
961faffcf8b60b67310ce0c907aa8c3cb8520d06,MOVE,lang/cy.js:1,locale/cy.js:1
961faffcf8b60b67310ce0c907aa8c3cb8520d06,MOVE,lang/fa.js:1,locale/fa.js:1
961faffcf8b60b67310ce0c907aa8c3cb8520d06,MOVE,lang/ca.js:1,locale/ca.js:1
961faffcf8b60b67310ce0c907aa8c3cb8520d06,MOVE,lang/sk.js:1,locale/sk.js:1
961faffcf8b60b67310ce0c907aa8c3cb8520d06,MOVE,test/lang/vi.js:1,test/locale/vi.js:1
961faffcf8b60b67310ce0c907aa8c3cb8520d06,MOVE,lang/hu.js:1,locale/hu.js:1
961faffcf8b60b67310ce0c907aa8c3cb8520d06,MOVE,test/lang/id.js:1,test/locale/id.js:1
961faffcf8b60b67310ce0c907aa8c3cb8520d06,MOVE,test/lang/hy-am.js:1,test/locale/hy-am.js:1
961faffcf8b60b67310ce0c907aa8c3cb8520d06,MOVE,lang/sr-cyrl.js:1,locale/sr-cyrl.js:1
961faffcf8b60b67310ce0c907aa8c3cb8520d06,MOVE,lang/tr.js:1,locale/tr.js:1
961faffcf8b60b67310ce0c907aa8c3cb8520d06,MOVE,test/lang/ml.js:1,test/locale/ml.js:1
961faffcf8b60b67310ce0c907aa8c3cb8520d06,MOVE,test/lang/az.js:1,test/locale/az.js:1
961faffcf8b60b67310ce0c907aa8c3cb8520d06,RENAME,test/moment/lang.js:1,test/moment/locale.js:1
961faffcf8b60b67310ce0c907aa8c3cb8520d06,MOVE,test/lang/ar-sa.js:1,test/locale/ar-sa.js:1
961faffcf8b60b67310ce0c907aa8c3cb8520d06,MOVE,lang/th.js:1,locale/th.js:1
961faffcf8b60b67310ce0c907aa8c3cb8520d06,MOVE,lang/sq.js:1,locale/sq.js:1
961faffcf8b60b67310ce0c907aa8c3cb8520d06,MOVE,test/lang/nl.js:1,test/locale/nl.js:1
961faffcf8b60b67310ce0c907aa8c3cb8520d06,MOVE,lang/bs.js:1,locale/bs.js:1
961faffcf8b60b67310ce0c907aa8c3cb8520d06,MOVE,lang/sl.js:1,locale/sl.js:1
961faffcf8b60b67310ce0c907aa8c3cb8520d06,MOVE,lang/pl.js:1,locale/pl.js:1
961faffcf8b60b67310ce0c907aa8c3cb8520d06,MOVE,lang/da.js:1,locale/da.js:1
961faffcf8b60b67310ce0c907aa8c3cb8520d06,MOVE,test/lang/mr.js:1,test/locale/mr.js:1
961faffcf8b60b67310ce0c907aa8c3cb8520d06,MOVE,test/lang/is.js:1,test/locale/is.js:1
961faffcf8b60b67310ce0c907aa8c3cb8520d06,MOVE,test/lang/ka.js:1,test/locale/ka.js:1
961faffcf8b60b67310ce0c907aa8c3cb8520d06,MOVE,test/lang/nn.js:1,test/locale/nn.js:1
961faffcf8b60b67310ce0c907aa8c3cb8520d06,MOVE,test/lang/de-at.js:1,test/locale/de-at.js:1
961faffcf8b60b67310ce0c907aa8c3cb8520d06,MOVE,lang/lv.js:1,locale/lv.js:1
961faffcf8b60b67310ce0c907aa8c3cb8520d06,MOVE,test/lang/br.js:1,test/locale/br.js:1
961faffcf8b60b67310ce0c907aa8c3cb8520d06,MOVE,test/lang/pl.js:1,test/locale/pl.js:1
961faffcf8b60b67310ce0c907aa8c3cb8520d06,MOVE,test/lang/sr-cyrl.js:1,test/locale/sr-cyrl.js:1
961faffcf8b60b67310ce0c907aa8c3cb8520d06,MOVE,lang/bn.js:1,locale/bn.js:1
961faffcf8b60b67310ce0c907aa8c3cb8520d06,MOVE,lang/ko.js:1,locale/ko.js:1
961faffcf8b60b67310ce0c907aa8c3cb8520d06,MOVE,test/lang/en-ca.js:1,test/locale/en-ca.js:1
961faffcf8b60b67310ce0c907aa8c3cb8520d06,MOVE,lang/el.js:1,locale/el.js:1
961faffcf8b60b67310ce0c907aa8c3cb8520d06,MOVE,lang/mr.js:1,locale/mr.js:1
961faffcf8b60b67310ce0c907aa8c3cb8520d06,MOVE,lang/hi.js:1,locale/hi.js:1
961faffcf8b60b67310ce0c907aa8c3cb8520d06,MOVE,lang/tzm.js:1,locale/tzm.js:1
961faffcf8b60b67310ce0c907aa8c3cb8520d06,MOVE,lang/ro.js:1,locale/ro.js:1
961faffcf8b60b67310ce0c907aa8c3cb8520d06,MOVE,lang/nl.js:1,locale/nl.js:1
961faffcf8b60b67310ce0c907aa8c3cb8520d06,MOVE,lang/eo.js:1,locale/eo.js:1
961faffcf8b60b67310ce0c907aa8c3cb8520d06,MOVE,test/lang/bn.js:1,test/locale/bn.js:1
961faffcf8b60b67310ce0c907aa8c3cb8520d06,MOVE,test/lang/en-gb.js:1,test/locale/en-gb.js:1
961faffcf8b60b67310ce0c907aa8c3cb8520d06,MOVE,lang/tl-ph.js:1,locale/tl-ph.js:1
961faffcf8b60b67310ce0c907aa8c3cb8520d06,MOVE,test/lang/et.js:1,test/locale/et.js:1
961faffcf8b60b67310ce0c907aa8c3cb8520d06,MOVE,test/lang/tzm.js:1,test/locale/tzm.js:1
961faffcf8b60b67310ce0c907aa8c3cb8520d06,MOVE,test/lang/gl.js:1,test/locale/gl.js:1
961faffcf8b60b67310ce0c907aa8c3cb8520d06,MOVE,lang/nb.js:1,locale/nb.js:1
961faffcf8b60b67310ce0c907aa8c3cb8520d06,MOVE,test/lang/es.js:1,test/locale/es.js:1
961faffcf8b60b67310ce0c907aa8c3cb8520d06,MOVE,lang/fi.js:1,locale/fi.js:1
961faffcf8b60b67310ce0c907aa8c3cb8520d06,MOVE,lang/lt.js:1,locale/lt.js:1
961faffcf8b60b67310ce0c907aa8c3cb8520d06,MOVE,lang/ru.js:1,locale/ru.js:1
961faffcf8b60b67310ce0c907aa8c3cb8520d06,MOVE,test/lang/tr.js:1,test/locale/tr.js:1
961faffcf8b60b67310ce0c907aa8c3cb8520d06,MOVE,lang/zh-cn.js:1,locale/zh-cn.js:1
961faffcf8b60b67310ce0c907aa8c3cb8520d06,MOVE,lang/pt-br.js:1,locale/pt-br.js:1
961faffcf8b60b67310ce0c907aa8c3cb8520d06,MOVE,lang/zh-tw.js:1,locale/zh-tw.js:1
961faffcf8b60b67310ce0c907aa8c3cb8520d06,MOVE,test/lang/fr.js:1,test/locale/fr.js:1
961faffcf8b60b67310ce0c907aa8c3cb8520d06,MOVE,test/lang/sq.js:1,test/locale/sq.js:1
961faffcf8b60b67310ce0c907aa8c3cb8520d06,MOVE,test/lang/he.js:1,test/locale/he.js:1
961faffcf8b60b67310ce0c907aa8c3cb8520d06,MOVE,test/lang/ar.js:1,test/locale/ar.js:1
961faffcf8b60b67310ce0c907aa8c3cb8520d06,MOVE,test/lang/ne.js:1,test/locale/ne.js:1
961faffcf8b60b67310ce0c907aa8c3cb8520d06,MOVE,test/lang/ro.js:1,test/locale/ro.js:1
961faffcf8b60b67310ce0c907aa8c3cb8520d06,MOVE,test/lang/lt.js:1,test/locale/lt.js:1
961faffcf8b60b67310ce0c907aa8c3cb8520d06,MOVE,test/lang/fr-ca.js:1,test/locale/fr-ca.js:1
961faffcf8b60b67310ce0c907aa8c3cb8520d06,INLINE,min/moment-with-langs.js:821,moment.js:1634
961faffcf8b60b67310ce0c907aa8c3cb8520d06,MOVE,test/lang/tl-ph.js:1,test/locale/tl-ph.js:1
961faffcf8b60b67310ce0c907aa8c3cb8520d06,MOVE,lang/gl.js:1,locale/gl.js:1
961faffcf8b60b67310ce0c907aa8c3cb8520d06,MOVE,test/lang/sr.js:1,test/locale/sr.js:1
961faffcf8b60b67310ce0c907aa8c3cb8520d06,MOVE,lang/ml.js:1,locale/ml.js:1
961faffcf8b60b67310ce0c907aa8c3cb8520d06,MOVE,lang/it.js:1,locale/it.js:1
961faffcf8b60b67310ce0c907aa8c3cb8520d06,MOVE,lang/sr.js:1,locale/sr.js:1
961faffcf8b60b67310ce0c907aa8c3cb8520d06,MOVE,lang/fo.js:1,locale/fo.js:1
961faffcf8b60b67310ce0c907aa8c3cb8520d06,MOVE,lang/br.js:1,locale/br.js:1
961faffcf8b60b67310ce0c907aa8c3cb8520d06,RENAME,tasks/embed_languages.js:1,tasks/embed_locales.js:1
961faffcf8b60b67310ce0c907aa8c3cb8520d06,MOVE,test/lang/hr.js:1,test/locale/hr.js:1
961faffcf8b60b67310ce0c907aa8c3cb8520d06,MOVE,lang/uz.js:1,locale/uz.js:1
961faffcf8b60b67310ce0c907aa8c3cb8520d06,MOVE,lang/nn.js:1,locale/nn.js:1
961faffcf8b60b67310ce0c907aa8c3cb8520d06,MOVE,test/lang/uk.js:1,test/locale/uk.js:1
961faffcf8b60b67310ce0c907aa8c3cb8520d06,MOVE,lang/sv.js:1,locale/sv.js:1
9acd38fcff7c996200ac0e4df49b5ca9737940f0,EXTRACT,min/moment-with-langs.js:1184,min/moment-with-langs.js:1214
9acd38fcff7c996200ac0e4df49b5ca9737940f0,EXTRACT,min/moment-with-langs.js:1409,min/moment-with-langs.js:1464
9c7617c15409fdb2db52a0ea41bea74558fabe64,EXTRACT,moment.js:1828,moment.js:588
9e609c038ad6c9c12e98dd8268a84b512d762153,RENAME,moment.js:2611,moment.js:2619
9e86bf8d1c8d18cafccba26475d6ad1fc57e0be7,RENAME,build.js:37,build.js:65
a1365730c3de1b27f2a52e20c14eb5a3a28c66d2,EXTRACT,underscore.date.js:222,underscore.date.js:60
a50b6c460f891515d88dd51510b57fde4c4cd1d4,RENAME,src/locale/kg.js:1,src/locale/ky.js:1
a5c7cdd24402243806a21da8e473af04e3a0c502,RENAME,moment.js:374,moment.js:378
a5c7cdd24402243806a21da8e473af04e3a0c502,EXTRACT,moment.js:1716,moment.js:1229
a5c7cdd24402243806a21da8e473af04e3a0c502,EXTRACT,moment.js:1721,moment.js:1229
a5c7cdd24402243806a21da8e473af04e3a0c502,EXTRACT,moment.js:1468,moment.js:1229
a5c7cdd24402243806a21da8e473af04e3a0c502,EXTRACT,moment.js:1329,moment.js:1229
a5c7cdd24402243806a21da8e473af04e3a0c502,EXTRACT,moment.js:1583,moment.js:1229
a5c7cdd24402243806a21da8e473af04e3a0c502,EXTRACT,moment.js:1578,moment.js:1229
a5c7cdd24402243806a21da8e473af04e3a0c502,EXTRACT,moment.js:1431,moment.js:1229
a775f290a7d0f4156ecd72575356370d115eddcb,MOVE_RENAME,grunt.js:133,tasks/minify-lang.js:60
abc3a14b2ed7c9f4ff420395f3e1f198459528d8,RENAME,min/moment-with-langs.js:550,min/moment-with-langs.js:282
af40f1dc864279850f503d4cee24c846f4b9d21b,EXTRACT,moment.js:2449,moment.js:2454
af40f1dc864279850f503d4cee24c846f4b9d21b,EXTRACT,moment.js:2449,moment.js:2459
afec852c5284e15c33f2d7576638362e85e6a756,EXTRACT,moment.js:620,moment.js:631
b160f82d0a4c3129660e1f11dead6289231941ac,RENAME,lang/es.js:27,lang/es.js:27
b160f82d0a4c3129660e1f11dead6289231941ac,RENAME,lang/es.js:33,lang/es.js:33
b63a8d80e4dfbfa6de0fb684c022cbd5c29c5df8,EXTRACT,moment.js:704,moment.js:490
bbcdb957deee007a658653d703ad2d21227727d8,RENAME,lang/fi.js:53,lang/fi.js:53
bc479f310a13c89cb7a10dacee2e1b969b291f71,RENAME,min/moment-with-locales.js:8008,min/moment-with-locales.js:7832
bc479f310a13c89cb7a10dacee2e1b969b291f71,RENAME,min/locales.js:3891,min/locales.js:3411
bc479f310a13c89cb7a10dacee2e1b969b291f71,RENAME,min/locales.js:1342,min/locales.js:1189
bc479f310a13c89cb7a10dacee2e1b969b291f71,RENAME,min/moment-with-locales.js:2872,min/moment-with-locales.js:2877
bc479f310a13c89cb7a10dacee2e1b969b291f71,RENAME,moment.js:2618,moment.js:2114
bc479f310a13c89cb7a10dacee2e1b969b291f71,RENAME,min/moment-with-locales.js:6161,min/moment-with-locales.js:6085
bc479f310a13c89cb7a10dacee2e1b969b291f71,RENAME,min/locales.js:3618,min/locales.js:3172
bc479f310a13c89cb7a10dacee2e1b969b291f71,RENAME,moment.js:2830,moment.js:2859
bc479f310a13c89cb7a10dacee2e1b969b291f71,RENAME,min/locales.js:3417,min/locales.js:3000
bc479f310a13c89cb7a10dacee2e1b969b291f71,RENAME,min/moment-with-locales.js:2200,min/moment-with-locales.js:2016
bc479f310a13c89cb7a10dacee2e1b969b291f71,RENAME,min/moment-with-locales.js:8252,min/moment-with-locales.js:8053
bc479f310a13c89cb7a10dacee2e1b969b291f71,RENAME,moment.js:2628,moment.js:381
bc479f310a13c89cb7a10dacee2e1b969b291f71,RENAME,min/moment-with-locales.js:2267,min/moment-with-locales.js:1586
bc479f310a13c89cb7a10dacee2e1b969b291f71,RENAME,min/moment-with-locales.js:2771,min/moment-with-locales.js:2772
bc479f310a13c89cb7a10dacee2e1b969b291f71,RENAME,min/moment-with-locales.js:2347,min/moment-with-locales.js:2258
bc479f310a13c89cb7a10dacee2e1b969b291f71,RENAME,min/moment-with-locales.js:4578,min/moment-with-locales.js:4643
bc479f310a13c89cb7a10dacee2e1b969b291f71,RENAME,moment.js:1758,moment.js:2920
bc479f310a13c89cb7a10dacee2e1b969b291f71,RENAME,moment.js:2573,moment.js:1011
bc479f310a13c89cb7a10dacee2e1b969b291f71,RENAME,min/locales.js:5438,min/locales.js:4757
bc479f310a13c89cb7a10dacee2e1b969b291f71,RENAME,moment.js:323,moment.js:723
bc479f310a13c89cb7a10dacee2e1b969b291f71,RENAME,min/locales.js:4389,min/locales.js:3839
bc479f310a13c89cb7a10dacee2e1b969b291f71,RENAME,min/locales.js:4115,min/locales.js:3597
bc479f310a13c89cb7a10dacee2e1b969b291f71,RENAME,min/moment-with-locales.js:3539,min/moment-with-locales.js:3586
bc479f310a13c89cb7a10dacee2e1b969b291f71,RENAME,moment.js:2702,moment.js:371
bc479f310a13c89cb7a10dacee2e1b969b291f71,RENAME,min/moment-with-locales.js:6335,min/moment-with-locales.js:6247
bc479f310a13c89cb7a10dacee2e1b969b291f71,RENAME,min/moment-with-locales.js:3502,min/moment-with-locales.js:7895
bc479f310a13c89cb7a10dacee2e1b969b291f71,RENAME,min/moment-with-locales.js:7812,min/moment-with-locales.js:7645
bc479f310a13c89cb7a10dacee2e1b969b291f71,RENAME,min/moment-with-locales.js:1713,min/moment-with-locales.js:821
bc479f310a13c89cb7a10dacee2e1b969b291f71,RENAME,min/locales.js:6834,min/locales.js:5948
bc479f310a13c89cb7a10dacee2e1b969b291f71,RENAME,moment.js:2587,moment.js:2105
bc479f310a13c89cb7a10dacee2e1b969b291f71,RENAME,moment.js:974,moment.js:2329
bc479f310a13c89cb7a10dacee2e1b969b291f71,RENAME,moment.js:2582,moment.js:2100
bc479f310a13c89cb7a10dacee2e1b969b291f71,RENAME,min/moment-with-locales.js:8248,min/moment-with-locales.js:8050
bc479f310a13c89cb7a10dacee2e1b969b291f71,RENAME,min/locales.js:3430,min/locales.js:3010
bc479f310a13c89cb7a10dacee2e1b969b291f71,RENAME,moment.js:2322,moment.js:1795
bc479f310a13c89cb7a10dacee2e1b969b291f71,RENAME,min/moment-with-locales.js:6790,min/moment-with-locales.js:6672
bc479f310a13c89cb7a10dacee2e1b969b291f71,RENAME,moment.js:2267,moment.js:1592
bc479f310a13c89cb7a10dacee2e1b969b291f71,RENAME,min/moment-with-locales.js:609,min/moment-with-locales.js:1766
bc479f310a13c89cb7a10dacee2e1b969b291f71,RENAME,min/locales.js:5217,min/locales.js:4567
bc479f310a13c89cb7a10dacee2e1b969b291f71,RENAME,min/moment-with-locales.js:6148,min/moment-with-locales.js:6075
bc479f310a13c89cb7a10dacee2e1b969b291f71,RENAME,moment.js:1228,moment.js:1492
bc479f310a13c89cb7a10dacee2e1b969b291f71,RENAME,moment.js:2607,moment.js:2279
bc479f310a13c89cb7a10dacee2e1b969b291f71,RENAME,moment.js:1596,moment.js:1233
bc479f310a13c89cb7a10dacee2e1b969b291f71,RENAME,min/locales.js:5847,min/locales.js:5119
bc479f310a13c89cb7a10dacee2e1b969b291f71,RENAME,moment.js:2200,moment.js:2022
bc479f310a13c89cb7a10dacee2e1b969b291f71,RENAME,min/moment-with-locales.js:1642,min/moment-with-locales.js:766
bc479f310a13c89cb7a10dacee2e1b969b291f71,RENAME,moment.js:609,moment.js:1772
bc479f310a13c89cb7a10dacee2e1b969b291f71,RENAME,min/moment-with-locales.js:2578,min/moment-with-locales.js:2128
bc479f310a13c89cb7a10dacee2e1b969b291f71,RENAME,min/moment-with-locales.js:6587,min/moment-with-locales.js:6486
bc479f310a13c89cb7a10dacee2e1b969b291f71,RENAME,moment.js:1524,moment.js:1146
bc479f310a13c89cb7a10dacee2e1b969b291f71,RENAME,min/moment-with-locales.js:2614,min/moment-with-locales.js:2104
bc479f310a13c89cb7a10dacee2e1b969b291f71,RENAME,min/locales.js:571,min/locales.js:501
bc479f310a13c89cb7a10dacee2e1b969b291f71,RENAME,min/moment-with-locales.js:1688,min/moment-with-locales.js:1318
bc479f310a13c89cb7a10dacee2e1b969b291f71,RENAME,min/moment-with-locales.js:8122,min/moment-with-locales.js:7934
bc479f310a13c89cb7a10dacee2e1b969b291f71,RENAME,min/moment-with-locales.js:2059,min/moment-with-locales.js:2941
bc479f310a13c89cb7a10dacee2e1b969b291f71,RENAME,min/locales.js:2286,min/locales.js:2008
bc479f310a13c89cb7a10dacee2e1b969b291f71,RENAME,min/moment-with-locales.js:8396,min/moment-with-locales.js:8194
bc479f310a13c89cb7a10dacee2e1b969b291f71,RENAME,min/moment-with-locales.js:2582,min/moment-with-locales.js:2094
bc479f310a13c89cb7a10dacee2e1b969b291f71,RENAME,moment.js:2216,moment.js:1914
bc479f310a13c89cb7a10dacee2e1b969b291f71,RENAME,min/locales.js:547,min/locales.js:4820
bc479f310a13c89cb7a10dacee2e1b969b291f71,RENAME,min/moment-with-locales.js:9319,min/moment-with-locales.js:9033
bc479f310a13c89cb7a10dacee2e1b969b291f71,RENAME,min/moment-with-locales.js:5910,min/moment-with-locales.js:5848
bc479f310a13c89cb7a10dacee2e1b969b291f71,RENAME,min/moment-with-locales.js:2830,min/moment-with-locales.js:2853
bc479f310a13c89cb7a10dacee2e1b969b291f71,RENAME,moment.js:544,moment.js:1854
bc479f310a13c89cb7a10dacee2e1b969b291f71,RENAME,min/moment-with-locales.js:1970,min/moment-with-locales.js:1652
bc479f310a13c89cb7a10dacee2e1b969b291f71,RENAME,min/locales.js:3307,min/locales.js:2903
bc479f310a13c89cb7a10dacee2e1b969b291f71,RENAME,min/locales.js:5546,min/locales.js:4849
bc479f310a13c89cb7a10dacee2e1b969b291f71,RENAME,moment.js:2059,moment.js:2947
bc479f310a13c89cb7a10dacee2e1b969b291f71,RENAME,moment.js:1725,moment.js:839
bc479f310a13c89cb7a10dacee2e1b969b291f71,RENAME,min/locales.js:5533,min/locales.js:4839
bc479f310a13c89cb7a10dacee2e1b969b291f71,RENAME,moment.js:2614,moment.js:2110
bc479f310a13c89cb7a10dacee2e1b969b291f71,RENAME,min/moment-with-locales.js:3507,min/moment-with-locales.js:3558
bc479f310a13c89cb7a10dacee2e1b969b291f71,RENAME,min/moment-with-locales.js:323,min/moment-with-locales.js:717
bc479f310a13c89cb7a10dacee2e1b969b291f71,RENAME,min/moment-with-locales.js:2494,min/moment-with-locales.js:1535
bc479f310a13c89cb7a10dacee2e1b969b291f71,RENAME,min/moment-with-locales.js:934,min/moment-with-locales.js:2235
bc479f310a13c89cb7a10dacee2e1b969b291f71,RENAME,min/moment-with-locales.js:2702,min/moment-with-locales.js:365
bc479f310a13c89cb7a10dacee2e1b969b291f71,RENAME,moment.js:2597,moment.js:971
bc479f310a13c89cb7a10dacee2e1b969b291f71,RENAME,moment.js:554,moment.js:396
bc479f310a13c89cb7a10dacee2e1b969b291f71,RENAME,min/locales.js:3436,min/locales.js:3014
bc479f310a13c89cb7a10dacee2e1b969b291f71,RENAME,moment.js:863,moment.js:2617
bc479f310a13c89cb7a10dacee2e1b969b291f71,RENAME,min/moment-with-locales.js:6574,min/moment-with-locales.js:6476
bc479f310a13c89cb7a10dacee2e1b969b291f71,RENAME,moment.js:1045,moment.js:947
bc479f310a13c89cb7a10dacee2e1b969b291f71,RENAME,min/moment-with-locales.js:5338,min/moment-with-locales.js:5303
bc479f310a13c89cb7a10dacee2e1b969b291f71,RENAME,moment.js:1688,moment.js:1324
bc479f310a13c89cb7a10dacee2e1b969b291f71,RENAME,moment.js:2676,moment.js:1517
bc479f310a13c89cb7a10dacee2e1b969b291f71,EXTRACT,moment.js:1688,moment.js:802
bc479f310a13c89cb7a10dacee2e1b969b291f71,RENAME,min/moment-with-locales.js:5108,min/moment-with-locales.js:5083
bc479f310a13c89cb7a10dacee2e1b969b291f71,RENAME,min/locales.js:5696,min/locales.js:4978
bc479f310a13c89cb7a10dacee2e1b969b291f71,RENAME,moment.js:934,moment.js:2241
bc479f310a13c89cb7a10dacee2e1b969b291f71,RENAME,min/moment-with-locales.js:1837,min/moment-with-locales.js:1283
bc479f310a13c89cb7a10dacee2e1b969b291f71,RENAME,min/locales.js:6810,min/locales.js:479
bc479f310a13c89cb7a10dacee2e1b969b291f71,RENAME,min/moment-with-locales.js:2587,min/moment-with-locales.js:2099
bc479f310a13c89cb7a10dacee2e1b969b291f71,RENAME,moment.js:2494,moment.js:1541
bc479f310a13c89cb7a10dacee2e1b969b291f71,RENAME,min/moment-with-locales.js:1758,min/moment-with-locales.js:2914
bc479f310a13c89cb7a10dacee2e1b969b291f71,RENAME,min/moment-with-locales.js:2322,min/moment-with-locales.js:1789
bc479f310a13c89cb7a10dacee2e1b969b291f71,RENAME,min/locales.js:6815,min/locales.js:5930
bc479f310a13c89cb7a10dacee2e1b969b291f71,RENAME,min/moment-with-locales.js:8075,min/moment-with-locales.js:9001
bc479f310a13c89cb7a10dacee2e1b969b291f71,RENAME,min/moment-with-locales.js:2247,min/moment-with-locales.js:1625
bc479f310a13c89cb7a10dacee2e1b969b291f71,RENAME,moment.js:1837,moment.js:1289
bc479f310a13c89cb7a10dacee2e1b969b291f71,RENAME,min/locales.js:584,min/locales.js:511
bc479f310a13c89cb7a10dacee2e1b969b291f71,RENAME,moment.js:1942,moment.js:1347
bc479f310a13c89cb7a10dacee2e1b969b291f71,RENAME,min/moment-with-locales.js:2684,min/moment-with-locales.js:662
bc479f310a13c89cb7a10dacee2e1b969b291f71,RENAME,min/moment-with-locales.js:2602,min/moment-with-locales.js:2268
bc479f310a13c89cb7a10dacee2e1b969b291f71,RENAME,min/locales.js:3878,min/locales.js:3401
bc479f310a13c89cb7a10dacee2e1b969b291f71,RENAME,min/locales.js:6847,min/locales.js:5958
bc479f310a13c89cb7a10dacee2e1b969b291f71,RENAME,min/moment-with-locales.js:2607,min/moment-with-locales.js:2273
bc479f310a13c89cb7a10dacee2e1b969b291f71,RENAME,min/locales.js:3165,min/locales.js:990
bc479f310a13c89cb7a10dacee2e1b969b291f71,RENAME,moment.js:2684,moment.js:668
bc479f310a13c89cb7a10dacee2e1b969b291f71,RENAME,min/moment-with-locales.js:1427,min/moment-with-locales.js:1033
bc479f310a13c89cb7a10dacee2e1b969b291f71,RENAME,min/moment-with-locales.js:6344,min/moment-with-locales.js:6255
bc479f310a13c89cb7a10dacee2e1b969b291f71,RENAME,min/moment-with-locales.js:2597,min/moment-with-locales.js:965
bc479f310a13c89cb7a10dacee2e1b969b291f71,INLINE,moment.js:1041,moment.js:2958
bc479f310a13c89cb7a10dacee2e1b969b291f71,RENAME,min/moment-with-locales.js:4645,min/moment-with-locales.js:4579
bc479f310a13c89cb7a10dacee2e1b969b291f71,RENAME,min/moment-with-locales.js:775,min/moment-with-locales.js:77
bc479f310a13c89cb7a10dacee2e1b969b291f71,RENAME,min/moment-with-locales.js:7808,min/moment-with-locales.js:7642
bc479f310a13c89cb7a10dacee2e1b969b291f71,RENAME,moment.js:1642,moment.js:772
bc479f310a13c89cb7a10dacee2e1b969b291f71,RENAME,min/moment-with-locales.js:1942,min/moment-with-locales.js:1341
bc479f310a13c89cb7a10dacee2e1b969b291f71,RENAME,min/locales.js:1700,min/locales.js:1568
bc479f310a13c89cb7a10dacee2e1b969b291f71,RENAME,moment.js:775,moment.js:83
bc479f310a13c89cb7a10dacee2e1b969b291f71,RENAME,min/moment-with-locales.js:554,min/moment-with-locales.js:390
bc479f310a13c89cb7a10dacee2e1b969b291f71,RENAME,min/moment-with-locales.js:7041,min/moment-with-locales.js:6906
bc479f310a13c89cb7a10dacee2e1b969b291f71,RENAME,moment.js:2578,moment.js:2134
bc479f310a13c89cb7a10dacee2e1b969b291f71,RENAME,min/moment-with-locales.js:8096,min/moment-with-locales.js:7914
bc479f310a13c89cb7a10dacee2e1b969b291f71,RENAME,min/moment-with-locales.js:2618,min/moment-with-locales.js:2108
bc479f310a13c89cb7a10dacee2e1b969b291f71,RENAME,moment.js:888,moment.js:635
bc479f310a13c89cb7a10dacee2e1b969b291f71,RENAME,moment.js:2602,moment.js:2274
bc479f310a13c89cb7a10dacee2e1b969b291f71,RENAME,min/moment-with-locales.js:2279,min/moment-with-locales.js:1922
bc479f310a13c89cb7a10dacee2e1b969b291f71,RENAME,min/locales.js:5512,min/locales.js:5926
bc479f310a13c89cb7a10dacee2e1b969b291f71,RENAME,min/moment-with-locales.js:7050,min/moment-with-locales.js:6914
bc479f310a13c89cb7a10dacee2e1b969b291f71,RENAME,moment.js:2342,moment.js:1624
bc479f310a13c89cb7a10dacee2e1b969b291f71,RENAME,min/moment-with-locales.js:8080,min/moment-with-locales.js:7899
bc479f310a13c89cb7a10dacee2e1b969b291f71,RENAME,moment.js:2771,moment.js:2778
bc479f310a13c89cb7a10dacee2e1b969b291f71,RENAME,min/moment-with-locales.js:9287,min/moment-with-locales.js:9005
bc479f310a13c89cb7a10dacee2e1b969b291f71,RENAME,moment.js:1970,moment.js:1658
bc479f310a13c89cb7a10dacee2e1b969b291f71,RENAME,moment.js:2592,moment.js:966
bc479f310a13c89cb7a10dacee2e1b969b291f71,RENAME,moment.js:2167,moment.js:103
bc479f310a13c89cb7a10dacee2e1b969b291f71,RENAME,min/moment-with-locales.js:863,min/moment-with-locales.js:2611
bc479f310a13c89cb7a10dacee2e1b969b291f71,RENAME,min/moment-with-locales.js:2592,min/moment-with-locales.js:960
bc479f310a13c89cb7a10dacee2e1b969b291f71,RENAME,min/moment-with-locales.js:1524,min/moment-with-locales.js:1140
bc479f310a13c89cb7a10dacee2e1b969b291f71,RENAME,moment.js:1713,moment.js:827
bc479f310a13c89cb7a10dacee2e1b969b291f71,RENAME,min/moment-with-locales.js:4248,min/moment-with-locales.js:4264
bc479f310a13c89cb7a10dacee2e1b969b291f71,RENAME,moment.js:1427,moment.js:1039
bc479f310a13c89cb7a10dacee2e1b969b291f71,RENAME,min/locales.js:552,min/locales.js:483
bc479f310a13c89cb7a10dacee2e1b969b291f71,RENAME,moment.js:1019,moment.js:2605
bc479f310a13c89cb7a10dacee2e1b969b291f71,RENAME,min/moment-with-locales.js:6167,min/moment-with-locales.js:6089
bc479f310a13c89cb7a10dacee2e1b969b291f71,EXTRACT_MOVE,moment.js:1688,min/moment-with-locales.js:796
bc479f310a13c89cb7a10dacee2e1b969b291f71,RENAME,min/moment-with-locales.js:2628,min/moment-with-locales.js:375
bc479f310a13c89cb7a10dacee2e1b969b291f71,RENAME,min/locales.js:1774,min/locales.js:1504
bc479f310a13c89cb7a10dacee2e1b969b291f71,RENAME,min/moment-with-locales.js:9306,min/moment-with-locales.js:9023
bc479f310a13c89cb7a10dacee2e1b969b291f71,RENAME,min/moment-with-locales.js:3526,min/moment-with-locales.js:3576
bc479f310a13c89cb7a10dacee2e1b969b291f71,RENAME,min/moment-with-locales.js:2342,min/moment-with-locales.js:1618
bc479f310a13c89cb7a10dacee2e1b969b291f71,RENAME,min/locales.js:2537,min/locales.js:2228
bc479f310a13c89cb7a10dacee2e1b969b291f71,RENAME,moment.js:2347,moment.js:2264
bc479f310a13c89cb7a10dacee2e1b969b291f71,RENAME,min/moment-with-locales.js:2216,min/moment-with-locales.js:1908
bc479f310a13c89cb7a10dacee2e1b969b291f71,RENAME,min/moment-with-locales.js:8109,min/moment-with-locales.js:7924
bc479f310a13c89cb7a10dacee2e1b969b291f71,RENAME,min/moment-with-locales.js:2167,min/moment-with-locales.js:97
bc479f310a13c89cb7a10dacee2e1b969b291f71,RENAME,min/moment-with-locales.js:2676,min/moment-with-locales.js:1511
bc479f310a13c89cb7a10dacee2e1b969b291f71,RENAME,min/moment-with-locales.js:9282,min/moment-with-locales.js:3554
bc479f310a13c89cb7a10dacee2e1b969b291f71,RENAME,min/moment-with-locales.js:6953,min/moment-with-locales.js:6824
bc479f310a13c89cb7a10dacee2e1b969b291f71,RENAME,min/moment-with-locales.js:1019,min/moment-with-locales.js:2599
bc479f310a13c89cb7a10dacee2e1b969b291f71,RENAME,min/locales.js:5692,min/locales.js:4975
bc479f310a13c89cb7a10dacee2e1b969b291f71,RENAME,min/moment-with-locales.js:6045,min/moment-with-locales.js:5978
bc479f310a13c89cb7a10dacee2e1b969b291f71,RENAME,min/moment-with-locales.js:544,min/moment-with-locales.js:1848
bc479f310a13c89cb7a10dacee2e1b969b291f71,EXTRACT,min/moment-with-locales.js:1688,min/moment-with-locales.js:796
bc479f310a13c89cb7a10dacee2e1b969b291f71,RENAME,min/locales.js:5559,min/locales.js:4859
bc479f310a13c89cb7a10dacee2e1b969b291f71,RENAME,min/moment-with-locales.js:1596,min/moment-with-locales.js:1227
bc479f310a13c89cb7a10dacee2e1b969b291f71,RENAME,min/locales.js:5517,min/locales.js:4824
bc479f310a13c89cb7a10dacee2e1b969b291f71,RENAME,moment.js:998,moment.js:2547
bc479f310a13c89cb7a10dacee2e1b969b291f71,RENAME,moment.js:2247,moment.js:1631
bc479f310a13c89cb7a10dacee2e1b969b291f71,RENAME,min/moment-with-locales.js:888,min/moment-with-locales.js:629
bc479f310a13c89cb7a10dacee2e1b969b291f71,RENAME,min/locales.js:4285,min/locales.js:3749
bc479f310a13c89cb7a10dacee2e1b969b291f71,RENAME,min/locales.js:5221,min/locales.js:4570
bc479f310a13c89cb7a10dacee2e1b969b291f71,RENAME,min/locales.js:3627,min/locales.js:3180
bc479f310a13c89cb7a10dacee2e1b969b291f71,RENAME,min/moment-with-locales.js:1725,min/moment-with-locales.js:833
bc479f310a13c89cb7a10dacee2e1b969b291f71,RENAME,min/moment-with-locales.js:1228,min/moment-with-locales.js:1486
bc479f310a13c89cb7a10dacee2e1b969b291f71,RENAME,moment.js:2872,moment.js:2883
bc479f310a13c89cb7a10dacee2e1b969b291f71,RENAME,min/moment-with-locales.js:2573,min/moment-with-locales.js:1005
be994951098aca2d35d4c40f62c919883f823570,RENAME,lib/underscore.date.js:107,lib/underscore.date.js:94
c2d97c5a78023d8abb357b64fc87acd90c37c5bd,RENAME,test/locale/ru.js:281,test/locale/ru.js:281
c49c9607bb328c17bca0fd95260533fd3d005ccd,EXTRACT,moment.js:1184,moment.js:1199
c4c47a7793dfc116acd1356f668eb1a182e29d68,EXTRACT,min/moment-with-locales.js:1827,min/moment-with-locales.js:297
c4c47a7793dfc116acd1356f668eb1a182e29d68,EXTRACT,min/moment-with-locales.js:600,min/moment-with-locales.js:297
c4c47a7793dfc116acd1356f668eb1a182e29d68,EXTRACT,min/moment-with-locales.js:417,min/moment-with-locales.js:297
c4c47a7793dfc116acd1356f668eb1a182e29d68,EXTRACT,min/moment-with-locales.js:2004,min/moment-with-locales.js:297
c587bf0063c18214238ca83f3f9c6170daf25bed,RENAME,min/locales.js:287,min/locales.js:399
c587bf0063c18214238ca83f3f9c6170daf25bed,MOVE,min/moment-with-locales.js:4457,locale/ar-ly.js:24
c587bf0063c18214238ca83f3f9c6170daf25bed,RENAME,min/locales.js:296,min/locales.js:408
c587bf0063c18214238ca83f3f9c6170daf25bed,MOVE,min/moment-with-locales.js:4466,locale/ar-ly.js:33
c587bf0063c18214238ca83f3f9c6170daf25bed,RENAME,min/moment-with-locales.js:963,min/moment-with-locales.js:993
c74a101d549b8b443b72d9a470839eaffea852c2,RENAME,min/moment-with-locales.js:9559,min/moment-with-locales.js:10662
c74a101d549b8b443b72d9a470839eaffea852c2,RENAME,min/locales.js:6372,min/locales.js:7155
c9cd0521dabe1fe379ec75f3a9467a4ed21c0264,EXTRACT,moment.js:913,moment.js:377
cdf0cfe586085816473a619e51de1a1e8c748056,RENAME,moment.js:368,moment.js:370
d28110c79c749d0eb2edaa2c79fa6a2d8cbb9464,EXTRACT,moment.js:729,moment.js:700
d28110c79c749d0eb2edaa2c79fa6a2d8cbb9464,EXTRACT,moment.js:649,moment.js:274
d40760af83da2684cbfed136cafa7c943d397f92,EXTRACT_MOVE,moment.js:2186,min/tests.js:51824
d5164c0a06e34f68663e84230506a95e44e84db4,RENAME,lib/underscore.date.js:307,lib/underscore.date.js:200
d5164c0a06e34f68663e84230506a95e44e84db4,RENAME,lib/underscore.date.js:279,lib/underscore.date.js:174
d5164c0a06e34f68663e84230506a95e44e84db4,RENAME,lib/underscore.date.js:271,lib/underscore.date.js:171
d5164c0a06e34f68663e84230506a95e44e84db4,RENAME,lib/underscore.date.js:302,lib/underscore.date.js:195
d6651c21c6131fbb5db891b60971357739015688,RENAME,min/moment-with-locales.js:3240,min/moment-with-locales.js:3548
d6651c21c6131fbb5db891b60971357739015688,RENAME,moment.js:3246,moment.js:3554
d731fe7e2678e585ae66cbe86033d1890688ef40,EXTRACT,moment.js:561,moment.js:567
d731fe7e2678e585ae66cbe86033d1890688ef40,EXTRACT,min/moment-with-locales.js:555,min/moment-with-locales.js:561
d731fe7e2678e585ae66cbe86033d1890688ef40,EXTRACT_MOVE,moment.js:561,min/moment-with-locales.js:561
dc85ba53208fc5f1f360bb2a3382ffa6a9003251,RENAME,grunt.js:1,Gruntfile.js:1
de8b7c5827d2b852a79b2fcebeaf1c29e435f64d,EXTRACT_MOVE,moment.js:90,moment.js:475
deaeaf7e3346abd46668e34abd6a5e71d37c349d,RENAME,test/lang/vn.js:1,test/lang/vi.js:1
e686babb12fdc0a5845eb69775485625b85694e9,RENAME,test/lang/rs.js:1,test/lang/sr.js:1
e686babb12fdc0a5845eb69775485625b85694e9,MOVE,lang/rs.js:86,lang/sr.js:55
e934defb115bf485e3658612145ffbe4f4fbe1ec,RENAME,src/test/locale/nl.js:1,src/test/locale/nl-nl.js:1
e934defb115bf485e3658612145ffbe4f4fbe1ec,RENAME,src/locale/nl.js:1,src/locale/nl-nl.js:1
ea895dae67ebbfe6c25a8cb8d67b7b4c0f1cbb9c,RENAME,src/test/locale/kg.js:1,src/test/locale/ky.js:1
eaff269698124dedabd13054754782afb76bf8b6,EXTRACT,moment.js:1348,moment.js:461
ed3041a51dc2424f084ef33adcf3529561373ab9,MOVE,underscore.date.lang/fr.js:1,lang/fr.js:1
ed3041a51dc2424f084ef33adcf3529561373ab9,MOVE,underscore.date.lang/it.js:1,lang/it.js:1
ed3041a51dc2424f084ef33adcf3529561373ab9,MOVE,underscore.date.lang/test.js:1,lang/test.js:1
ed3041a51dc2424f084ef33adcf3529561373ab9,MOVE,underscore.date.lang/pt.js:1,lang/pt.js:1
effbbce9e6ce18cf850c4e7a2684c33288a639d8,RENAME,moment.js:537,moment.js:537
f4292c4fd23fd50b26b47652dc54a56a5e11edc5,EXTRACT,moment.js:728,moment.js:699
f4292c4fd23fd50b26b47652dc54a56a5e11edc5,EXTRACT,moment.js:648,moment.js:274
f589240a1105997ca8ddd3f67c0edef3bf11ae56,EXTRACT,src/lib/units/week-calendar-utils.js:6,src/lib/units/week-calendar-utils.js:6
f6531668f23626c9542c69c27a5e9606a2cb5c61,RENAME,lang/cy-gb.js:1,lang/cy.js:1
f8eb5c572472b2ed0d096a70fad47a49013be41b,RENAME,test/locale/ti.js:1,test/locale/bo.js:1
f8eb5c572472b2ed0d096a70fad47a49013be41b,RENAME,locale/ti.js:1,locale/bo.js:1
fa6a9bcab602f7cef14b263ee667c133b051bfa0,RENAME,min/moment.min.pretty.js:26,min/moment.min.pretty.js:26
fa6a9bcab602f7cef14b263ee667c133b051bfa0,RENAME,lang/zh_CN.js:1,lang/zh-cn.js:1
fb913bf141ffd3532e33c5c028d6aa47076f5e40,RENAME,moment.js:973,moment.js:975
fffd06d80a583c77a038bc6c703edc2270ae81ed,RENAME,min/moment.min.pretty.js:251,min/moment.min.pretty.js:253