86cd4b29399368bd95e924a6a36210a142c875d4,EXTRACT,lib/Worker.js:20,lib/Worker.js:20
86cd4b29399368bd95e924a6a36210a142c875d4,EXTRACT,lib/Worker.js:49,lib/Worker.js:20
a11eb9ce491b46c6b931f7f57044a3908a94fad4,MOVE,lib/API/CliUx.js:757,lib/API/UX/helpers.js:65
a11eb9ce491b46c6b931f7f57044a3908a94fad4,MOVE,lib/API/CliUx.js:734,lib/API/UX/helpers.js:39
a11eb9ce491b46c6b931f7f57044a3908a94fad4,MOVE,lib/API/CliUx.js:647,lib/API/UX/helpers.js:170
a11eb9ce491b46c6b931f7f57044a3908a94fad4,MOVE,lib/API/CliUx.js:45,lib/API/UX/pm2-describe.js:6
a11eb9ce491b46c6b931f7f57044a3908a94fad4,MOVE,lib/API/CliUx.js:669,lib/API/UX/helpers.js:193
a11eb9ce491b46c6b931f7f57044a3908a94fad4,MOVE,lib/API/CliUx.js:707,lib/API/UX/helpers.js:11
a11eb9ce491b46c6b931f7f57044a3908a94fad4,MOVE,lib/API/CliUx.js:842,lib/API/UX/helpers.js:158
a11eb9ce491b46c6b931f7f57044a3908a94fad4,MOVE_RENAME,lib/API/CliUx.js:22,lib/API/UX/pm2-ls-minimal.js:10
a11eb9ce491b46c6b931f7f57044a3908a94fad4,MOVE_RENAME,lib/API/CliUx.js:70,lib/API/UX/pm2-describe.js:30
a11eb9ce491b46c6b931f7f57044a3908a94fad4,MOVE,lib/API/CliUx.js:811,lib/API/UX/helpers.js:127
a11eb9ce491b46c6b931f7f57044a3908a94fad4,MOVE,lib/API/CliUx.js:783,lib/API/UX/helpers.js:91
2d7f0ff8b36a733f2fbba57bab97047ef096480a,EXTRACT,lib/God.js:67,lib/God.js:579
cd68c2a801c99d52f6cb680ce98b2e0db8f708e5,MOVE,examples/configuration-process-files/apps/worker.js:1,examples/ecosystem-file/apps/worker.js:1
cd68c2a801c99d52f6cb680ce98b2e0db8f708e5,MOVE,examples/configuration-process-files/apps/http.js:1,examples/ecosystem-file/apps/http.js:1
cd68c2a801c99d52f6cb680ce98b2e0db8f708e5,MOVE,examples/configuration-process-files/process.config.js:1,examples/ecosystem-file/process.config.js:1
8f00e3759796730e722308aa312028af2aaa6a27,EXTRACT,lib/Configuration.js:26,lib/Configuration.js:26
d320863c5e7aceb3d7a35ccbfe98289b6d381747,RENAME,lib/Sysinfo/SystemInfo.js:368,lib/Sysinfo/SystemInfo.js:378
d320863c5e7aceb3d7a35ccbfe98289b6d381747,RENAME,lib/Sysinfo/SystemInfo.js:384,lib/Sysinfo/SystemInfo.js:391
d320863c5e7aceb3d7a35ccbfe98289b6d381747,RENAME,lib/Sysinfo/SystemInfo.js:343,lib/Sysinfo/SystemInfo.js:357
72c48d17c87f5089396be24a5830b9b113f1d993,RENAME,lib/API/Extra.js:588,lib/API/Extra.js:589
2833774d7fb87430566706a37c1662474308ff37,MOVE,lib/God.js:564,lib/God/ActionMethods.js:856
2833774d7fb87430566706a37c1662474308ff37,MOVE,lib/God.js:556,lib/God/ActionMethods.js:848
6fdf21fd7300e3eaa0c9a476dc543c4fca7ff639,EXTRACT,lib/API/Modules/TAR.js:31,lib/API/Modules/TAR.js:67
058ea6e2c942cc94e46e0af35f621338ab42a4e6,MOVE,test/fixtures/tar-module/multi-app-module/ecosystem.config.js:1,test/programmatic/fixtures/tar-module/multi-app-module/ecosystem.config.js:1
058ea6e2c942cc94e46e0af35f621338ab42a4e6,MOVE,test/fixtures/tar-module/mono-app-module/ecosystem.config.js:1,test/programmatic/fixtures/tar-module/mono-app-module/ecosystem.config.js:1
058ea6e2c942cc94e46e0af35f621338ab42a4e6,MOVE,test/fixtures/tar-module/multi-app-module/http.js:1,test/programmatic/fixtures/tar-module/multi-app-module/http.js:1
058ea6e2c942cc94e46e0af35f621338ab42a4e6,MOVE,test/fixtures/tar-module/mono-app-module/http.js:1,test/programmatic/fixtures/tar-module/mono-app-module/http.js:1
c26bf03883dd2aea896155458274c05cbcf7d090,MOVE,test/fixtures/module/http.js:1,test/fixtures/tar-module/multi-app-module/http.js:1
c26bf03883dd2aea896155458274c05cbcf7d090,MOVE,test/fixtures/module/ecosystem.config.js:1,test/fixtures/tar-module/mono-app-module/ecosystem.config.js:1
8002c510d9a7cf1aa07e1aedd6c24568a01310d1,EXTRACT,lib/API/Modules/TAR.js:173,lib/API/Modules/TAR.js:175
5b5c41940affb2efcbe74ad9c78ba468d295980c,MOVE,lib/API/Modules/Rollback.js:49,lib/API/Modules/NPM.js:410
5b5c41940affb2efcbe74ad9c78ba468d295980c,MOVE,lib/API/Modules/Rollback.js:18,lib/API/Modules/NPM.js:379
85a84f467725618927188e09d6e386ce1a9f2a64,INLINE,lib/API/Modules/Modularizer.js:218,lib/API/Modules/Modularizer.js:88
85a84f467725618927188e09d6e386ce1a9f2a64,MOVE,lib/API/Modules/Modularizer.js:445,lib/API/Modules/NPM.js:152
85a84f467725618927188e09d6e386ce1a9f2a64,MOVE,lib/API/Modules/Modularizer.js:423,lib/API/Modules/LOCAL.js:103
85a84f467725618927188e09d6e386ce1a9f2a64,EXTRACT,lib/API/Modules/NPM.js:24,lib/API/Modules/NPM.js:174
85a84f467725618927188e09d6e386ce1a9f2a64,MOVE_RENAME,lib/API/Modules/StartModule.js:17,lib/API/Modules/NPM.js:321
85a84f467725618927188e09d6e386ce1a9f2a64,MOVE_RENAME,lib/API/Modules/Modularizer.js:402,lib/API/Modules/LOCAL.js:38
85a84f467725618927188e09d6e386ce1a9f2a64,MOVE,lib/API/Modules/Modularizer.js:362,lib/API/Modules/NPM.js:65
85a84f467725618927188e09d6e386ce1a9f2a64,MOVE,lib/API/Modules/Modularizer.js:261,lib/API/Modules/LOCAL.js:59
c241d77b312a31d59abee30fa48aae2a5765ac5d,RENAME,lib/API/Modules/TAR.js:80,lib/API/Modules/TAR.js:81
9aa0abbdab3b4826e85678fa2f9d37811d6c9897,RENAME,lib/API/Modules/Modules.js:1,lib/API/Modules/index.js:1
9aa0abbdab3b4826e85678fa2f9d37811d6c9897,RENAME,lib/API/Modules/TAR.js:73,lib/API/Modules/TAR.js:80
9aa0abbdab3b4826e85678fa2f9d37811d6c9897,MOVE,lib/API/Modules/Modularizer.js:143,lib/API/Modules/index.js:50
9aa0abbdab3b4826e85678fa2f9d37811d6c9897,RENAME,lib/Common.js:760,lib/Common.js:761
9aa0abbdab3b4826e85678fa2f9d37811d6c9897,RENAME,lib/API/Modules/NPM.js:49,lib/API/Modules/NPM.js:46
71c6e749c698fa41f59b4d856aadd65942b500e0,MOVE,examples/log-test/log.js:1,examples/echo/log.js:1
e793425afbd2116891c9c8ef21829cdd153c07d5,MOVE,lib/API/Modules/Modularizer.js:466,lib/API/Modules/Rollback.js:49
e793425afbd2116891c9c8ef21829cdd153c07d5,MOVE,lib/API/Modules/Modularizer.js:218,lib/API/Modules/NPM.js:49
e793425afbd2116891c9c8ef21829cdd153c07d5,MOVE,lib/API/Modules/Modularizer.js:317,lib/API/Modules/StartModule.js:18
e793425afbd2116891c9c8ef21829cdd153c07d5,MOVE,lib/API/Modules/Modularizer.js:435,lib/API/Modules/Rollback.js:18
0f1c2c6a246c5033c83ac37eb261775377e2226e,EXTRACT_MOVE,lib/God/ForkMode.js:34,lib/God/ForkMode.js:124
e2aa872b37d79cab2b960d308d4f6e82b7d30902,RENAME,lib/API.js:761,lib/API.js:774
bc5c7e92cdd08f595569acce9a58cede3bccda97,RENAME,lib/API/PM2/PM2IO.js:121,lib/API/pm2-plus/PM2IO.js:40
bc5c7e92cdd08f595569acce9a58cede3bccda97,MOVE,lib/API/PM2/PM2IO.js:48,lib/API/pm2-plus/helpers.js:18
bc5c7e92cdd08f595569acce9a58cede3bccda97,RENAME,lib/API/Interaction.js:79,lib/API/pm2-plus/link.js:14
bc5c7e92cdd08f595569acce9a58cede3bccda97,MOVE,lib/API/PM2/CliAuth.js:1,lib/API/pm2-plus/auth-strategies/CliAuth.js:1
bc5c7e92cdd08f595569acce9a58cede3bccda97,RENAME,lib/API/PM2/PM2IO.js:175,lib/API/pm2-plus/PM2IO.js:104
bc5c7e92cdd08f595569acce9a58cede3bccda97,RENAME,lib/API/PM2/PM2IO.js:222,lib/API/pm2-plus/PM2IO.js:165
bc5c7e92cdd08f595569acce9a58cede3bccda97,MOVE,lib/API/Interaction.js:12,lib/API/pm2-plus/link.js:12
bc5c7e92cdd08f595569acce9a58cede3bccda97,MOVE,lib/API/PM2/PM2IO.js:267,lib/API/pm2-plus/process-selector.js:14
bc5c7e92cdd08f595569acce9a58cede3bccda97,MOVE,lib/API/PM2/PM2IO.js:32,lib/API/pm2-plus/PM2IO.js:21
bc5c7e92cdd08f595569acce9a58cede3bccda97,RENAME,lib/API/Interaction.js:176,lib/API/pm2-plus/link.js:131
bc5c7e92cdd08f595569acce9a58cede3bccda97,MOVE,lib/API/PM2/WebAuth.js:1,lib/API/pm2-plus/auth-strategies/WebAuth.js:1
bc5c7e92cdd08f595569acce9a58cede3bccda97,MOVE,lib/API/PM2/PM2IO.js:58,lib/API/pm2-plus/helpers.js:43
bc5c7e92cdd08f595569acce9a58cede3bccda97,MOVE,lib/API/PM2/PM2IO.js:84,lib/API/pm2-plus/helpers.js:69
1da6edde80e3029d99084992ec1a4ada7b2cc279,RENAME,lib/API/Modules/Modularizer.js:112,lib/API/Modules/Modularizer.js:112
68e87b39ae2b57e9fbb0b0abde68112c839f05ee,INLINE,lib/API/PM2/PM2IO.js:250,lib/API/PM2/PM2IO.js:104
28c61716ee5e8f2402205e4b06ed7ee0a942a3cc,EXTRACT,lib/API/PM2/PM2IO.js:101,lib/API/PM2/PM2IO.js:250
cb6521ac32f4737c42fc97fef972960bfe16c829,MOVE_RENAME,lib/API/Keymetrics/kmapi.js:1,lib/API/PM2/CliAuth.js:1
cb6521ac32f4737c42fc97fef972960bfe16c829,MOVE_RENAME,lib/API/Keymetrics/cli-api.js:119,lib/API/PM2/CliAuth.js:266
cb6521ac32f4737c42fc97fef972960bfe16c829,MOVE_RENAME,lib/API/Keymetrics/cli-api.js:112,lib/API/PM2/CliAuth.js:259
cb6521ac32f4737c42fc97fef972960bfe16c829,INLINE,lib/API/Keymetrics/cli-api.js:145,lib/API/PM2/PM2IO.js:46
cb6521ac32f4737c42fc97fef972960bfe16c829,RENAME,lib/API/Keymetrics/kmapi.js:100,lib/API/PM2/CliAuth.js:241
cb6521ac32f4737c42fc97fef972960bfe16c829,RENAME,lib/API/Keymetrics/kmapi.js:21,lib/API/PM2/CliAuth.js:145
cb6521ac32f4737c42fc97fef972960bfe16c829,MOVE,lib/API/Keymetrics/cli-api.js:14,lib/API/PM2/PM2IO.js:30
af60e99466b2dc2cec40328a4e790211159bb71c,INLINE,lib/Common.js:695,lib/Common.js:574
8e96ab360e04e056a0f75844d4c4d44ebf1261fb,EXTRACT_MOVE,lib/God/ActionMethods.js:42,lib/God/ActionMethods.js:852
8e96ab360e04e056a0f75844d4c4d44ebf1261fb,EXTRACT_MOVE,lib/God/ActionMethods.js:42,lib/God/ActionMethods.js:866
828a30d0ccc88b3f6e2b66d517ccf5f2394bd08b,EXTRACT,lib/API/Modules/Modularizer.js:48,lib/API/Modules/Modularizer.js:112
c13b23648269529a1f998d816be10f895665861e,RENAME,lib/binaries/Runtime4Docker.js:126,lib/binaries/Runtime4Docker.js:139
dcd190bc12c49108fc0b0ec241c869581c90e5aa,MOVE,examples/http-simple.js:1,examples/wait-ready/http-simple.js:1
dcd190bc12c49108fc0b0ec241c869581c90e5aa,MOVE,examples/pmx/elements/meter.js:1,examples/pmx-test-all/elements/meter.js:1
dcd190bc12c49108fc0b0ec241c869581c90e5aa,MOVE,examples/v1/auto-restart-threshold.js:1,examples/misc-examples/auto-restart-threshold.js:1
dcd190bc12c49108fc0b0ec241c869581c90e5aa,MOVE,examples/v1/inside.js:1,examples/misc-examples/inside.js:1
dcd190bc12c49108fc0b0ec241c869581c90e5aa,MOVE,examples/keymetrics-integration/process-transpose.js:1,examples/test-all-keymetrics-features/process-transpose.js:1
dcd190bc12c49108fc0b0ec241c869581c90e5aa,MOVE,examples/v1/http.js:1,examples/misc-examples/http.js:1
dcd190bc12c49108fc0b0ec241c869581c90e5aa,MOVE,examples/custom-action/index.js:1,examples/expose-triggerable-functions/index.js:1
dcd190bc12c49108fc0b0ec241c869581c90e5aa,MOVE,examples/v1/001-test.js:1,examples/misc-examples/001-test.js:1
dcd190bc12c49108fc0b0ec241c869581c90e5aa,MOVE,examples/process-file/process.config.js:1,examples/configuration-process-files/process.config.js:1
dcd190bc12c49108fc0b0ec241c869581c90e5aa,MOVE,examples/v1/kill-slow.js:1,examples/misc-examples/kill-slow.js:1
dcd190bc12c49108fc0b0ec241c869581c90e5aa,MOVE,examples/keymetrics-integration/custom_action.js:1,examples/test-all-keymetrics-features/custom_action.js:1
dcd190bc12c49108fc0b0ec241c869581c90e5aa,MOVE,examples/pmx/elements/cluster.js:1,examples/pmx-test-all/elements/cluster.js:1
dcd190bc12c49108fc0b0ec241c869581c90e5aa,MOVE,examples/v1/require.js:1,examples/misc-examples/require.js:1
dcd190bc12c49108fc0b0ec241c869581c90e5aa,MOVE,examples/keymetrics-integration/pm2_probe.js:1,examples/test-all-keymetrics-features/pm2_probe.js:1
dcd190bc12c49108fc0b0ec241c869581c90e5aa,MOVE,examples/throw.js:1,examples/misc-examples/throw.js:1
dcd190bc12c49108fc0b0ec241c869581c90e5aa,MOVE,examples/v1/killslow.js:1,examples/misc-examples/killslow.js:1
dcd190bc12c49108fc0b0ec241c869581c90e5aa,MOVE,examples/v1/wrap.js:1,examples/misc-examples/wrap.js:1
dcd190bc12c49108fc0b0ec241c869581c90e5aa,MOVE,examples/v1/child.js:1,examples/misc-examples/child.js:1
dcd190bc12c49108fc0b0ec241c869581c90e5aa,MOVE,examples/v1/sigint.js:1,examples/misc-examples/sigint.js:1
dcd190bc12c49108fc0b0ec241c869581c90e5aa,MOVE,examples/keymetrics-integration/custom_action_with_params.js:1,examples/test-all-keymetrics-features/custom_action_with_params.js:1
dcd190bc12c49108fc0b0ec241c869581c90e5aa,MOVE,examples/http.js:1,examples/cluster-tcp/http.js:1
dcd190bc12c49108fc0b0ec241c869581c90e5aa,MOVE,examples/v1/client.js:1,examples/misc-examples/client.js:1
dcd190bc12c49108fc0b0ec241c869581c90e5aa,MOVE,examples/pmx/elements/metric.js:1,examples/pmx-test-all/elements/metric.js:1
dcd190bc12c49108fc0b0ec241c869581c90e5aa,MOVE,examples/pmx/elements/counter.js:1,examples/pmx-test-all/elements/counter.js:1
dcd190bc12c49108fc0b0ec241c869581c90e5aa,MOVE,examples/v1/beforeExit.js:1,examples/misc-examples/beforeExit.js:1
dcd190bc12c49108fc0b0ec241c869581c90e5aa,MOVE,examples/v1/harmony.js:1,examples/misc-examples/harmony.js:1
dcd190bc12c49108fc0b0ec241c869581c90e5aa,MOVE,examples/v1/start-args.js:1,examples/misc-examples/start-args.js:1
dcd190bc12c49108fc0b0ec241c869581c90e5aa,MOVE,examples/v1/stop-after5.js:1,examples/misc-examples/stop-after5.js:1
dcd190bc12c49108fc0b0ec241c869581c90e5aa,MOVE,examples/pmx/elements/log-cluster.js:1,examples/pmx-test-all/elements/log-cluster.js:1
dcd190bc12c49108fc0b0ec241c869581c90e5aa,MOVE,examples/pmx/elements/log.js:1,examples/pmx-test-all/elements/log.js:1
dcd190bc12c49108fc0b0ec241c869581c90e5aa,MOVE,examples/tcp.js:1,examples/cluster-tcp/tcp.js:1
dcd190bc12c49108fc0b0ec241c869581c90e5aa,MOVE,examples/pmx/elements/trace.js:1,examples/pmx-test-all/elements/trace.js:1
dcd190bc12c49108fc0b0ec241c869581c90e5aa,MOVE,examples/keymetrics-integration/scoped-actions.js:1,examples/test-all-keymetrics-features/scoped-actions.js:1
dcd190bc12c49108fc0b0ec241c869581c90e5aa,MOVE,examples/v1/leak.js:1,examples/misc-examples/leak.js:1
dcd190bc12c49108fc0b0ec241c869581c90e5aa,MOVE,examples/v1/tree.js:1,examples/misc-examples/tree.js:1
dcd190bc12c49108fc0b0ec241c869581c90e5aa,MOVE,examples/v1/programmatic.js:1,examples/misc-examples/programmatic.js:1
dcd190bc12c49108fc0b0ec241c869581c90e5aa,MOVE,examples/v1/string-crash.js:1,examples/misc-examples/string-crash.js:1
dcd190bc12c49108fc0b0ec241c869581c90e5aa,MOVE,examples/v1/null.js:1,examples/misc-examples/null.js:1
dcd190bc12c49108fc0b0ec241c869581c90e5aa,MOVE,examples/stdin.js:1,examples/interact-via-stdin/stdin.js:1
dcd190bc12c49108fc0b0ec241c869581c90e5aa,MOVE,examples/v1/auto-restart-all.js:1,examples/misc-examples/auto-restart-all.js:1
dcd190bc12c49108fc0b0ec241c869581c90e5aa,MOVE,examples/v1/udp.js:1,examples/misc-examples/udp.js:1
dcd190bc12c49108fc0b0ec241c869581c90e5aa,MOVE,examples/v1/child2.js:1,examples/misc-examples/child2.js:1
dcd190bc12c49108fc0b0ec241c869581c90e5aa,MOVE,examples/pmx/elements/notify.js:1,examples/pmx-test-all/elements/notify.js:1
dcd190bc12c49108fc0b0ec241c869581c90e5aa,MOVE,examples/v1/child-env.js:1,examples/misc-examples/child-env.js:1
dcd190bc12c49108fc0b0ec241c869581c90e5aa,MOVE,examples/pmx/elements/event.js:1,examples/pmx-test-all/elements/event.js:1
dcd190bc12c49108fc0b0ec241c869581c90e5aa,MOVE,examples/v1/interact.js:1,examples/misc-examples/interact.js:1
dcd190bc12c49108fc0b0ec241c869581c90e5aa,MOVE,examples/process-file/worker.js:1,examples/configuration-process-files/apps/worker.js:1
dcd190bc12c49108fc0b0ec241c869581c90e5aa,MOVE,examples/v1/env_args.js:1,examples/misc-examples/env_args.js:1
dcd190bc12c49108fc0b0ec241c869581c90e5aa,MOVE,examples/keymetrics-integration/probes.js:1,examples/test-all-keymetrics-features/probes.js:1
dcd190bc12c49108fc0b0ec241c869581c90e5aa,MOVE,examples/v1/args.js:1,examples/misc-examples/args.js:1
dcd190bc12c49108fc0b0ec241c869581c90e5aa,MOVE,examples/v1/killtoofast.js:1,examples/misc-examples/killtoofast.js:1
dcd190bc12c49108fc0b0ec241c869581c90e5aa,MOVE,examples/v1/graceful-exit.js:1,examples/misc-examples/graceful-exit.js:1
dcd190bc12c49108fc0b0ec241c869581c90e5aa,MOVE,examples/v1/env.js:1,examples/misc-examples/env.js:1
dcd190bc12c49108fc0b0ec241c869581c90e5aa,MOVE,examples/keymetrics-integration/actions-fibonacci.js:1,examples/test-all-keymetrics-features/actions-fibonacci.js:1
dcd190bc12c49108fc0b0ec241c869581c90e5aa,MOVE,examples/keymetrics-integration/http_transaction.js:1,examples/test-all-keymetrics-features/http_transaction.js:1
dcd190bc12c49108fc0b0ec241c869581c90e5aa,MOVE,examples/v1/sendmsg.js:1,examples/misc-examples/sendmsg.js:1
dcd190bc12c49108fc0b0ec241c869581c90e5aa,MOVE,examples/pmx/elements/http.js:1,examples/pmx-test-all/elements/http.js:1
dcd190bc12c49108fc0b0ec241c869581c90e5aa,MOVE,examples/process-file/http.js:1,examples/configuration-process-files/apps/http.js:1
dcd190bc12c49108fc0b0ec241c869581c90e5aa,MOVE,examples/module-init/index.js:1,examples/module-extra-meta/index.js:1
dcd190bc12c49108fc0b0ec241c869581c90e5aa,MOVE,examples/keymetrics-integration/throw.js:1,examples/test-all-keymetrics-features/throw.js:1
dcd190bc12c49108fc0b0ec241c869581c90e5aa,MOVE,examples/v1/moduleparent.js:1,examples/misc-examples/moduleparent.js:1
dcd190bc12c49108fc0b0ec241c869581c90e5aa,MOVE,examples/pmx/elements/error.js:1,examples/pmx-test-all/elements/error.js:1
dcd190bc12c49108fc0b0ec241c869581c90e5aa,MOVE,examples/v1/expose_method.js:1,examples/misc-examples/expose_method.js:1
dcd190bc12c49108fc0b0ec241c869581c90e5aa,MOVE,examples/v1/json.js:1,examples/misc-examples/json.js:1
dcd190bc12c49108fc0b0ec241c869581c90e5aa,MOVE,examples/keymetrics-integration/event.js:1,examples/test-all-keymetrics-features/event.js:1
dcd190bc12c49108fc0b0ec241c869581c90e5aa,MOVE,examples/pmx/elements/histogram.js:1,examples/pmx-test-all/elements/histogram.js:1
dcd190bc12c49108fc0b0ec241c869581c90e5aa,MOVE,examples/echo.js:1,examples/misc-examples/echo.js:1
dcd190bc12c49108fc0b0ec241c869581c90e5aa,MOVE,examples/v1/kill-not-so-fast.js:1,examples/misc-examples/kill-not-so-fast.js:1
dcd190bc12c49108fc0b0ec241c869581c90e5aa,MOVE,examples/keymetrics-integration/http_app.js:1,examples/test-all-keymetrics-features/http_app.js:1
dcd190bc12c49108fc0b0ec241c869581c90e5aa,MOVE,examples/v1/modulechild.js:1,examples/misc-examples/modulechild.js:1
dcd190bc12c49108fc0b0ec241c869581c90e5aa,MOVE,examples/v1/infinite-recurse.js:1,examples/misc-examples/infinite-recurse.js:1
dcd190bc12c49108fc0b0ec241c869581c90e5aa,MOVE,examples/graceful-http.js:1,examples/signal-catching/graceful-http.js:1
dcd190bc12c49108fc0b0ec241c869581c90e5aa,MOVE,examples/v1/echokill.js:1,examples/misc-examples/echokill.js:1
dcd190bc12c49108fc0b0ec241c869581c90e5aa,MOVE,examples/v1/exit.js:1,examples/misc-examples/exit.js:1
dcd190bc12c49108fc0b0ec241c869581c90e5aa,MOVE,examples/v1/cwd.js:1,examples/misc-examples/cwd.js:1
b5372aa19e04b7fbd7d57d97728c3f1928271dc1,EXTRACT,lib/API/Modules/Modularizer.js:304,lib/API/Modules/Modularizer.js:287
52f130749da298790a7a14655d01615456c98ffd,MOVE,lib/CLI/Runtime4Docker.js:1,lib/binaries/Runtime4Docker.js:1
52f130749da298790a7a14655d01615456c98ffd,MOVE,lib/CLI/DevCLI.js:1,lib/binaries/DevCLI.js:1
52f130749da298790a7a14655d01615456c98ffd,MOVE,lib/CLI/Runtime.js:1,lib/binaries/Runtime.js:1
ae3f1e0b5a1ad12439a4b4a07c66605a7b1d1ba8,RENAME,lib/CLI/RuntimeCLI.js:1,lib/CLI/Runtime4Docker.js:1
9eca957336b98fbc0b562d5ee9088d868678f63f,MOVE,lib/API/Extra.js:20,lib/API/Keymetrics/cli-api.js:15
9eca957336b98fbc0b562d5ee9088d868678f63f,MOVE,lib/API/Extra.js:27,lib/API/Keymetrics/cli-api.js:22
9eca957336b98fbc0b562d5ee9088d868678f63f,MOVE,lib/API/Extra.js:70,lib/API/Keymetrics/cli-api.js:161
4bca84ef749be365987646f109f4520cf317bfcb,RENAME,lib/Interactor/Filter.js:42,lib/Interactor/Filter.js:42
f91038c698149a6a95e4da18f8c7ea73f976c00b,MOVE_RENAME,lib/DevCli.js:1,lib/CLI/DevCLI.js:1
fa06f5e97aded5c0e6ecd8ce38368cc17ef3b2da,EXTRACT,lib/Interactor/TransactionAggregator.js:137,lib/Interactor/TransactionAggregator.js:169
a2aead0acbc9731a2dd7c47792bb8d6a80463f67,MOVE,lib/Interactor/TransactionAggregator.js:81,lib/Interactor/PushInteractor.js:121
e731d930f6708a5aed49c3bbe758c5fea127343c,EXTRACT,lib/Common.js:316,lib/Common.js:313
a86be14e9823e9149787c5b7215202b77102f467,MOVE,lib/API.js:1581,lib/API/Extra.js:336
a86be14e9823e9149787c5b7215202b77102f467,MOVE,lib/API.js:1613,lib/API/Extra.js:368
2e18bb48ea9e4b9d29371e454a0f4365f5bd8bdd,MOVE,lib/API/Monit.js:330,lib/API/Dashboard.js:297
2e18bb48ea9e4b9d29371e454a0f4365f5bd8bdd,MOVE,lib/API/Monit.js:379,lib/API/Dashboard.js:360
2e18bb48ea9e4b9d29371e454a0f4365f5bd8bdd,MOVE,lib/API/Monit.js:351,lib/API/Dashboard.js:326
58f9a8dc9d7f2963f45d0b7b69bc5a049cfb4768,RENAME,lib/Interactor/InteractorDaemonizer.js:318,lib/Interactor/InteractorDaemonizer.js:313
68cd2fd5e2868ef6bb52c7d31b50affdb274ec56,MOVE,lib/Interactor/TransactionAggregator.js:47,lib/Interactor/Utility.js:23
68cd2fd5e2868ef6bb52c7d31b50affdb274ec56,MOVE,lib/Interactor/TransactionAggregator.js:29,lib/Interactor/Utility.js:5
68cd2fd5e2868ef6bb52c7d31b50affdb274ec56,EXTRACT,lib/Interactor/TransactionAggregator.js:170,lib/Interactor/TransactionAggregator.js:83
68cd2fd5e2868ef6bb52c7d31b50affdb274ec56,MOVE,lib/Interactor/TransactionAggregator.js:43,lib/Interactor/Utility.js:19
68cd2fd5e2868ef6bb52c7d31b50affdb274ec56,MOVE,lib/Interactor/TransactionAggregator.js:54,lib/Interactor/Utility.js:30
26d3331b131565e786482b5a340a948c6de4c58f,INLINE,lib/Interactor/TransactionAggregator.js:234,lib/Interactor/TransactionAggregator.js:192
3866c16a0e089ff7478dcd633ab66653682053e5,RENAME,lib/Interactor/TransactionAggregator.js:312,lib/Interactor/TransactionAggregator.js:265
3866c16a0e089ff7478dcd633ab66653682053e5,RENAME,lib/Interactor/TransactionAggregator.js:399,lib/Interactor/TransactionAggregator.js:353
8c3b3a56837cc2d8c9753f28b18490029edfb0dc,RENAME,lib/API/Extra.js:128,lib/API/Extra.js:137
b6c0e42ec0a875c99c87aad204082b581c442e82,EXTRACT,lib/Interactor/TransactionAggregator.js:141,lib/Interactor/TransactionAggregator.js:145
c451b3b942f559f41e8b6d1005ccd088fc2c51ec,RENAME,lib/Interactor/TransactionAgregator.js:1,lib/Interactor/TransactionAggregator.js:1
c451b3b942f559f41e8b6d1005ccd088fc2c51ec,EXTRACT,test/interface/misc/trace_factory.js:19,test/interface/misc/trace_factory.js:14
a40f6cabb07e9bcc9bbf66b80b3ac2c16eab7175,RENAME,lib/Interactor/TransactionAgregator.js:50,lib/Interactor/TransactionAgregator.js:50
0059ad53e06c890055213dabc1ec9518a8c8e1cd,MOVE,lib/God.js:243,lib/God/Reload.js:141
1d19cf2269f7098c2f2be2672684d7933b8b52fa,EXTRACT_MOVE,lib/God.js:70,lib/God.js:141
f6b550ca4ea339774fded5c49bcafc7447ec956e,RENAME,lib/Common.js:471,lib/Common.js:484
f6b550ca4ea339774fded5c49bcafc7447ec956e,INLINE,lib/API.js:1304,lib/API.js:684
f6b550ca4ea339774fded5c49bcafc7447ec956e,RENAME,lib/Client.js:524,lib/Client.js:532
f6b550ca4ea339774fded5c49bcafc7447ec956e,INLINE,lib/API.js:1304,lib/API.js:436
f6b550ca4ea339774fded5c49bcafc7447ec956e,RENAME,lib/God/ActionMethods.js:565,lib/God/ActionMethods.js:598
f6b550ca4ea339774fded5c49bcafc7447ec956e,INLINE,lib/API.js:1304,lib/API.js:656
f6b550ca4ea339774fded5c49bcafc7447ec956e,INLINE,lib/API.js:1304,lib/API.js:698
bcb737281af747287239c130023d6175805ca2b5,EXTRACT,lib/API/Containerizer.js:64,lib/API/Containerizer.js:62
e512f4fe0eef990d5ab7c172ae4cf6180aa94f7e,RENAME,examples/process-file/child.js:1,examples/process-file/http.js:1
eedaa07a3f7d17399bb4f60888584b5c89080910,MOVE,examples/auto-restart-threshold.js:1,examples/v1/auto-restart-threshold.js:1
eedaa07a3f7d17399bb4f60888584b5c89080910,MOVE,examples/001-test.js:1,examples/v1/001-test.js:1
eedaa07a3f7d17399bb4f60888584b5c89080910,MOVE,examples/exit.js:1,examples/v1/exit.js:1
eedaa07a3f7d17399bb4f60888584b5c89080910,MOVE,examples/moduleparent.js:1,examples/v1/moduleparent.js:1
eedaa07a3f7d17399bb4f60888584b5c89080910,MOVE_RENAME,examples/load-me.js:1,examples/keymetrics-integration/actions-fibonacci.js:1
eedaa07a3f7d17399bb4f60888584b5c89080910,MOVE,examples/wrap.js:1,examples/v1/wrap.js:1
eedaa07a3f7d17399bb4f60888584b5c89080910,MOVE,examples/cwd.js:1,examples/v1/cwd.js:1
eedaa07a3f7d17399bb4f60888584b5c89080910,MOVE,examples/echokill.js:1,examples/v1/echokill.js:1
eedaa07a3f7d17399bb4f60888584b5c89080910,MOVE,examples/axm/probes.js:1,examples/keymetrics-integration/probes.js:1
eedaa07a3f7d17399bb4f60888584b5c89080910,MOVE,examples/harmony.js:1,examples/v1/harmony.js:1
eedaa07a3f7d17399bb4f60888584b5c89080910,MOVE,examples/leak.js:1,examples/v1/leak.js:1
eedaa07a3f7d17399bb4f60888584b5c89080910,MOVE,examples/tree.js:1,examples/v1/tree.js:1
eedaa07a3f7d17399bb4f60888584b5c89080910,MOVE,examples/string-crash.js:1,examples/v1/string-crash.js:1
eedaa07a3f7d17399bb4f60888584b5c89080910,MOVE,examples/axm/pm2_probe.js:1,examples/keymetrics-integration/pm2_probe.js:1
eedaa07a3f7d17399bb4f60888584b5c89080910,MOVE,examples/child-env.js:1,examples/v1/child-env.js:1
eedaa07a3f7d17399bb4f60888584b5c89080910,MOVE,examples/kill-not-so-fast.js:1,examples/v1/kill-not-so-fast.js:1
eedaa07a3f7d17399bb4f60888584b5c89080910,MOVE,examples/null.js:1,examples/v1/null.js:1
eedaa07a3f7d17399bb4f60888584b5c89080910,MOVE,examples/axm/http_transaction.js:1,examples/keymetrics-integration/http_transaction.js:1
eedaa07a3f7d17399bb4f60888584b5c89080910,MOVE,examples/actions/scoped-actions.js:1,examples/keymetrics-integration/scoped-actions.js:1
eedaa07a3f7d17399bb4f60888584b5c89080910,MOVE,examples/env_args.js:1,examples/v1/env_args.js:1
eedaa07a3f7d17399bb4f60888584b5c89080910,MOVE,examples/start-args.js:1,examples/v1/start-args.js:1
eedaa07a3f7d17399bb4f60888584b5c89080910,MOVE,examples/axm/http_app.js:1,examples/keymetrics-integration/http_app.js:1
eedaa07a3f7d17399bb4f60888584b5c89080910,MOVE,examples/child.js:1,examples/v1/child.js:1
eedaa07a3f7d17399bb4f60888584b5c89080910,MOVE,examples/axm/pid_info.js:1,examples/keymetrics-integration/pid_info.js:1
eedaa07a3f7d17399bb4f60888584b5c89080910,MOVE,examples/programmatic.js:1,examples/v1/programmatic.js:1
eedaa07a3f7d17399bb4f60888584b5c89080910,MOVE,examples/http.js:23,examples/v1/http.js:23
eedaa07a3f7d17399bb4f60888584b5c89080910,MOVE,examples/sendmsg.js:1,examples/v1/sendmsg.js:1
eedaa07a3f7d17399bb4f60888584b5c89080910,MOVE,examples/axm/keymetrics-test.js:1,examples/keymetrics-integration/keymetrics-test.js:1
eedaa07a3f7d17399bb4f60888584b5c89080910,MOVE,examples/axm/custom_action_with_params.js:1,examples/keymetrics-integration/custom_action_with_params.js:1
eedaa07a3f7d17399bb4f60888584b5c89080910,MOVE,examples/axm/keymetrics-load.js:1,examples/keymetrics-integration/keymetrics-load.js:1
eedaa07a3f7d17399bb4f60888584b5c89080910,MOVE,examples/interact.js:1,examples/v1/interact.js:1
eedaa07a3f7d17399bb4f60888584b5c89080910,MOVE,examples/axm/auto-init.js:1,examples/keymetrics-integration/auto-init.js:1
eedaa07a3f7d17399bb4f60888584b5c89080910,MOVE,examples/modulechild.js:1,examples/v1/modulechild.js:1
eedaa07a3f7d17399bb4f60888584b5c89080910,MOVE,examples/init-module/index.js:1,examples/module-init/index.js:1
eedaa07a3f7d17399bb4f60888584b5c89080910,MOVE,examples/env.js:1,examples/v1/env.js:1
eedaa07a3f7d17399bb4f60888584b5c89080910,MOVE,examples/kill-slow.js:1,examples/v1/kill-slow.js:1
eedaa07a3f7d17399bb4f60888584b5c89080910,MOVE,examples/udp.js:1,examples/v1/udp.js:1
eedaa07a3f7d17399bb4f60888584b5c89080910,MOVE,examples/module-fixture/scoped-action.js:1,examples/module-sample/scoped-action.js:1
eedaa07a3f7d17399bb4f60888584b5c89080910,MOVE,examples/axm/http_transaction_2.js:1,examples/keymetrics-integration/http_transaction_2.js:1
eedaa07a3f7d17399bb4f60888584b5c89080910,MOVE,examples/graceful-exit.js:1,examples/v1/graceful-exit.js:1
eedaa07a3f7d17399bb4f60888584b5c89080910,MOVE,examples/killfast.js:1,examples/v1/killfast.js:1
eedaa07a3f7d17399bb4f60888584b5c89080910,MOVE,examples/args.js:1,examples/v1/args.js:1
eedaa07a3f7d17399bb4f60888584b5c89080910,MOVE,examples/inside.js:1,examples/v1/inside.js:1
eedaa07a3f7d17399bb4f60888584b5c89080910,MOVE,examples/json.js:1,examples/v1/json.js:1
eedaa07a3f7d17399bb4f60888584b5c89080910,MOVE,examples/echo.js:1,examples/v1/echo.js:1
eedaa07a3f7d17399bb4f60888584b5c89080910,MOVE,examples/stop-after5.js:1,examples/v1/stop-after5.js:1
eedaa07a3f7d17399bb4f60888584b5c89080910,MOVE,examples/http.js:35,examples/v1/http.js:35
eedaa07a3f7d17399bb4f60888584b5c89080910,MOVE,examples/axm/throw.js:1,examples/keymetrics-integration/throw.js:1
eedaa07a3f7d17399bb4f60888584b5c89080910,MOVE,examples/killslow.js:1,examples/v1/killslow.js:1
eedaa07a3f7d17399bb4f60888584b5c89080910,MOVE,examples/axm/pm2_agent_probe.js:1,examples/keymetrics-integration/pm2_agent_probe.js:1
eedaa07a3f7d17399bb4f60888584b5c89080910,MOVE,examples/axm/event.js:1,examples/keymetrics-integration/event.js:1
eedaa07a3f7d17399bb4f60888584b5c89080910,MOVE,examples/client.js:1,examples/v1/client.js:1
eedaa07a3f7d17399bb4f60888584b5c89080910,MOVE,examples/beforeExit.js:1,examples/v1/beforeExit.js:1
eedaa07a3f7d17399bb4f60888584b5c89080910,MOVE,examples/expose_method.js:1,examples/v1/expose_method.js:1
eedaa07a3f7d17399bb4f60888584b5c89080910,MOVE,examples/axm/custom_action.js:1,examples/keymetrics-integration/custom_action.js:1
eedaa07a3f7d17399bb4f60888584b5c89080910,MOVE,examples/infinite-recurse.js:1,examples/v1/infinite-recurse.js:1
eedaa07a3f7d17399bb4f60888584b5c89080910,MOVE,examples/require.js:1,examples/v1/require.js:1
eedaa07a3f7d17399bb4f60888584b5c89080910,MOVE,examples/sigint.js:1,examples/v1/sigint.js:1
eedaa07a3f7d17399bb4f60888584b5c89080910,MOVE,examples/auto-restart-all.js:1,examples/v1/auto-restart-all.js:1
eedaa07a3f7d17399bb4f60888584b5c89080910,MOVE,examples/child2.js:1,examples/v1/child2.js:1
eedaa07a3f7d17399bb4f60888584b5c89080910,MOVE,examples/killtoofast.js:1,examples/v1/killtoofast.js:1
9821ca03af1e9db49208539b0df7971103c50970,RENAME,lib/God/ActionMethods.js:441,lib/God/ActionMethods.js:441
8482a01f36a5f5760e67620385dfba203bcdbbf3,RENAME,lib/API/Log.js:215,lib/API/Log.js:223
23f2130de0df9addd9de98259ea879d341a1feea,MOVE,lib/CLI/Configuration.js:1,lib/API/Configuration.js:1
23f2130de0df9addd9de98259ea879d341a1feea,MOVE,lib/CLI/Modules/Modules.js:1,lib/API/Modules/Modules.js:1
23f2130de0df9addd9de98259ea879d341a1feea,MOVE,lib/CLI/Spinner.js:1,lib/API/Spinner.js:1
23f2130de0df9addd9de98259ea879d341a1feea,MOVE,lib/CLI/Version.js:1,lib/API/Version.js:1
23f2130de0df9addd9de98259ea879d341a1feea,RENAME,lib/CLI.js:1,lib/API.js:1
23f2130de0df9addd9de98259ea879d341a1feea,MOVE,lib/CLI/Interaction.js:1,lib/API/Interaction.js:1
23f2130de0df9addd9de98259ea879d341a1feea,MOVE,lib/CLI/Extra.js:1,lib/API/Extra.js:1
23f2130de0df9addd9de98259ea879d341a1feea,MOVE,lib/CLI/LogManagement.js:1,lib/API/LogManagement.js:1
23f2130de0df9addd9de98259ea879d341a1feea,MOVE,lib/CLI/Log.js:1,lib/API/Log.js:1
23f2130de0df9addd9de98259ea879d341a1feea,MOVE,lib/CLI/Modules/Modularizer.js:1,lib/API/Modules/Modularizer.js:1
23f2130de0df9addd9de98259ea879d341a1feea,MOVE,lib/CLI/CliUx.js:1,lib/API/CliUx.js:1
23f2130de0df9addd9de98259ea879d341a1feea,MOVE,lib/CLI/Startup.js:1,lib/API/Startup.js:1
23f2130de0df9addd9de98259ea879d341a1feea,MOVE,lib/CLI/Deploy.js:1,lib/API/Deploy.js:1
23f2130de0df9addd9de98259ea879d341a1feea,MOVE,lib/CLI/Monit.js:1,lib/API/Monit.js:1
722845b521ef85827ed41d43e13ff5b77c6fec60,RENAME,lib/CLI/Version.js:383,lib/CLI/Version.js:385
6a209642819628c0a5f67041188bec2c266144f3,RENAME,lib/CLI.js:170,lib/CLI.js:170
9831cd632e52bb646f053ca5bf15d9140d838fc4,RENAME,lib/God/ActionMethods.js:436,lib/God/ActionMethods.js:436
004b7846c9a00cdc88855ef29ce02ab4dced0379,INLINE,lib/CLI.js:250,lib/CLI.js:250
9947c321d787f39c3910caf092ed9d958893231c,RENAME,lib/Daemon.js:15,lib/Daemon.js:15
832ce93834501dbf075045c70763d8b1f2c25f8c,MOVE,test/interface/fixtures/http_transaction.js:1,test/fixtures/interface/http_transaction.js:1
832ce93834501dbf075045c70763d8b1f2c25f8c,EXTRACT,lib/CLI/Interaction.js:44,lib/CLI/Interaction.js:35
832ce93834501dbf075045c70763d8b1f2c25f8c,MOVE,test/interface/fixtures/human_event.js:1,test/fixtures/interface/human_event.js:1
832ce93834501dbf075045c70763d8b1f2c25f8c,MOVE,test/interface/fixtures/log_out.js:1,test/fixtures/interface/log_out.js:1
832ce93834501dbf075045c70763d8b1f2c25f8c,MOVE,test/interface/fixtures/process_exception.js:1,test/fixtures/interface/process_exception.js:1
832ce93834501dbf075045c70763d8b1f2c25f8c,RENAME,lib/Interactor/InteractorDaemonizer.js:54,lib/Interactor/InteractorDaemonizer.js:54
832ce93834501dbf075045c70763d8b1f2c25f8c,EXTRACT,lib/CLI.js:226,lib/CLI.js:242
d1249ff45de8801d6dd7840b942eb946892c8699,MOVE,lib/Modularizer.js:1,lib/CLI/Modules/Modularizer.js:1
d1249ff45de8801d6dd7840b942eb946892c8699,RENAME,test/programmatic/cluster.js:1,test/programmatic/cluster.mocha.js:1
d1249ff45de8801d6dd7840b942eb946892c8699,MOVE,test/programmatic/api.mocha.js:1,test/programmatic/deprecated/api.mocha.js:1
d1249ff45de8801d6dd7840b942eb946892c8699,MOVE,test/programmatic/modularizer.mocha.js:1,test/programmatic/deprecated/modularizer.mocha.js:1
d1249ff45de8801d6dd7840b942eb946892c8699,EXTRACT_MOVE,lib/CLI/Modules.js:19,lib/CLI/Modules/Modules.js:25
d1249ff45de8801d6dd7840b942eb946892c8699,MOVE,lib/CLI/Modules.js:1,lib/CLI/Modules/Modules.js:1
d1249ff45de8801d6dd7840b942eb946892c8699,MOVE_RENAME,lib/CLI.js:93,lib/Client.js:105
c798019b1a8580db54ed98580a1e19452404f8a5,MOVE,lib/Common.js:393,lib/Client.js:508
c798019b1a8580db54ed98580a1e19452404f8a5,MOVE,lib/Common.js:310,lib/Client.js:425
c798019b1a8580db54ed98580a1e19452404f8a5,MOVE,lib/Common.js:363,lib/Client.js:478
c798019b1a8580db54ed98580a1e19452404f8a5,RENAME,lib/Satan.js:1,lib/Client.js:1
c798019b1a8580db54ed98580a1e19452404f8a5,MOVE,lib/Common.js:328,lib/Client.js:443
c798019b1a8580db54ed98580a1e19452404f8a5,MOVE,lib/Common.js:345,lib/Client.js:460
c798019b1a8580db54ed98580a1e19452404f8a5,RENAME,lib/Satan.js:17,lib/Client.js:21
5f9a83ed8d308753e3c7c4345fdde04a48e46260,MOVE,lib/Common.js:293,lib/CLI.js:45
5f9a83ed8d308753e3c7c4345fdde04a48e46260,MOVE,lib/tools/VersionManagement.js:30,lib/CLI/Version.js:15
5f9a83ed8d308753e3c7c4345fdde04a48e46260,MOVE,lib/tools/VersionManagement.js:150,lib/CLI/Version.js:136
5f9a83ed8d308753e3c7c4345fdde04a48e46260,MOVE,lib/tools/VersionManagement.js:282,lib/CLI/Version.js:270
5f9a83ed8d308753e3c7c4345fdde04a48e46260,MOVE,lib/tools/VersionManagement.js:257,lib/CLI/Version.js:242
5f9a83ed8d308753e3c7c4345fdde04a48e46260,MOVE,lib/tools/VersionManagement.js:309,lib/CLI/Version.js:297
5f9a83ed8d308753e3c7c4345fdde04a48e46260,MOVE,lib/tools/VersionManagement.js:205,lib/CLI/Version.js:192
ac9fcdc8ec52761ab1a64ed393727a0e39d41c88,MOVE,lib/Satan.js:146,lib/Daemon.js:180
ac9fcdc8ec52761ab1a64ed393727a0e39d41c88,MOVE_RENAME,lib/God/ActionMethods.js:523,lib/Daemon.js:133
ac9fcdc8ec52761ab1a64ed393727a0e39d41c88,MOVE,lib/Satan.js:88,lib/Daemon.js:195
1886f73a2fa87937e92fb9f92fc9a3ce35595724,MOVE,lib/CLI.js:1817,lib/CLI/Modules.js:101
1886f73a2fa87937e92fb9f92fc9a3ce35595724,MOVE,lib/CLI.js:1735,lib/CLI/Modules.js:19
1886f73a2fa87937e92fb9f92fc9a3ce35595724,MOVE,lib/Utility.js:168,lib/Common.js:192
1886f73a2fa87937e92fb9f92fc9a3ce35595724,MOVE,lib/CLI.js:1899,lib/CLI/Configuration.js:53
1886f73a2fa87937e92fb9f92fc9a3ce35595724,MOVE,lib/CLI.js:1496,lib/CLI/LogManagement.js:85
1886f73a2fa87937e92fb9f92fc9a3ce35595724,MOVE,lib/CLI.js:1799,lib/CLI/Modules.js:83
1886f73a2fa87937e92fb9f92fc9a3ce35595724,MOVE,lib/CLI.js:2170,lib/CLI/Version.js:45
1886f73a2fa87937e92fb9f92fc9a3ce35595724,MOVE,lib/CLI.js:1556,lib/CLI/Extra.js:79
1886f73a2fa87937e92fb9f92fc9a3ce35595724,MOVE,lib/CLI.js:482,lib/CLI/Extra.js:25
1886f73a2fa87937e92fb9f92fc9a3ce35595724,MOVE,lib/CLI.js:2444,lib/Common.js:218
1886f73a2fa87937e92fb9f92fc9a3ce35595724,MOVE,lib/CLI.js:2384,lib/Common.js:597
1886f73a2fa87937e92fb9f92fc9a3ce35595724,MOVE,lib/CLI.js:869,lib/CLI/Startup.js:237
1886f73a2fa87937e92fb9f92fc9a3ce35595724,MOVE,lib/CLI.js:1276,lib/CLI/Extra.js:163
1886f73a2fa87937e92fb9f92fc9a3ce35595724,MOVE,lib/CLI.js:1777,lib/CLI/Modules.js:61
1886f73a2fa87937e92fb9f92fc9a3ce35595724,MOVE,lib/CLI.js:1788,lib/CLI/Modules.js:72
1886f73a2fa87937e92fb9f92fc9a3ce35595724,MOVE,lib/CLI.js:2003,lib/CLI/Configuration.js:157
1886f73a2fa87937e92fb9f92fc9a3ce35595724,MOVE,lib/CLI.js:1967,lib/CLI/Configuration.js:121
1886f73a2fa87937e92fb9f92fc9a3ce35595724,EXTRACT_MOVE,lib/CLI.js:607,lib/CLI/Startup.js:17
1886f73a2fa87937e92fb9f92fc9a3ce35595724,EXTRACT_MOVE,lib/CLI.js:607,lib/CLI/Startup.js:38
1886f73a2fa87937e92fb9f92fc9a3ce35595724,MOVE,lib/CLI.js:2456,lib/Common.js:662
1886f73a2fa87937e92fb9f92fc9a3ce35595724,MOVE,lib/CLI.js:1860,lib/CLI/Configuration.js:14
1886f73a2fa87937e92fb9f92fc9a3ce35595724,MOVE,lib/CLI.js:726,lib/CLI/LogManagement.js:46
1886f73a2fa87937e92fb9f92fc9a3ce35595724,MOVE,lib/CLI.js:2101,lib/CLI/Interaction.js:70
1886f73a2fa87937e92fb9f92fc9a3ce35595724,MOVE,lib/CLI.js:2140,lib/CLI/Version.js:15
1886f73a2fa87937e92fb9f92fc9a3ce35595724,MOVE,lib/CLI.js:761,lib/CLI/Extra.js:119
1886f73a2fa87937e92fb9f92fc9a3ce35595724,MOVE,lib/CLI.js:2339,lib/Common.js:552
1886f73a2fa87937e92fb9f92fc9a3ce35595724,MOVE,lib/CLI.js:1515,lib/CLI/Extra.js:38
1886f73a2fa87937e92fb9f92fc9a3ce35595724,MOVE,lib/CLI.js:1846,lib/CLI/Configuration.js:206
1886f73a2fa87937e92fb9f92fc9a3ce35595724,MOVE,lib/CLI.js:981,lib/CLI/Extra.js:134
1886f73a2fa87937e92fb9f92fc9a3ce35595724,MOVE,lib/CLI.js:2325,lib/Common.js:537
1886f73a2fa87937e92fb9f92fc9a3ce35595724,MOVE,lib/Utility.js:153,lib/Common.js:176
1886f73a2fa87937e92fb9f92fc9a3ce35595724,MOVE,lib/CLI.js:2049,lib/CLI/Interaction.js:18
1886f73a2fa87937e92fb9f92fc9a3ce35595724,MOVE,lib/CLI.js:995,lib/CLI/Extra.js:148
1886f73a2fa87937e92fb9f92fc9a3ce35595724,MOVE,lib/CLI.js:2282,lib/Common.js:494
1886f73a2fa87937e92fb9f92fc9a3ce35595724,MOVE,lib/CLI.js:2015,lib/CLI/Configuration.js:169
1886f73a2fa87937e92fb9f92fc9a3ce35595724,MOVE,lib/CLI.js:1807,lib/CLI/Modules.js:91
1886f73a2fa87937e92fb9f92fc9a3ce35595724,MOVE,lib/CLI.js:2196,lib/CLI/Version.js:71
1886f73a2fa87937e92fb9f92fc9a3ce35595724,MOVE,lib/CLI.js:2160,lib/CLI/Version.js:35
1886f73a2fa87937e92fb9f92fc9a3ce35595724,MOVE,lib/CLI.js:2126,lib/CLI/Interaction.js:95
1886f73a2fa87937e92fb9f92fc9a3ce35595724,MOVE,lib/CLI.js:1535,lib/CLI/Extra.js:58
1886f73a2fa87937e92fb9f92fc9a3ce35595724,MOVE,lib/CLI.js:2419,lib/Common.js:632
1886f73a2fa87937e92fb9f92fc9a3ce35595724,MOVE,lib/samples/sample-conf.js:1,lib/templates/sample-conf.js:1
1886f73a2fa87937e92fb9f92fc9a3ce35595724,MOVE,lib/CLI.js:1610,lib/CLI/LogManagement.js:105
1886f73a2fa87937e92fb9f92fc9a3ce35595724,MOVE,lib/CLI.js:935,lib/CLI/Extra.js:98
1886f73a2fa87937e92fb9f92fc9a3ce35595724,MOVE,lib/CLI.js:2150,lib/CLI/Version.js:25
1886f73a2fa87937e92fb9f92fc9a3ce35595724,MOVE,lib/CLI.js:822,lib/CLI/Startup.js:190
1886f73a2fa87937e92fb9f92fc9a3ce35595724,MOVE,lib/CLI.js:2434,lib/Common.js:647
1886f73a2fa87937e92fb9f92fc9a3ce35595724,MOVE,lib/CLI.js:1427,lib/CLI/LogManagement.js:19
1886f73a2fa87937e92fb9f92fc9a3ce35595724,MOVE,lib/CLI.js:607,lib/CLI/Startup.js:36
37cd16b790cd1bd47f0fc5f9b7edd8816a9984ef,MOVE,lib/CLI/CliUx.js:309,lib/CLI/Spinner.js:42
37cd16b790cd1bd47f0fc5f9b7edd8816a9984ef,MOVE,lib/CLI/CliUx.js:291,lib/CLI/Spinner.js:24
37cd16b790cd1bd47f0fc5f9b7edd8816a9984ef,MOVE_RENAME,lib/CLI/CliUx.js:286,lib/CLI/Spinner.js:19
90ed90cf974db4c5d3ca782142ecedb8a0970318,RENAME,lib/Interactor/PushInteractor.js:150,lib/Interactor/PushInteractor.js:163
90ed90cf974db4c5d3ca782142ecedb8a0970318,RENAME,lib/Interactor/PushInteractor.js:113,lib/Interactor/PushInteractor.js:126
382c5eb279202edb58ed5f5c0c8620ac449dd2bf,EXTRACT_MOVE,lib/Interactor/Daemon.js:149,lib/Interactor/Daemon.js:146
ad708ea357b9d98d36de5401618ecb259277c75b,INLINE,lib/CLI.js:2045,lib/CLI.js:1970
ad708ea357b9d98d36de5401618ecb259277c75b,MOVE,lib/CLI.js:2159,lib/Interactor/InteractorDaemonizer.js:482
8f6bc844c6de7d9c982781fe85afdb29670ae96a,MOVE,lib/Log.js:1,lib/CLI/Log.js:1
8f6bc844c6de7d9c982781fe85afdb29670ae96a,MOVE,lib/CliUx.js:1,lib/CLI/CliUx.js:1
c3ea256c2ee1ac53cff0ff63b59eb4639495aa5f,INLINE,lib/CLI.js:1207,lib/CLI.js:1183
c3ea256c2ee1ac53cff0ff63b59eb4639495aa5f,INLINE,lib/CLI.js:1184,lib/CLI.js:1164
c3ea256c2ee1ac53cff0ff63b59eb4639495aa5f,MOVE,lib/God/DeprecatedCalls.js:108,lib/God/ActionMethods.js:437
c3ea256c2ee1ac53cff0ff63b59eb4639495aa5f,MOVE,lib/God/DeprecatedCalls.js:53,test/programmatic/god.mocha.js:54
9f7dff816168f9209ebd6bf4dc7071e2d81f9f11,MOVE,test/fixtures/big-array.js:1,test/fixtures/json-reload/big-array.js:1
d52a5d1ef340e9ce2e81fef5ff94fb92d91c2759,MOVE,lib/CLI.js:2509,lib/Utility.js:141
d5485a0d5312f3d5f737e1b79dca782c004a5b7a,MOVE_RENAME,lib/CLI/helper.js:4,lib/CLI/Deploy.js:11
e6e22abfcdbdba2d49a562944e0980dff5533de0,MOVE,lib/CLI.js:2529,lib/CLI/helper.js:4
3531ec2d80ed05ba4b6ff819ccd2bf957710a287,EXTRACT,lib/Common.js:46,lib/Common.js:145
3531ec2d80ed05ba4b6ff819ccd2bf957710a287,EXTRACT,lib/Common.js:46,lib/Common.js:158
3531ec2d80ed05ba4b6ff819ccd2bf957710a287,EXTRACT,lib/Common.js:46,lib/Common.js:177
df3ec5846e1479ca2ec49946f1cef62b5e702e76,RENAME,lib/tools/Config.js:67,lib/tools/Config.js:67
cff924bfe657af83838b0142d3d4dd8126c086b4,RENAME,lib/CLI.js:837,lib/CLI.js:837
8f662893f1c4b75190e9ba1074db3999867a7ec5,RENAME,test/programmatic/agod.mocha.js:1,test/programmatic/god.mocha.js:1
fa20da12363cf160038ce3136417c30216e03cee,RENAME,test/programmatic/god.mocha.js:1,test/programmatic/agod.mocha.js:1
6e3bf4d38ba94353898cf5d509b151aa6f0dd7ad,EXTRACT,lib/Modularizer.js:193,lib/Modularizer.js:174
506c7146e4a422a6de1d4c47b5d17d763ece65cb,MOVE,test/fixtures/server-watch.bak.js:1,test/fixtures/watcher/server-watch.bak.js:1
397bc7146ce39ead92e0a9d76592b01a179b4358,MOVE,lib/Interactor/Pm2Actions.js:1,lib/Interactor/RemoteActions/Pm2Actions.js:1
397bc7146ce39ead92e0a9d76592b01a179b4358,MOVE,lib/Interactor/CustomActions.js:16,lib/Interactor/RemoteActions/CustomActions.js:15
397bc7146ce39ead92e0a9d76592b01a179b4358,MOVE,lib/Interactor/ScopedExecution.js:1,lib/Interactor/RemoteActions/ScopedExecution.js:1
d70465f3e42e095ff118ae33188858f0b6a17868,MOVE,lib/Interactor/ReverseInteractor.js:336,lib/Interactor/Pm2Actions.js:168
d70465f3e42e095ff118ae33188858f0b6a17868,MOVE,lib/Interactor/ReverseInteractor.js:212,lib/Interactor/Pm2Actions.js:43
d70465f3e42e095ff118ae33188858f0b6a17868,MOVE,lib/Interactor/ReverseInteractor.js:131,lib/Interactor/CustomActions.js:16
000bd919c580092c11fd9f625243032578eff51a,MOVE,pres/keymetrics.js:1,lib/scripts/keymetrics.js:1
7be3739780e179f70c634d1112613d855a0396eb,RENAME,lib/Utility.js:27,lib/Utility.js:27
47f801b4b0201336056939c6677c03bf838d0742,RENAME,lib/CLI.js:68,lib/CLI.js:81
47f801b4b0201336056939c6677c03bf838d0742,RENAME,lib/CLI.js:86,lib/CLI.js:99
ffcd25ae06a66f4c17af69c86086ca38ec3f60d1,RENAME,lib/Interactor/PushInteractor.js:101,lib/Interactor/PushInteractor.js:101
cd91aa3b8a4d1e07623fc8f2dc370dd82cab8135,RENAME,lib/CLI.js:1453,lib/CLI.js:1456
2f6ce34204168c8e8fa5d5e8c317644d39f636d7,INLINE,lib/CLI.js:1358,lib/CLI.js:1358
0e59bd15241d5f681e43dfb7ab3d4b34deee042a,EXTRACT,lib/Modularizer.js:126,lib/Modularizer.js:80
0e59bd15241d5f681e43dfb7ab3d4b34deee042a,EXTRACT,lib/Modularizer.js:212,lib/Modularizer.js:149
222ef76d0f26a32140b6ee85ec2d463725c7e1d8,RENAME,lib/CLI.js:1712,lib/CLI.js:1712
7fe41a8767d4f163b2538e8ba44a3ba18bef82fc,RENAME,lib/CLI.js:68,lib/CLI.js:79
7fe41a8767d4f163b2538e8ba44a3ba18bef82fc,EXTRACT,lib/CLI.js:322,lib/CLI.js:333
5105ed67e0920b4687af1a78b820a82a0195b3ef,MOVE,lib/God.js:66,lib/Utility.js:34
5105ed67e0920b4687af1a78b820a82a0195b3ef,MOVE,lib/God.js:79,lib/Utility.js:47
ace299465e070be19fdd01407bbc69b5fbc243b4,EXTRACT,lib/Modularizer.js:29,lib/Modularizer.js:80
1ba5bc0e1cd19ef22496ada4e293c40a3c8a75e1,EXTRACT,lib/CLI.js:295,lib/CLI.js:295
1ba5bc0e1cd19ef22496ada4e293c40a3c8a75e1,EXTRACT_MOVE,lib/CLI.js:789,lib/CLI.js:295
1ba5bc0e1cd19ef22496ada4e293c40a3c8a75e1,EXTRACT,lib/CLI.js:768,lib/CLI.js:295
21306731e4993dea7e6f3b104ea25e15f7384878,MOVE,lib/Common.js:33,lib/Utility.js:15
bf32318b2acfef35355fa7560f538e64a7e14edc,MOVE,lib/ProcessContainer.js:109,lib/Common.js:33
29fc72b3e8f11588ddfdbb75c84b67d9227ae849,EXTRACT,lib/Worker.js:12,lib/Worker.js:13
e3fa1430750c0e7c9fb6835137e0a76c35977d96,RENAME,lib/Worker.js:12,lib/Worker.js:46
0e43616527ea3f6ce514153f9dd4015e72e4a341,MOVE,lib/CLI.js:1575,lib/tools/VersionManagement.js:135
0e43616527ea3f6ce514153f9dd4015e72e4a341,MOVE,lib/CLI.js:1654,lib/tools/VersionManagement.js:214
0e43616527ea3f6ce514153f9dd4015e72e4a341,MOVE,lib/CLI.js:1631,lib/tools/VersionManagement.js:191
0e43616527ea3f6ce514153f9dd4015e72e4a341,MOVE,lib/CLI.js:1520,lib/tools/VersionManagement.js:80
0e43616527ea3f6ce514153f9dd4015e72e4a341,MOVE,lib/CLI.js:1462,lib/tools/VersionManagement.js:22
90f1181d8c9b12c896fe28bb2b60d6472b030fa7,MOVE,lib/sample-conf.js:1,lib/samples/sample-conf.js:1
6da3b459e7278c20f447654826cb99fd21d79e87,MOVE,lib/CLI.js:1528,lib/Common.js:269
583601b09cc270d5a03b21372d0fbab0fcabc091,RENAME,lib/CLI.js:548,lib/CLI.js:548
1db11945acdf3fdefad4ccad6728c18138a3c620,EXTRACT,lib/Interactor/ReverseInteractor.js:56,lib/Interactor/ReverseInteractor.js:72
1db11945acdf3fdefad4ccad6728c18138a3c620,EXTRACT,lib/Interactor/ReverseInteractor.js:56,lib/Interactor/ReverseInteractor.js:102
4822aeb5fe5a000f76c525f3941cd4121d8adf8b,MOVE,examples/auto-bench.js:16,examples/axm/http_transaction.js:17
4822aeb5fe5a000f76c525f3941cd4121d8adf8b,MOVE,examples/custom_action_with_params.js:1,examples/axm/custom_action_with_params.js:1
4822aeb5fe5a000f76c525f3941cd4121d8adf8b,MOVE_RENAME,examples/http-trace.js:1,examples/axm/http_transaction.js:1
4822aeb5fe5a000f76c525f3941cd4121d8adf8b,MOVE,examples/custom_action.js:1,examples/axm/custom_action.js:1
4822aeb5fe5a000f76c525f3941cd4121d8adf8b,MOVE,examples/keymetrics-load.js:1,examples/axm/keymetrics-load.js:1
4822aeb5fe5a000f76c525f3941cd4121d8adf8b,MOVE_RENAME,examples/human_event.js:1,examples/axm/event.js:1
84db882c13977a9dedfe83b4bbf177fc0c6b1b6c,RENAME,lib/Interactor/InteractorDaemonizer.js:199,lib/Interactor/InteractorDaemonizer.js:199
cdf2872feb04bb183e5237a5df3cab8a595a2efe,MOVE,lib/God/ActionMethods.js:466,lib/God/DeprecatedCalls.js:53
cdf2872feb04bb183e5237a5df3cab8a595a2efe,MOVE,lib/God/ActionMethods.js:361,lib/God/DeprecatedCalls.js:134
cdf2872feb04bb183e5237a5df3cab8a595a2efe,MOVE,lib/God/ActionMethods.js:123,lib/God/DeprecatedCalls.js:83
cdf2872feb04bb183e5237a5df3cab8a595a2efe,MOVE,lib/God/ActionMethods.js:439,lib/God/DeprecatedCalls.js:26
cdf2872feb04bb183e5237a5df3cab8a595a2efe,MOVE,lib/God/ActionMethods.js:335,lib/God/DeprecatedCalls.js:108
cdf2872feb04bb183e5237a5df3cab8a595a2efe,RENAME,lib/Interactor/PushInteractor.js:92,lib/Interactor/PushInteractor.js:140
41799ce5de2b0d714beabdfbe9476940610cc3bd,RENAME,lib/Watcher.js:14,lib/Watcher.js:6
bcd6ec3921fa331e084278bd57883a327f59aa93,MOVE,test/programmatic/interactor.mocha.js:1,test/programmatic/deprecated/interactor.mocha.js:1
8d9d54e66e6d6d4da40ab56ea57a6fbc5adf7310,RENAME,lib/Interactor/InteractorDaemonizer.js:42,lib/Interactor/InteractorDaemonizer.js:42
6921a41e49883e5cfba3a9b4137c22759c76630c,EXTRACT,lib/CLI.js:1272,lib/CLI.js:1272
434d43875b9a4dc0b30b0b8faee79fb48c7e907f,RENAME,lib/Interactor/PushInteractor.js:70,lib/Interactor/PushInteractor.js:73
e3faaa52000ae9296b3fcab2a968c3760a1bc948,MOVE,lib/Interactor.js:1,lib/Interactor/Interactor.js:1
e3faaa52000ae9296b3fcab2a968c3760a1bc948,MOVE,lib/InteractorDaemonizer.js:1,lib/Interactor/InteractorDaemonizer.js:1
d3585bac6d2e02b1bb20251af0eb3c2b1656d155,MOVE,lib/CLI.js:1386,lib/Common.js:168
d3585bac6d2e02b1bb20251af0eb3c2b1656d155,MOVE,lib/CLI.js:1374,lib/Common.js:156
d3585bac6d2e02b1bb20251af0eb3c2b1656d155,MOVE,lib/CLI.js:1420,lib/Common.js:144
80f232382ddadc78b3fa5a67cfe3263c5b1df0bb,EXTRACT,lib/Monit.js:32,lib/Monit.js:40
8c818ee507bc2b59b97edd3e4aa856a07463b738,RENAME,lib/CLI.js:622,lib/CLI.js:679
8c818ee507bc2b59b97edd3e4aa856a07463b738,EXTRACT,lib/CLI.js:548,lib/CLI.js:579
8c818ee507bc2b59b97edd3e4aa856a07463b738,RENAME,lib/CLI.js:692,lib/CLI.js:826
8c818ee507bc2b59b97edd3e4aa856a07463b738,RENAME,lib/CLI.js:584,lib/CLI.js:616
8c818ee507bc2b59b97edd3e4aa856a07463b738,RENAME,lib/CLI.js:755,lib/CLI.js:842
8c818ee507bc2b59b97edd3e4aa856a07463b738,RENAME,lib/CLI.js:639,lib/CLI.js:696
8c818ee507bc2b59b97edd3e4aa856a07463b738,RENAME,lib/CLI.js:655,lib/CLI.js:712
8c818ee507bc2b59b97edd3e4aa856a07463b738,RENAME,lib/CLI.js:198,lib/CLI.js:205
8c818ee507bc2b59b97edd3e4aa856a07463b738,RENAME,lib/CLI.js:863,lib/CLI.js:950
8c818ee507bc2b59b97edd3e4aa856a07463b738,RENAME,lib/CLI.js:771,lib/CLI.js:858
8c818ee507bc2b59b97edd3e4aa856a07463b738,RENAME,lib/CLI.js:708,lib/CLI.js:752
8c818ee507bc2b59b97edd3e4aa856a07463b738,RENAME,lib/CLI.js:27,lib/CLI.js:27
3442feca01109d722b87f368031d48d1e020d7c1,RENAME,lib/Interactor.js:181,lib/Interactor.js:190
3442feca01109d722b87f368031d48d1e020d7c1,RENAME,lib/Interactor.js:134,lib/Interactor.js:143
7fda1fd985efc3abfbf0ae7bb72aa0c4cc250be4,MOVE,lib/Satan.js:72,lib/God/ActionMethods.js:454
294051a4abbfd2f77390f7c2286eaff827a9421c,EXTRACT,lib/Interactor.js:161,lib/Interactor.js:261
294051a4abbfd2f77390f7c2286eaff827a9421c,RENAME,lib/Interactor.js:232,lib/Interactor.js:148
294051a4abbfd2f77390f7c2286eaff827a9421c,RENAME,lib/Interactor.js:291,lib/Interactor.js:222
c185b587e7b9659736818c95040b51294f3d45d0,RENAME,test/fixtures/server-watch.js:1,test/fixtures/server-watch.bak.js:1
356f7683ccbb8c50b69dab76fcce2669c566b372,RENAME,lib/Satan.js:38,lib/Satan.js:36
750a47ace076a5a3cee63665ccf79fa430453f3d,MOVE,lib/God.js:747,lib/God/Methods.js:28
750a47ace076a5a3cee63665ccf79fa430453f3d,MOVE,lib/God.js:118,lib/God/ClusterMode.js:24
750a47ace076a5a3cee63665ccf79fa430453f3d,MOVE,lib/God.js:871,lib/God/ActionMethods.js:330
750a47ace076a5a3cee63665ccf79fa430453f3d,MOVE,lib/God.js:659,lib/God/ActionMethods.js:291
750a47ace076a5a3cee63665ccf79fa430453f3d,MOVE,lib/God.js:453,lib/God/ActionMethods.js:85
750a47ace076a5a3cee63665ccf79fa430453f3d,MOVE,lib/God.js:517,lib/God/ActionMethods.js:149
750a47ace076a5a3cee63665ccf79fa430453f3d,MOVE,lib/God.js:49,lib/God/Methods.js:156
750a47ace076a5a3cee63665ccf79fa430453f3d,MOVE,lib/God.js:326,lib/God/ActionMethods.js:64
750a47ace076a5a3cee63665ccf79fa430453f3d,MOVE,lib/God.js:42,lib/God/Methods.js:148
750a47ace076a5a3cee63665ccf79fa430453f3d,MOVE,lib/God.js:768,lib/God/Methods.js:49
750a47ace076a5a3cee63665ccf79fa430453f3d,MOVE,lib/God.js:729,lib/God/ActionMethods.js:46
750a47ace076a5a3cee63665ccf79fa430453f3d,MOVE,lib/God.js:703,lib/God/ActionMethods.js:20
750a47ace076a5a3cee63665ccf79fa430453f3d,MOVE,lib/God.js:535,lib/God/ActionMethods.js:167
750a47ace076a5a3cee63665ccf79fa430453f3d,MOVE,lib/God.js:699,lib/God/Methods.js:24
750a47ace076a5a3cee63665ccf79fa430453f3d,MOVE,lib/God.js:764,lib/God/Methods.js:45
750a47ace076a5a3cee63665ccf79fa430453f3d,MOVE,lib/God.js:592,lib/God/ActionMethods.js:224
750a47ace076a5a3cee63665ccf79fa430453f3d,MOVE,lib/God.js:806,lib/God/Methods.js:87
750a47ace076a5a3cee63665ccf79fa430453f3d,MOVE,lib/God.js:614,lib/God/ActionMethods.js:246
750a47ace076a5a3cee63665ccf79fa430453f3d,MOVE,lib/God.js:556,lib/God/ActionMethods.js:188
750a47ace076a5a3cee63665ccf79fa430453f3d,MOVE,lib/God.js:415,lib/God/Reload.js:138
750a47ace076a5a3cee63665ccf79fa430453f3d,MOVE,lib/God.js:432,lib/God/Reload.js:155
750a47ace076a5a3cee63665ccf79fa430453f3d,MOVE,lib/God.js:353,lib/God/ActionMethods.js:68
750a47ace076a5a3cee63665ccf79fa430453f3d,MOVE,lib/God.js:835,lib/God/Methods.js:116
750a47ace076a5a3cee63665ccf79fa430453f3d,MOVE,lib/God.js:163,lib/God/ForkMode.js:22
750a47ace076a5a3cee63665ccf79fa430453f3d,MOVE_RENAME,lib/God.js:366,lib/God/Reload.js:72
750a47ace076a5a3cee63665ccf79fa430453f3d,MOVE,lib/God.js:856,lib/God/Methods.js:137
750a47ace076a5a3cee63665ccf79fa430453f3d,MOVE,lib/God.js:822,lib/God/Methods.js:103
750a47ace076a5a3cee63665ccf79fa430453f3d,MOVE,lib/God.js:782,lib/God/Methods.js:63
750a47ace076a5a3cee63665ccf79fa430453f3d,MOVE,lib/God.js:794,lib/God/Methods.js:75
750a47ace076a5a3cee63665ccf79fa430453f3d,MOVE,lib/God.js:639,lib/God/ActionMethods.js:271
750a47ace076a5a3cee63665ccf79fa430453f3d,MOVE,lib/God.js:466,lib/God/ActionMethods.js:98
750a47ace076a5a3cee63665ccf79fa430453f3d,MOVE,lib/God.js:681,lib/God/ActionMethods.js:313
750a47ace076a5a3cee63665ccf79fa430453f3d,MOVE,lib/God.js:574,lib/God/ActionMethods.js:206
dc26b3540be33b4abcb0d2d8823760f675d6266b,EXTRACT,lib/God.js:661,lib/God.js:49
47ae53e3fff32c82e2d8bd0cb14f80c521c242b0,EXTRACT,lib/God.js:396,lib/God.js:495
774237d25fbb1a0464f7873963d99077d5bfb470,EXTRACT,lib/God.js:217,lib/God.js:42
941ae1d41bab5ca6fd47f8398b5335ef5982213f,RENAME,lib/CLI.js:517,lib/CLI.js:517
2d6cd77e99da921346e20e690e6d8d2e4ec7a658,MOVE_RENAME,lib/CLI.js:542,lib/Common.js:23
b8bab09d70788e3bf20c18472f28f8c6a3bf35c4,RENAME,lib/CLI.js:130,lib/CLI.js:130
c79c92b3ac8d29e62819c0d8fdf3dec4b50abd97,RENAME,lib/God.js:484,lib/God.js:553
02e1ff1b1cbee03311cebd1d901f49b59f1b7a12,RENAME,driver/lib/index.js:32,driver/lib/index.js:30
03ff6672d0bc6eab458f1074876d40892087e440,RENAME,lib/God.js:256,lib/God.js:91
5deda8c15c2e01cbfe53814f6e502fdad884a5e3,MOVE,lib/Monit.js:103,lib/CliUx.js:63
488519fd408c9692b2af2f65cd9f4f022635d963,RENAME,lib/Satan.js:87,lib/Satan.js:92
3f4262ce9dbdffc08c814f3e8402241ae87b29ad,MOVE_RENAME,satan.js:1,lib/Satan.js:1
3f4262ce9dbdffc08c814f3e8402241ae87b29ad,MOVE_RENAME,god.js:1,lib/God.js:1
3f4262ce9dbdffc08c814f3e8402241ae87b29ad,RENAME,lib/web-interface.js:1,lib/HttpInterface.js:1
3f4262ce9dbdffc08c814f3e8402241ae87b29ad,RENAME,lib/monit.js:1,lib/Monit.js:1
3f4262ce9dbdffc08c814f3e8402241ae87b29ad,RENAME,lib/cli-ux.js:1,lib/CliUx.js:1
3f4262ce9dbdffc08c814f3e8402241ae87b29ad,MOVE_RENAME,child_wrapper.js:1,lib/ProcessContainer.js:1
133cf24dee3b3f4a19df38fb996f01da8c331c1e,RENAME,satan.js:134,satan.js:140