0b063f8a09dae4b6b1de400ff2d9aba9108647de,MOVE,src/event/__tests__/EventPluginHub-test.js:1,src/renderers/shared/event/__tests__/EventPluginHub-test.js:1
0b063f8a09dae4b6b1de400ff2d9aba9108647de,MOVE,src/core/ReactEmptyComponent.js:1,src/renderers/shared/reconciler/ReactEmptyComponent.js:1
0b063f8a09dae4b6b1de400ff2d9aba9108647de,MOVE,src/browser/ReactReconcileTransaction.js:1,src/renderers/dom/client/ReactReconcileTransaction.js:1
0b063f8a09dae4b6b1de400ff2d9aba9108647de,MOVE,src/browser/ui/dom/components/__tests__/ReactDOMIframe-test.js:1,src/renderers/dom/client/wrappers/__tests__/ReactDOMIframe-test.js:1
0b063f8a09dae4b6b1de400ff2d9aba9108647de,MOVE,src/vendor/core/dom/containsNode.js:1,src/shared/vendor/core/dom/containsNode.js:1
0b063f8a09dae4b6b1de400ff2d9aba9108647de,MOVE,src/core/ReactStateSetters.js:1,src/renderers/shared/reconciler/ReactStateSetters.js:1
0b063f8a09dae4b6b1de400ff2d9aba9108647de,MOVE,src/browser/ui/dom/components/ReactDOMSelect.js:1,src/renderers/dom/client/wrappers/ReactDOMSelect.js:1
0b063f8a09dae4b6b1de400ff2d9aba9108647de,MOVE,src/core/ReactUpdateQueue.js:1,src/renderers/shared/reconciler/ReactUpdateQueue.js:1
0b063f8a09dae4b6b1de400ff2d9aba9108647de,MOVE,src/utils/CallbackQueue.js:1,src/shared/utils/CallbackQueue.js:1
0b063f8a09dae4b6b1de400ff2d9aba9108647de,MOVE,src/browser/__tests__/ReactDOMSVG-test.js:1,src/renderers/dom/client/__tests__/ReactDOMSVG-test.js:1
0b063f8a09dae4b6b1de400ff2d9aba9108647de,MOVE,src/event/__tests__/EventPluginRegistry-test.js:1,src/renderers/shared/event/__tests__/EventPluginRegistry-test.js:1
0b063f8a09dae4b6b1de400ff2d9aba9108647de,MOVE,src/core/ReactCurrentOwner.js:1,src/renderers/shared/reconciler/ReactCurrentOwner.js:1
0b063f8a09dae4b6b1de400ff2d9aba9108647de,MOVE,src/core/ReactContext.js:1,src/renderers/shared/reconciler/ReactContext.js:1
0b063f8a09dae4b6b1de400ff2d9aba9108647de,MOVE,src/browser/findDOMNode.js:1,src/renderers/dom/client/findDOMNode.js:1
0b063f8a09dae4b6b1de400ff2d9aba9108647de,MOVE,src/core/__tests__/ReactCompositeComponentNestedState-test.js:1,src/renderers/shared/reconciler/__tests__/ReactCompositeComponentNestedState-test.js:1
0b063f8a09dae4b6b1de400ff2d9aba9108647de,MOVE,src/event/eventPlugins/ResponderTouchHistoryStore.js:1,src/renderers/shared/event/eventPlugins/ResponderTouchHistoryStore.js:1
0b063f8a09dae4b6b1de400ff2d9aba9108647de,MOVE,src/utils/accumulateInto.js:1,src/shared/utils/accumulateInto.js:1
0b063f8a09dae4b6b1de400ff2d9aba9108647de,MOVE,src/core/__tests__/ReactCompositeComponentState-test.js:1,src/renderers/shared/reconciler/__tests__/ReactCompositeComponentState-test.js:1
0b063f8a09dae4b6b1de400ff2d9aba9108647de,MOVE,src/vendor/core/dom/getUnboundedScrollPosition.js:1,src/shared/vendor/core/dom/getUnboundedScrollPosition.js:1
0b063f8a09dae4b6b1de400ff2d9aba9108647de,MOVE,src/core/ReactPropTransferer.js:1,src/isomorphic/deprecated/ReactPropTransferer.js:1
0b063f8a09dae4b6b1de400ff2d9aba9108647de,MOVE,src/vendor/key-mirror/keyMirror.js:1,src/shared/vendor/key-mirror/keyMirror.js:1
0b063f8a09dae4b6b1de400ff2d9aba9108647de,MOVE,src/vendor/third_party/webcomponents.js:1,src/shared/vendor/third_party/webcomponents.js:1
0b063f8a09dae4b6b1de400ff2d9aba9108647de,MOVE,src/core/ReactCompositeComponent.js:1,src/renderers/shared/reconciler/ReactCompositeComponent.js:1
0b063f8a09dae4b6b1de400ff2d9aba9108647de,MOVE,src/classic/element/ReactElementValidator.js:1,src/isomorphic/classic/element/ReactElementValidator.js:1
0b063f8a09dae4b6b1de400ff2d9aba9108647de,MOVE,src/browser/ui/dom/components/ReactDOMIframe.js:1,src/renderers/dom/client/wrappers/ReactDOMIframe.js:1
0b063f8a09dae4b6b1de400ff2d9aba9108647de,MOVE,src/core/__tests__/refs-destruction-test.js:1,src/renderers/shared/reconciler/__tests__/refs-destruction-test.js:1
0b063f8a09dae4b6b1de400ff2d9aba9108647de,MOVE,src/browser/ui/__tests__/ReactDOMTextComponent-test.js:1,src/renderers/dom/shared/__tests__/ReactDOMTextComponent-test.js:1
64c9d9d7629600da81ceefcaa59c46e64d030874,EXTRACT,src/classic/element/ReactElement.js:131,src/classic/element/ReactElement.js:83
64b1f05e7518e46c13ca9dbe8d2792054dd9a515,EXTRACT,src/browser/validateDOMNesting.js:123,src/browser/validateDOMNesting.js:234
64b1f05e7518e46c13ca9dbe8d2792054dd9a515,EXTRACT,src/browser/validateDOMNesting.js:123,src/browser/validateDOMNesting.js:131
c93b4245cb51484193c5c21d0e8ca727b6025a47,EXTRACT,src/browser/ui/ReactMount.js:459,src/browser/ui/ReactMount.js:479
5a01f5f6a9b55b1771fa5ebb2aa5d3ab1afc0297,RENAME,src/event/eventPlugins/__tests__/ResponderEventPlugin-test.js:353,src/event/eventPlugins/__tests__/ResponderEventPlugin-test.js:338
6ec3b651690befb4226230855fa2e102654ad35f,MOVE,src/browser/eventPlugins/ResponderEventPlugin.js:1,src/event/eventPlugins/ResponderEventPlugin.js:1
63aa7259b9f48886af545afcc06c29acf225b05f,MOVE,src/browser/ui/getReactRootElementInContainer.js:21,src/browser/ui/ReactMount.js:80
fea7bc5968bf5e2acc164df2773a6b8ac5a53c70,RENAME,vendor/fbtransform/transforms/reactDisplayName.js:15,vendor/fbtransform/transforms/reactDisplayName.js:15
48e54da484bc3416572fb48bc22d748a60ecd54f,RENAME,vendor/fbtransform/transforms/xjs.js:1,vendor/fbtransform/transforms/jsx.js:1
48e54da484bc3416572fb48bc22d748a60ecd54f,RENAME,vendor/fbtransform/transforms/xjs.js:78,vendor/fbtransform/transforms/jsx.js:78
48e54da484bc3416572fb48bc22d748a60ecd54f,RENAME,vendor/fbtransform/transforms/xjs.js:14,vendor/fbtransform/transforms/jsx.js:14
4adcee69a04058a4858837752e7e8f011bb652f9,EXTRACT,src/classic/element/ReactElementValidator.js:343,src/classic/element/ReactElementValidator.js:345
0e0a8f65c52cae5c1e7ea7ef4bd196465667f842,MOVE,main.js:58,vendor/inline-source-map.js:14
705353fbafa04cca404d555a40a3f1dc69955d90,MOVE,src/vendor/core/keyOf.js:1,src/vendor/key-mirror/keyOf.js:1
705353fbafa04cca404d555a40a3f1dc69955d90,MOVE,src/utils/__tests__/keyMirror-test.js:1,src/vendor/key-mirror/__tests__/keyMirror-test.js:1
705353fbafa04cca404d555a40a3f1dc69955d90,MOVE,src/utils/keyMirror.js:1,src/vendor/key-mirror/keyMirror.js:1
8ab0ecba137ba030edea84cd19fc1bfaf0f071b8,RENAME,src/vendor/core/createArrayFrom.js:75,src/vendor/core/createArrayFromMixed.js:75
8ab0ecba137ba030edea84cd19fc1bfaf0f071b8,RENAME,src/vendor/core/createArrayFrom.js:1,src/vendor/core/createArrayFromMixed.js:1
8ca058ac4ec15517908cd7afff7abc0511925494,RENAME,src/utils/__tests__/escapeTextForBrowser-test.js:1,src/utils/__tests__/escapeTextContentForBrowser-test.js:1
8ca058ac4ec15517908cd7afff7abc0511925494,RENAME,src/utils/escapeTextForBrowser.js:1,src/utils/escapeTextContentForBrowser.js:1
8ca058ac4ec15517908cd7afff7abc0511925494,RENAME,src/utils/escapeTextForBrowser.js:35,src/utils/escapeTextContentForBrowser.js:34
e3f95ea2936f06bb5986920c7f896f5c74d1a015,MOVE,src/core/ReactNativeComponent.js:43,src/browser/ui/ReactDefaultInjection.js:50
e67ff7ee78620448badba2cf8ac3af6ee2893d6f,EXTRACT_MOVE,src/core/ReactUpdates.js:123,src/core/ReactReconciler.js:112
c371709d23557831c3779914a9773bbc471b228c,MOVE_RENAME,src/browser/ui/dom/DOMChildrenOperations.js:56,src/browser/ui/dom/setTextContent.js:35
c3c98084b94a359adbfcf84b88b3c901aade50b9,RENAME,src/modern/class/ReactComponentBase.js:22,src/modern/class/ReactComponent.js:22
c3c98084b94a359adbfcf84b88b3c901aade50b9,RENAME,src/modern/class/ReactComponentBase.js:1,src/modern/class/ReactComponent.js:1
b6edbae3fc50c132de3db17fe0cf23a461a001a3,RENAME,src/browser/ui/dom/CSSPropertyOperations.js:90,src/browser/ui/dom/CSSPropertyOperations.js:90
4054bb13cd955b8fa798ffd70056941a0e0bfeba,EXTRACT,src/browser/ui/dom/CSSPropertyOperations.js:115,src/browser/ui/dom/CSSPropertyOperations.js:89
4054bb13cd955b8fa798ffd70056941a0e0bfeba,EXTRACT,src/browser/ui/dom/CSSPropertyOperations.js:86,src/browser/ui/dom/CSSPropertyOperations.js:89
690409a91239e04a38f3f819f8c5b13a6c60b114,INLINE,src/core/ReactComponent.js:71,src/core/instantiateReactComponent.js:56
690409a91239e04a38f3f819f8c5b13a6c60b114,INLINE,src/core/ReactComponent.js:123,src/core/ReactCompositeComponent.js:650
690409a91239e04a38f3f819f8c5b13a6c60b114,MOVE,src/core/ReactCompositeComponent.js:272,src/core/ReactReconciler.js:21
766a79c6957ddc3b7040fbbb748df48ac0fcb625,EXTRACT,src/core/ReactCompositeComponent.js:872,src/core/ReactCompositeComponent.js:924
322bde6eb0077673e34865d9d4602a03ba672a68,RENAME,src/core/ReactRef.js:120,src/core/ReactRef.js:44
9c3d6b8881dcacdb8a65482bc1da7e96ca7514d6,EXTRACT,src/core/ReactRef.js:88,src/core/ReactRef.js:89
9c3d6b8881dcacdb8a65482bc1da7e96ca7514d6,EXTRACT,src/core/ReactRef.js:84,src/core/ReactRef.js:85
291a92c4a6d8a3b00121f2fa8cf398cf22d73449,INLINE,src/core/ReactCompositeComponent.js:43,src/core/ReactCompositeComponent.js:415
8aa6171fd6628b3b6d1fc9931c677533b587ba5d,EXTRACT,src/core/ReactCompositeComponent.js:466,src/core/ReactCompositeComponent.js:466
ff032dc8576fec0bf6dbeeaf5d53325c2010d284,MOVE,src/classic/class/ReactClass.js:716,src/modern/class/ReactComponentBase.js:44
ff032dc8576fec0bf6dbeeaf5d53325c2010d284,MOVE,src/classic/class/ReactClass.js:768,src/modern/class/ReactComponentBase.js:83
4772967e29e146ae93c1a68a6ff3cecc86cfec9c,RENAME,src/browser/__tests__/findDOMNode.-test.js:1,src/browser/__tests__/findDOMNode-test.js:1
cea2c387336e80f308dca106a8b2ae17d248da7b,MOVE,src/classic/element/__tests__/ReactElement-test.js:245,src/classic/element/__tests__/ReactElementValidator-test.js:118
cea2c387336e80f308dca106a8b2ae17d248da7b,MOVE,src/classic/element/__tests__/ReactElement-test.js:281,src/classic/element/__tests__/ReactElementValidator-test.js:154
cea2c387336e80f308dca106a8b2ae17d248da7b,MOVE,src/classic/element/__tests__/ReactElement-test.js:212,src/classic/element/__tests__/ReactElementValidator-test.js:85
cea2c387336e80f308dca106a8b2ae17d248da7b,MOVE,src/classic/element/__tests__/ReactElement-test.js:382,src/modern/element/__tests__/ReactJSXElement-test.js:160
cea2c387336e80f308dca106a8b2ae17d248da7b,MOVE,src/classic/element/__tests__/ReactElement-test.js:410,src/modern/element/__tests__/ReactJSXElement-test.js:179
019028bec41e2be467e234a32e6c2c478923c7c7,MOVE,src/classic/propTypes/ReactPropTypeLocationNames.js:1,src/classic/types/ReactPropTypeLocationNames.js:1
019028bec41e2be467e234a32e6c2c478923c7c7,MOVE,src/classic/propTypes/ReactPropTypeLocations.js:1,src/classic/types/ReactPropTypeLocations.js:1
019028bec41e2be467e234a32e6c2c478923c7c7,MOVE,src/classic/propTypes/__tests__/ReactPropTypes-test.js:1,src/classic/types/__tests__/ReactPropTypes-test.js:1
019028bec41e2be467e234a32e6c2c478923c7c7,MOVE,src/classic/propTypes/ReactPropTypes.js:1,src/classic/types/ReactPropTypes.js:1
c9fb5b258ee40320aa14aa010b1737021226b7c7,RENAME,src/test/reactComponentExpect.js:142,src/test/reactComponentExpect.js:142
801e95333444e1267331e6e765ca228161ce6e65,MOVE,src/core/__tests__/ReactCompositeComponent-test.js:765,src/classic/class/__tests__/ReactClass-test.js:304
801e95333444e1267331e6e765ca228161ce6e65,MOVE,src/core/__tests__/ReactCompositeComponent-test.js:1249,src/classic/__tests__/ReactContextValidator-test.js:103
801e95333444e1267331e6e765ca228161ce6e65,MOVE,src/core/__tests__/ReactCompositeComponent-test.js:1204,src/classic/__tests__/ReactContextValidator-test.js:58
801e95333444e1267331e6e765ca228161ce6e65,MOVE,src/core/__tests__/ReactCompositeComponent-test.js:606,src/classic/class/__tests__/ReactClassMixin-test.js:196
801e95333444e1267331e6e765ca228161ce6e65,MOVE,src/core/__tests__/ReactCompositeComponent-test.js:1232,src/classic/__tests__/ReactContextValidator-test.js:86
801e95333444e1267331e6e765ca228161ce6e65,MOVE,src/core/__tests__/ReactCompositeComponent-test.js:326,src/classic/element/__tests__/ReactElement-test.js:404
801e95333444e1267331e6e765ca228161ce6e65,MOVE,src/core/__tests__/ReactCompositeComponent-test.js:627,src/classic/class/__tests__/ReactClassMixin-test.js:223
801e95333444e1267331e6e765ca228161ce6e65,MOVE,src/core/__tests__/ReactCompositeComponent-test.js:700,src/classic/class/__tests__/ReactClassMixin-test.js:425
801e95333444e1267331e6e765ca228161ce6e65,MOVE,src/class/ReactClass.js:1,src/classic/class/ReactClass.js:1
801e95333444e1267331e6e765ca228161ce6e65,MOVE,src/core/__tests__/ReactCompositeComponent-test.js:706,src/classic/class/__tests__/ReactClassMixin-test.js:402
801e95333444e1267331e6e765ca228161ce6e65,MOVE,src/core/ReactElementValidator.js:1,src/classic/element/ReactElementValidator.js:1
801e95333444e1267331e6e765ca228161ce6e65,MOVE,src/core/ReactPropTypeLocations.js:1,src/classic/propTypes/ReactPropTypeLocations.js:1
801e95333444e1267331e6e765ca228161ce6e65,MOVE,src/core/__tests__/ReactBind-test.js:1,src/classic/class/__tests__/ReactBind-test.js:1
801e95333444e1267331e6e765ca228161ce6e65,MOVE,src/core/__tests__/ReactCompositeComponent-test.js:875,src/classic/class/__tests__/ReactClass-test.js:136
801e95333444e1267331e6e765ca228161ce6e65,MOVE,src/core/__tests__/ReactCompositeComponent-test.js:1263,src/classic/__tests__/ReactContextValidator-test.js:117
801e95333444e1267331e6e765ca228161ce6e65,MOVE,src/core/__tests__/ReactCompositeComponent-test.js:1388,src/classic/class/__tests__/ReactClassMixin-test.js:295
801e95333444e1267331e6e765ca228161ce6e65,MOVE,src/core/__tests__/ReactCompositeComponent-test.js:633,src/classic/class/__tests__/ReactClassMixin-test.js:229
801e95333444e1267331e6e765ca228161ce6e65,MOVE,src/core/__tests__/ReactCompositeComponent-test.js:683,src/classic/class/__tests__/ReactClass-test.js:290
801e95333444e1267331e6e765ca228161ce6e65,MOVE,src/core/__tests__/ReactCompositeComponent-test.js:1259,src/classic/__tests__/ReactContextValidator-test.js:113
801e95333444e1267331e6e765ca228161ce6e65,MOVE,src/core/__tests__/ReactCompositeComponent-test.js:664,src/classic/class/__tests__/ReactClass-test.js:321
801e95333444e1267331e6e765ca228161ce6e65,MOVE,src/core/__tests__/ReactCompositeComponent-test.js:747,src/classic/class/__tests__/ReactClassMixin-test.js:202
801e95333444e1267331e6e765ca228161ce6e65,MOVE,src/core/__tests__/ReactCompositeComponent-test.js:782,src/classic/class/__tests__/ReactClass-test.js:271
801e95333444e1267331e6e765ca228161ce6e65,MOVE,src/core/__tests__/ReactCompositeComponent-test.js:890,src/classic/class/__tests__/ReactClass-test.js:121
801e95333444e1267331e6e765ca228161ce6e65,MOVE,src/core/__tests__/ReactCompositeComponent-test.js:352,src/classic/element/__tests__/ReactElementValidator-test.js:63
801e95333444e1267331e6e765ca228161ce6e65,MOVE,src/core/__tests__/ReactElement-test.js:1,src/classic/element/__tests__/ReactElement-test.js:1
801e95333444e1267331e6e765ca228161ce6e65,MOVE,src/core/__tests__/ReactCompositeComponent-test.js:1452,src/classic/class/__tests__/ReactClassMixin-test.js:359
801e95333444e1267331e6e765ca228161ce6e65,MOVE,src/core/__tests__/ReactCompositeComponent-test.js:1149,src/classic/__tests__/ReactContextValidator-test.js:209
801e95333444e1267331e6e765ca228161ce6e65,MOVE,src/core/__tests__/ReactCompositeComponent-test.js:647,src/classic/class/__tests__/ReactClass-test.js:254
801e95333444e1267331e6e765ca228161ce6e65,MOVE,src/core/__tests__/ReactCompositeComponent-test.js:1100,src/classic/__tests__/ReactContextValidator-test.js:158
801e95333444e1267331e6e765ca228161ce6e65,MOVE,src/core/__tests__/ReactCompositeComponent-test.js:1472,src/classic/class/__tests__/ReactClassMixin-test.js:379
801e95333444e1267331e6e765ca228161ce6e65,MOVE,src/core/ReactPropTypeLocationNames.js:1,src/classic/propTypes/ReactPropTypeLocationNames.js:1
801e95333444e1267331e6e765ca228161ce6e65,MOVE,src/core/__tests__/ReactCompositeComponent-test.js:600,src/classic/class/__tests__/ReactClassMixin-test.js:443
801e95333444e1267331e6e765ca228161ce6e65,MOVE,src/core/ReactDoNotBindDeprecated.js:1,src/classic/class/ReactDoNotBindDeprecated.js:1
801e95333444e1267331e6e765ca228161ce6e65,MOVE,src/core/__tests__/ReactCompositeComponent-test.js:585,src/classic/class/__tests__/ReactClassMixin-test.js:181
801e95333444e1267331e6e765ca228161ce6e65,MOVE,src/core/__tests__/ReactCompositeComponent-test.js:1121,src/classic/__tests__/ReactContextValidator-test.js:181
801e95333444e1267331e6e765ca228161ce6e65,MOVE,src/core/ReactPropTypes.js:1,src/classic/propTypes/ReactPropTypes.js:1
801e95333444e1267331e6e765ca228161ce6e65,MOVE,src/core/__tests__/ReactPropTypes-test.js:1,src/classic/propTypes/__tests__/ReactPropTypes-test.js:1
801e95333444e1267331e6e765ca228161ce6e65,MOVE,src/core/__tests__/ReactCompositeComponent-test.js:729,src/classic/class/__tests__/ReactClassMixin-test.js:396
801e95333444e1267331e6e765ca228161ce6e65,MOVE,src/core/__tests__/ReactCompositeComponent-test.js:1315,src/classic/class/__tests__/ReactClass-test.js:160
801e95333444e1267331e6e765ca228161ce6e65,MOVE_RENAME,src/core/__tests__/ReactCompositeComponentMixin-test.js:1,src/classic/class/__tests__/ReactClassMixin-test.js:1
801e95333444e1267331e6e765ca228161ce6e65,MOVE,src/core/__tests__/ReactCompositeComponent-test.js:579,src/classic/class/__tests__/ReactClassMixin-test.js:175
801e95333444e1267331e6e765ca228161ce6e65,MOVE,src/core/ReactElement.js:1,src/classic/element/ReactElement.js:1
801e95333444e1267331e6e765ca228161ce6e65,MOVE,src/core/__tests__/ReactCompositeComponent-test.js:723,src/classic/class/__tests__/ReactClassMixin-test.js:419
801e95333444e1267331e6e765ca228161ce6e65,MOVE,src/core/__tests__/ReactCompositeComponent-test.js:1395,src/classic/class/__tests__/ReactClassMixin-test.js:302
801e95333444e1267331e6e765ca228161ce6e65,MOVE,src/core/__tests__/ReactCompositeComponent-test.js:304,src/classic/element/__tests__/ReactElement-test.js:379
801e95333444e1267331e6e765ca228161ce6e65,MOVE,src/core/__tests__/ReactCompositeComponent-test.js:1447,src/classic/class/__tests__/ReactClassMixin-test.js:354
9ad0e1d846a4fe51f2397333d1df3e0b72d28067,RENAME,src/browser/eventPlugins/BeforeInputEventPlugin.js:62,src/browser/eventPlugins/BeforeInputEventPlugin.js:62
ddaf215b03cee506c907474578c950367b344062,MOVE_RENAME,src/browser/eventPlugins/CompositionEventPlugin.js:208,src/browser/eventPlugins/BeforeInputEventPlugin.js:239
ddaf215b03cee506c907474578c950367b344062,MOVE_RENAME,src/browser/eventPlugins/CompositionEventPlugin.js:135,src/browser/eventPlugins/BeforeInputEventPlugin.js:193
ddaf215b03cee506c907474578c950367b344062,RENAME,src/browser/eventPlugins/BeforeInputEventPlugin.js:32,src/browser/eventPlugins/BeforeInputEventPlugin.js:62
ddaf215b03cee506c907474578c950367b344062,MOVE,src/browser/eventPlugins/CompositionEventPlugin.js:102,src/browser/eventPlugins/BeforeInputEventPlugin.js:160
ddaf215b03cee506c907474578c950367b344062,MOVE_RENAME,src/browser/eventPlugins/CompositionEventPlugin.js:121,src/browser/eventPlugins/BeforeInputEventPlugin.js:179
ddaf215b03cee506c907474578c950367b344062,EXTRACT,src/browser/eventPlugins/BeforeInputEventPlugin.js:107,src/browser/eventPlugins/BeforeInputEventPlugin.js:413
26ea341870469c27f12c21df3d256b83fc555d40,EXTRACT_MOVE,src/core/ReactMultiChild.js:321,src/core/ReactChildReconciler.js:112
8e1504628342322488e6c0a9fa32b58ae8fd995f,RENAME,src/class/ReactClass.js:569,src/class/ReactClass.js:568
974a4c84ce9d11d536ad3dd0237cc0017c1a6997,MOVE,src/core/ReactComponent.js:146,src/core/ReactCompositeComponent.js:277
974a4c84ce9d11d536ad3dd0237cc0017c1a6997,MOVE,src/core/ReactComponent.js:128,src/core/ReactCompositeComponent.js:259
974a4c84ce9d11d536ad3dd0237cc0017c1a6997,MOVE_RENAME,src/core/ReactComponent.js:346,src/browser/ui/ReactMount.js:222
974a4c84ce9d11d536ad3dd0237cc0017c1a6997,MOVE,src/core/ReactComponent.js:172,src/core/ReactCompositeComponent.js:303
03ae0a906b8cf168361113a2afe56f482fe4de66,MOVE,src/core/ReactOwner.js:141,src/core/ReactCompositeComponent.js:722
03ae0a906b8cf168361113a2afe56f482fe4de66,MOVE,src/core/ReactOwner.js:128,src/core/ReactCompositeComponent.js:709
9c3e2d833d339eb885f1a1549e0043e768bdb209,RENAME,src/core/__tests__/ReactCompositeComponent-test.js:69,src/core/__tests__/ReactCompositeComponent-test.js:69
795290d1b080c5c5960c24389333870bfe5931b5,MOVE,src/core/__tests__/ReactCompositeComponent-test.js:1445,src/core/__tests__/ReactEmptyComponent-test.js:185
795290d1b080c5c5960c24389333870bfe5931b5,RENAME,src/core/ReactEmptyComponent.js:32,src/core/ReactEmptyComponent.js:30
230115da9210f389e60f7eb0e402de1a06b5f269,MOVE_RENAME,src/browser/ReactTextComponent.js:1,src/browser/ui/ReactDOMTextComponent.js:1
230115da9210f389e60f7eb0e402de1a06b5f269,MOVE_RENAME,src/core/__tests__/ReactTextComponent-test.js:1,src/browser/ui/__tests__/ReactDOMTextComponent-test.js:1
27c482a2b83464eb89f5cdfed30e63a7b3ce134e,MOVE_RENAME,src/core/ReactCompositeComponent.js:740,src/class/ReactClass.js:634
27c482a2b83464eb89f5cdfed30e63a7b3ce134e,EXTRACT_MOVE,src/core/ReactOwner.js:127,src/core/ReactComponent.js:455
27c482a2b83464eb89f5cdfed30e63a7b3ce134e,MOVE_RENAME,src/core/ReactCompositeComponent.js:721,src/class/ReactClass.js:676
d63aa0f113e9ef8ac18df147b3b7a888deb39df4,MOVE,src/vendor/stubs/Object.assign.js:1,src/stubs/Object.assign.js:1
d9fe40e1476d056629b9b7a28d05fd50246c0ed3,MOVE,src/core/ReactCompositeComponent.js:569,src/class/ReactClass.js:530
d9fe40e1476d056629b9b7a28d05fd50246c0ed3,MOVE,src/core/ReactCompositeComponent.js:469,src/class/ReactClass.js:430
d9fe40e1476d056629b9b7a28d05fd50246c0ed3,MOVE,src/core/ReactCompositeComponent.js:376,src/class/ReactClass.js:365
d9fe40e1476d056629b9b7a28d05fd50246c0ed3,MOVE,src/core/ReactCompositeComponent.js:658,src/class/ReactClass.js:619
d9fe40e1476d056629b9b7a28d05fd50246c0ed3,MOVE,src/core/ReactCompositeComponent.js:328,src/class/ReactClass.js:317
d9fe40e1476d056629b9b7a28d05fd50246c0ed3,MOVE,src/core/ReactCompositeComponent.js:637,src/class/ReactClass.js:598
d9fe40e1476d056629b9b7a28d05fd50246c0ed3,MOVE,src/core/ReactCompositeComponent.js:1392,src/class/ReactClass.js:635
d9fe40e1476d056629b9b7a28d05fd50246c0ed3,MOVE,src/core/ReactCompositeComponent.js:338,src/class/ReactClass.js:327
d9fe40e1476d056629b9b7a28d05fd50246c0ed3,MOVE,src/core/ReactCompositeComponent.js:1450,src/class/ReactClass.js:693
d9fe40e1476d056629b9b7a28d05fd50246c0ed3,MOVE,src/core/ReactCompositeComponent.js:608,src/class/ReactClass.js:569
d9fe40e1476d056629b9b7a28d05fd50246c0ed3,MOVE,src/core/ReactCompositeComponent.js:366,src/class/ReactClass.js:355
d9fe40e1476d056629b9b7a28d05fd50246c0ed3,MOVE,src/core/ReactCompositeComponent.js:402,src/class/ReactClass.js:382
d9fe40e1476d056629b9b7a28d05fd50246c0ed3,MOVE,src/core/ReactCompositeComponent.js:331,src/class/ReactClass.js:320
d9fe40e1476d056629b9b7a28d05fd50246c0ed3,MOVE,src/core/ReactCompositeComponent.js:350,src/class/ReactClass.js:339
d9fe40e1476d056629b9b7a28d05fd50246c0ed3,MOVE,src/core/ReactCompositeComponent.js:388,src/class/ReactClass.js:377
d9fe40e1476d056629b9b7a28d05fd50246c0ed3,MOVE,src/core/ReactCompositeComponent.js:417,src/class/ReactClass.js:397
770b579aa2f517f2a323234ccaa1445a0b7ca9cb,RENAME,src/core/ReactPropTypes.js:241,src/core/ReactPropTypes.js:260
770b579aa2f517f2a323234ccaa1445a0b7ca9cb,RENAME,src/core/ReactPropTypes.js:154,src/core/ReactPropTypes.js:173
770b579aa2f517f2a323234ccaa1445a0b7ca9cb,RENAME,src/core/ReactPropTypes.js:279,src/core/ReactPropTypes.js:298
b227837b0c1396fd163f826ed9e55bb3a4ee42c0,MOVE,src/vendor/core/merge.js:1,src/vendor_deprecated/core/merge.js:1
b227837b0c1396fd163f826ed9e55bb3a4ee42c0,MOVE,src/vendor/core/copyProperties.js:1,src/vendor_deprecated/core/copyProperties.js:1
cc0e7d2a79c12c516368e14aacff3cc71d8e3868,EXTRACT,examples/ballmer-peak/example.js:20,examples/ballmer-peak/example.js:13
9b1fa914fafca23b201d5bf4d7ca6ffa1dff6cc4,RENAME,src/browser/server/ReactServerRendering.js:34,src/browser/server/ReactServerRendering.js:34
9b1fa914fafca23b201d5bf4d7ca6ffa1dff6cc4,RENAME,src/browser/ui/ReactMount.js:343,src/browser/ui/ReactMount.js:344
9b1fa914fafca23b201d5bf4d7ca6ffa1dff6cc4,RENAME,src/browser/server/ReactServerRendering.js:60,src/browser/server/ReactServerRendering.js:60
5541842284ed84e68a29cb393941f225798c4eea,RENAME,src/core/__tests__/ReactDescriptor-test.js:1,src/core/__tests__/ReactElement-test.js:1
8f1657bba618846b7a111a2caee855bf59145c5a,RENAME,src/core/ReactDescriptorValidator.js:1,src/core/ReactElementValidator.js:1
8f1657bba618846b7a111a2caee855bf59145c5a,RENAME,src/core/ReactDescriptor.js:1,src/core/ReactElement.js:1
8f1657bba618846b7a111a2caee855bf59145c5a,RENAME,src/test/ReactTestUtils.js:102,src/test/ReactTestUtils.js:102
8f1657bba618846b7a111a2caee855bf59145c5a,RENAME,src/test/ReactTestUtils.js:89,src/test/ReactTestUtils.js:89
8f1657bba618846b7a111a2caee855bf59145c5a,RENAME,src/test/ReactTestUtils.js:73,src/test/ReactTestUtils.js:73
8f1657bba618846b7a111a2caee855bf59145c5a,RENAME,src/test/ReactTestUtils.js:62,src/test/ReactTestUtils.js:62
8f1657bba618846b7a111a2caee855bf59145c5a,RENAME,src/core/ReactLegacyDescriptor.js:157,src/core/ReactLegacyElement.js:157
8f1657bba618846b7a111a2caee855bf59145c5a,RENAME,src/core/ReactLegacyDescriptor.js:158,src/core/ReactLegacyElement.js:158
8f1657bba618846b7a111a2caee855bf59145c5a,RENAME,src/core/ReactDescriptor.js:98,src/core/ReactElement.js:98
8f1657bba618846b7a111a2caee855bf59145c5a,RENAME,src/core/ReactDescriptor.js:136,src/core/ReactElement.js:136
8f1657bba618846b7a111a2caee855bf59145c5a,RENAME,src/core/ReactDescriptorValidator.js:229,src/core/ReactElementValidator.js:229
8f1657bba618846b7a111a2caee855bf59145c5a,RENAME,src/core/ReactLegacyDescriptor.js:208,src/core/ReactLegacyElement.js:208
8f1657bba618846b7a111a2caee855bf59145c5a,RENAME,src/core/ReactLegacyDescriptor.js:1,src/core/ReactLegacyElement.js:1
3aaccd2dc96cf229c0170d538fe81f7d22059a4e,MOVE,src/browser/ReactDOM.js:204,src/core/ReactNativeComponent.js:36
486c69b6de123312d8d67ac6251d3942d4d2f29e,EXTRACT,src/test/ReactDefaultPerf.js:93,src/test/ReactDefaultPerf.js:93
0e28f5e6d7fd1a960b92637053d2bb0859b67b36,EXTRACT,src/browser/ui/dom/DOMProperty.js:64,src/browser/ui/dom/DOMProperty.js:26
3c6c437d07bdcd16c42e081fb8442ad54a0b2ff3,INLINE,src/core/instantiateReactComponent.js:38,src/core/instantiateReactComponent.js:36
c901b1005e7c946584487bb8b0bf7b60a773645b,INLINE,src/core/instantiateReactComponent.js:31,src/core/instantiateReactComponent.js:92
5aab0bddaa9dd2684049194a2488d57517d89cae,MOVE,src/core/__tests__/ReactCompositeComponent-test.js:1406,src/core/__tests__/ReactDescriptor-test.js:207
5aab0bddaa9dd2684049194a2488d57517d89cae,MOVE,src/core/__tests__/ReactCompositeComponent-test.js:1410,src/core/__tests__/ReactDescriptor-test.js:211
5aab0bddaa9dd2684049194a2488d57517d89cae,MOVE,src/core/ReactDescriptor.js:88,src/core/ReactLegacyDescriptor.js:29
b8582b8d1ce9c1f30b95d98e65d54356d429147d,RENAME,main.js:21,main.js:21
5c4e4510544afa19894ea356e08f1c12e659edba,EXTRACT,main.js:8,main.js:32
5c4e4510544afa19894ea356e08f1c12e659edba,EXTRACT,main.js:23,main.js:32
5c85f3318461531995f0ab3d321d95dc9087b6ee,RENAME,grunt/tasks/npm-react-tools.js:6,grunt/tasks/npm-react-tools.js:40
d0719a5ea4843cca40b0c1a73ad9acffd9639b50,MOVE,src/core/ReactDescriptor.js:46,src/core/ReactDescriptorValidator.js:55
d0719a5ea4843cca40b0c1a73ad9acffd9639b50,MOVE,src/core/ReactDescriptor.js:164,src/core/ReactDescriptorValidator.js:173
d0719a5ea4843cca40b0c1a73ad9acffd9639b50,MOVE,src/core/ReactDescriptor.js:84,src/core/ReactDescriptorValidator.js:93
d0719a5ea4843cca40b0c1a73ad9acffd9639b50,MOVE,src/core/ReactDescriptor.js:145,src/core/ReactDescriptorValidator.js:154
d0719a5ea4843cca40b0c1a73ad9acffd9639b50,MOVE,src/core/ReactDescriptor.js:61,src/core/ReactDescriptorValidator.js:70
d0719a5ea4843cca40b0c1a73ad9acffd9639b50,MOVE,src/core/ReactDescriptor.js:105,src/core/ReactDescriptorValidator.js:114
e1c2d02fddb40cb0b246d2c2da97b41b6ba378bc,RENAME,src/browser/ReactEventEmitter.js:1,src/browser/ReactBrowserEventEmitter.js:1
e1c2d02fddb40cb0b246d2c2da97b41b6ba378bc,RENAME,src/browser/__tests__/ReactEventEmitter-test.js:1,src/browser/__tests__/ReactBrowserEventEmitter-test.js:1
e1c2d02fddb40cb0b246d2c2da97b41b6ba378bc,RENAME,src/browser/ui/__tests__/ReactEventTopLevelCallback-test.js:1,src/browser/ui/__tests__/ReactEventListener-test.js:1
e1c2d02fddb40cb0b246d2c2da97b41b6ba378bc,RENAME,src/browser/ui/ReactEventTopLevelCallback.js:1,src/browser/ui/ReactEventListener.js:1
e1c2d02fddb40cb0b246d2c2da97b41b6ba378bc,RENAME,src/browser/ui/ReactEventTopLevelCallback.js:138,src/browser/ui/ReactEventListener.js:169
de1f7831883e8c438ecaaf2918044ce73bd92383,INLINE,examples/todomvc-flux/js/dispatcher/Dispatcher.js:35,examples/todomvc-flux/js/dispatcher/Dispatcher.js:47
29f3f74c527eac12afc6bf2a1be231214af3f76d,EXTRACT,src/test/ReactDefaultPerf.js:137,src/test/ReactDefaultPerf.js:33
88c94683d687e28429d08d2aa046755f67e2d70b,MOVE,src/core/ReactDescriptorValidator.js:154,src/core/ReactDescriptor.js:145
88c94683d687e28429d08d2aa046755f67e2d70b,MOVE,src/core/ReactDescriptorValidator.js:55,src/core/ReactDescriptor.js:46
88c94683d687e28429d08d2aa046755f67e2d70b,MOVE,src/core/ReactDescriptorValidator.js:114,src/core/ReactDescriptor.js:105
88c94683d687e28429d08d2aa046755f67e2d70b,MOVE,src/core/ReactDescriptorValidator.js:70,src/core/ReactDescriptor.js:61
88c94683d687e28429d08d2aa046755f67e2d70b,MOVE,src/core/ReactDescriptorValidator.js:173,src/core/ReactDescriptor.js:164
88c94683d687e28429d08d2aa046755f67e2d70b,MOVE,src/core/ReactDescriptorValidator.js:93,src/core/ReactDescriptor.js:84
ff52e3df00ab7ed1375f46d81c122a614e202bb9,MOVE,src/core/ReactDescriptor.js:84,src/core/ReactDescriptorValidator.js:93
ff52e3df00ab7ed1375f46d81c122a614e202bb9,MOVE,src/core/ReactDescriptor.js:46,src/core/ReactDescriptorValidator.js:55
ff52e3df00ab7ed1375f46d81c122a614e202bb9,MOVE,src/core/ReactDescriptor.js:61,src/core/ReactDescriptorValidator.js:70
ff52e3df00ab7ed1375f46d81c122a614e202bb9,MOVE,src/core/ReactDescriptor.js:105,src/core/ReactDescriptorValidator.js:114
ff52e3df00ab7ed1375f46d81c122a614e202bb9,MOVE,src/core/ReactDescriptor.js:145,src/core/ReactDescriptorValidator.js:154
ff52e3df00ab7ed1375f46d81c122a614e202bb9,MOVE,src/core/ReactDescriptor.js:164,src/core/ReactDescriptorValidator.js:173
3d605da15f55de9c6d53e83cf19e277902480cf2,RENAME,src/browser/ui/dom/DefaultDOMPropertyConfig.js:1,src/browser/ui/dom/HTMLDOMPropertyConfig.js:1
af3c04b43ba1c6c9d72f53618a5d34601e653848,EXTRACT,src/core/ReactDescriptor.js:126,src/core/ReactDescriptor.js:46
08baa114cced054fdd4717947319dfbe14a7c371,EXTRACT,src/event/EventPluginUtils.js:138,src/event/EventPluginUtils.js:138
c40e06f7281622a7a6295f4a7d5540a75fedf7bb,MOVE,src/core/ReactComponent.js:162,src/core/ReactDescriptor.js:121
c40e06f7281622a7a6295f4a7d5540a75fedf7bb,INLINE,src/test/reactComponentExpect.js:141,src/test/reactComponentExpect.js:24
c40e06f7281622a7a6295f4a7d5540a75fedf7bb,EXTRACT,src/core/ReactPropTransferer.js:88,src/core/ReactPropTransferer.js:79
c40e06f7281622a7a6295f4a7d5540a75fedf7bb,RENAME,src/test/ReactTestUtils.js:60,src/test/ReactTestUtils.js:64
c40e06f7281622a7a6295f4a7d5540a75fedf7bb,MOVE,src/core/ReactComponent.js:184,src/core/ReactDescriptor.js:143
c40e06f7281622a7a6295f4a7d5540a75fedf7bb,MOVE,src/core/ReactComponent.js:88,src/core/ReactDescriptor.js:47
c40e06f7281622a7a6295f4a7d5540a75fedf7bb,MOVE,src/core/ReactComponent.js:138,src/core/ReactDescriptor.js:97
6cbeee1e59d036588f63a71ada23be25bdb74d2b,RENAME,src/vendor/core/objMap.js:33,src/vendor/core/mapObject.js:38
6cbeee1e59d036588f63a71ada23be25bdb74d2b,RENAME,src/vendor/core/objMap.js:1,src/vendor/core/mapObject.js:1
e505e47e0159b3990503826cad86fe276344f38a,MOVE,src/utils/ImmutableObject.js:1,src/vendor/immutable/ImmutableObject.js:1
e505e47e0159b3990503826cad86fe276344f38a,MOVE,src/utils/immutable/Immutable.js:1,src/vendor/immutable/Immutable.js:1
e505e47e0159b3990503826cad86fe276344f38a,MOVE,src/utils/__tests__/ImmutableObject-test.js:1,src/vendor/immutable/__tests__/ImmutableObject-test.js:1
8d495f3b6ec43454c5c6d4552925459ae90742c9,RENAME,grunt/config/bundle.js:1,grunt/config/browserify.js:1
3f3187c14f81987ab397f46b9f5c2c06b8e0189c,RENAME,grunt/tasks/commonjs.js:1,grunt/tasks/bundle.js:1
3f3187c14f81987ab397f46b9f5c2c06b8e0189c,RENAME,grunt/config/commonjs.js:1,grunt/config/bundle.js:1
9e224e615f9001d0a3c56c302dd504c7601e8af3,RENAME,grunt/config/browserify.js:1,grunt/config/commonjs.js:1
9e224e615f9001d0a3c56c302dd504c7601e8af3,RENAME,grunt/tasks/browserify.js:1,grunt/tasks/commonjs.js:1
5ede7fb6191c7c587cf7099d044746d1607cd8d5,MOVE,src/core/__tests__/ReactDOMComponent-test.js:1,src/browser/ui/__tests__/ReactDOMComponent-test.js:1
5ede7fb6191c7c587cf7099d044746d1607cd8d5,MOVE,src/core/__tests__/ReactDOM-test.js:1,src/browser/__tests__/ReactDOM-test.js:1
3ea3274ca48d238ed730fe5924e0417841ba26f7,RENAME,src/core/ReactCompositeComponent.js:609,src/core/ReactCompositeComponent.js:642
a8fc3b940dbe20c0c7decd19b028215b236c50a6,MOVE,src/browser/dom/components/LinkedValueUtils.js:1,src/browser/ui/dom/components/LinkedValueUtils.js:1
a8fc3b940dbe20c0c7decd19b028215b236c50a6,MOVE,src/browser/ReactDOMIDOperations.js:1,src/browser/ui/ReactDOMIDOperations.js:1
a8fc3b940dbe20c0c7decd19b028215b236c50a6,MOVE,src/browser/dom/Danger.js:1,src/browser/ui/dom/Danger.js:1
a8fc3b940dbe20c0c7decd19b028215b236c50a6,MOVE,src/browser/dom/components/ReactDOMInput.js:1,src/browser/ui/dom/components/ReactDOMInput.js:1
a8fc3b940dbe20c0c7decd19b028215b236c50a6,MOVE,src/browser/dom/filterAttributes.js:1,src/browser/ui/dom/filterAttributes.js:1
a8fc3b940dbe20c0c7decd19b028215b236c50a6,MOVE,src/browser/dom/components/ReactDOMSelect.js:1,src/browser/ui/dom/components/ReactDOMSelect.js:1
a8fc3b940dbe20c0c7decd19b028215b236c50a6,MOVE,src/browser/dom/DOMPropertyOperations.js:1,src/browser/ui/dom/DOMPropertyOperations.js:1
a8fc3b940dbe20c0c7decd19b028215b236c50a6,MOVE,src/browser/ReactEventTopLevelCallback.js:1,src/browser/ui/ReactEventTopLevelCallback.js:1
a8fc3b940dbe20c0c7decd19b028215b236c50a6,MOVE,src/browser/dom/components/__tests__/ReactDOMInput-test.js:1,src/browser/ui/dom/components/__tests__/ReactDOMInput-test.js:1
a8fc3b940dbe20c0c7decd19b028215b236c50a6,MOVE,src/browser/ReactMount.js:1,src/browser/ui/ReactMount.js:1
a8fc3b940dbe20c0c7decd19b028215b236c50a6,MOVE,src/browser/ReactInputSelection.js:1,src/browser/ui/ReactInputSelection.js:1
a8fc3b940dbe20c0c7decd19b028215b236c50a6,MOVE,src/browser/__tests__/ReactMount-test.js:1,src/browser/ui/__tests__/ReactMount-test.js:1
a8fc3b940dbe20c0c7decd19b028215b236c50a6,MOVE,src/browser/__tests__/ReactDOMIDOperations-test.js:1,src/browser/ui/__tests__/ReactDOMIDOperations-test.js:1
a8fc3b940dbe20c0c7decd19b028215b236c50a6,MOVE,src/browser/dom/CSSPropertyOperations.js:1,src/browser/ui/dom/CSSPropertyOperations.js:1
a8fc3b940dbe20c0c7decd19b028215b236c50a6,MOVE,src/browser/dom/isEventSupported.js:1,src/browser/ui/dom/isEventSupported.js:1
a8fc3b940dbe20c0c7decd19b028215b236c50a6,MOVE,src/browser/dom/__tests__/CSSPropertyOperations-test.js:1,src/browser/ui/dom/__tests__/CSSPropertyOperations-test.js:1
a8fc3b940dbe20c0c7decd19b028215b236c50a6,MOVE,src/browser/ReactDefaultInjection.js:1,src/browser/ui/ReactDefaultInjection.js:1
a8fc3b940dbe20c0c7decd19b028215b236c50a6,MOVE,src/browser/dom/components/AutoFocusMixin.js:1,src/browser/ui/dom/components/AutoFocusMixin.js:1
a8fc3b940dbe20c0c7decd19b028215b236c50a6,MOVE,src/browser/ReactDOMComponent.js:1,src/browser/ui/ReactDOMComponent.js:1
a8fc3b940dbe20c0c7decd19b028215b236c50a6,MOVE,src/browser/dom/components/__tests__/ReactDOMButton-test.js:1,src/browser/ui/dom/components/__tests__/ReactDOMButton-test.js:1
a8fc3b940dbe20c0c7decd19b028215b236c50a6,MOVE,src/browser/dom/components/__tests__/ReactDOMSelect-test.js:1,src/browser/ui/dom/components/__tests__/ReactDOMSelect-test.js:1
a8fc3b940dbe20c0c7decd19b028215b236c50a6,MOVE,src/browser/React.js:1,src/browser/ui/React.js:1
a8fc3b940dbe20c0c7decd19b028215b236c50a6,MOVE,src/browser/dom/DOMChildrenOperations.js:1,src/browser/ui/dom/DOMChildrenOperations.js:1
a8fc3b940dbe20c0c7decd19b028215b236c50a6,MOVE,src/browser/dom/__tests__/DOMPropertyOperations-test.js:1,src/browser/ui/dom/__tests__/DOMPropertyOperations-test.js:1
a8fc3b940dbe20c0c7decd19b028215b236c50a6,MOVE,src/browser/dom/ViewportMetrics.js:1,src/browser/ui/dom/ViewportMetrics.js:1
a8fc3b940dbe20c0c7decd19b028215b236c50a6,MOVE,src/browser/dom/__tests__/Danger-test.js:1,src/browser/ui/dom/__tests__/Danger-test.js:1
a8fc3b940dbe20c0c7decd19b028215b236c50a6,MOVE,src/browser/dom/components/ReactDOMButton.js:1,src/browser/ui/dom/components/ReactDOMButton.js:1
a8fc3b940dbe20c0c7decd19b028215b236c50a6,MOVE,src/browser/__tests__/ReactRenderDocument-test.js:1,src/browser/ui/__tests__/ReactRenderDocument-test.js:1
a8fc3b940dbe20c0c7decd19b028215b236c50a6,MOVE,src/core/ReactInjection.js:1,src/browser/ui/ReactInjection.js:1
a8fc3b940dbe20c0c7decd19b028215b236c50a6,MOVE,src/browser/dom/components/__tests__/ReactDOMTextarea-test.js:1,src/browser/ui/dom/components/__tests__/ReactDOMTextarea-test.js:1
a8fc3b940dbe20c0c7decd19b028215b236c50a6,MOVE,src/core/ReactServerRenderingTransaction.js:1,src/browser/server/ReactServerRenderingTransaction.js:1
a8fc3b940dbe20c0c7decd19b028215b236c50a6,MOVE,src/browser/dom/components/createFullPageComponent.js:1,src/browser/ui/dom/components/createFullPageComponent.js:1
a8fc3b940dbe20c0c7decd19b028215b236c50a6,MOVE,src/browser/__tests__/ReactMountDestruction-test.js:1,src/browser/ui/__tests__/ReactMountDestruction-test.js:1
a8fc3b940dbe20c0c7decd19b028215b236c50a6,MOVE,src/browser/dom/DefaultDOMPropertyConfig.js:1,src/browser/ui/dom/DefaultDOMPropertyConfig.js:1
a8fc3b940dbe20c0c7decd19b028215b236c50a6,MOVE,src/browser/getReactRootElementInContainer.js:1,src/browser/ui/getReactRootElementInContainer.js:1
a8fc3b940dbe20c0c7decd19b028215b236c50a6,MOVE,src/browser/dom/getTextContentAccessor.js:1,src/browser/ui/dom/getTextContentAccessor.js:1
a8fc3b940dbe20c0c7decd19b028215b236c50a6,MOVE,src/browser/dom/getEventTarget.js:1,src/browser/ui/dom/getEventTarget.js:1
a8fc3b940dbe20c0c7decd19b028215b236c50a6,MOVE,src/browser/dom/__tests__/getNodeForCharacterOffset-test.js:1,src/browser/ui/dom/__tests__/getNodeForCharacterOffset-test.js:1
a8fc3b940dbe20c0c7decd19b028215b236c50a6,MOVE,src/browser/dom/__tests__/CSSProperty-test.js:1,src/browser/ui/dom/__tests__/CSSProperty-test.js:1
a8fc3b940dbe20c0c7decd19b028215b236c50a6,MOVE,src/browser/dom/getEventKey.js:1,src/browser/ui/dom/getEventKey.js:1
a8fc3b940dbe20c0c7decd19b028215b236c50a6,MOVE,src/browser/dom/getNodeForCharacterOffset.js:1,src/browser/ui/dom/getNodeForCharacterOffset.js:1
a8fc3b940dbe20c0c7decd19b028215b236c50a6,MOVE,src/browser/ReactDOMSelection.js:1,src/browser/ui/ReactDOMSelection.js:1
a8fc3b940dbe20c0c7decd19b028215b236c50a6,MOVE,src/browser/dom/components/ReactDOMImg.js:1,src/browser/ui/dom/components/ReactDOMImg.js:1
a8fc3b940dbe20c0c7decd19b028215b236c50a6,MOVE,src/browser/ReactBrowserComponentMixin.js:1,src/browser/ui/ReactBrowserComponentMixin.js:1
a8fc3b940dbe20c0c7decd19b028215b236c50a6,MOVE,src/browser/ReactComponentBrowserEnvironment.js:1,src/browser/ui/ReactComponentBrowserEnvironment.js:1
a8fc3b940dbe20c0c7decd19b028215b236c50a6,MOVE,src/browser/dom/components/ReactDOMOption.js:1,src/browser/ui/dom/components/ReactDOMOption.js:1
a8fc3b940dbe20c0c7decd19b028215b236c50a6,MOVE,src/browser/dom/components/ReactDOMForm.js:1,src/browser/ui/dom/components/ReactDOMForm.js:1
a8fc3b940dbe20c0c7decd19b028215b236c50a6,MOVE,src/browser/dom/DOMProperty.js:1,src/browser/ui/dom/DOMProperty.js:1
a8fc3b940dbe20c0c7decd19b028215b236c50a6,MOVE,src/browser/dom/CSSProperty.js:1,src/browser/ui/dom/CSSProperty.js:1
a8fc3b940dbe20c0c7decd19b028215b236c50a6,MOVE,src/browser/dom/components/ReactDOMTextarea.js:1,src/browser/ui/dom/components/ReactDOMTextarea.js:1
a8fc3b940dbe20c0c7decd19b028215b236c50a6,MOVE,src/browser/dom/dangerousStyleValue.js:1,src/browser/ui/dom/dangerousStyleValue.js:1
a8fc3b940dbe20c0c7decd19b028215b236c50a6,MOVE,src/browser/__tests__/ReactEventTopLevelCallback-test.js:1,src/browser/ui/__tests__/ReactEventTopLevelCallback-test.js:1
b79a3cbd21a82a44ac0c8863995a5f12b10a67d6,MOVE,src/browser/ReactComponentBrowserEnvironment.js:53,src/browser/ReactBrowserComponentMixin.js:33
36e97bac21642f73c15d45176dbd304fff327c5a,RENAME,src/test/ReactTestUtils.js:251,src/test/ReactTestUtils.js:258
36e97bac21642f73c15d45176dbd304fff327c5a,RENAME,src/test/ReactTestUtils.js:235,src/test/ReactTestUtils.js:242
57953769614ab767ab4b1bf47313f7a689b63492,RENAME,src/vendor/core/invariant.js:44,src/vendor/core/invariant.js:44
d8fd1af4a0102d5ace78300cd1b5648c45ea6d66,EXTRACT,src/browser/ReactEventTopLevelCallback.js:86,src/browser/ReactEventTopLevelCallback.js:63
9ebb40f013089ecddc994567652d4583669fce61,MOVE,npm-jsx_whitespace_transform/transforms/xjs.js:1,npm-jsx_whitespace_transformer/transforms/xjs.js:1
9ebb40f013089ecddc994567652d4583669fce61,MOVE,npm-jsx_whitespace_transform/run.js:1,npm-jsx_whitespace_transformer/run.js:1
9ebb40f013089ecddc994567652d4583669fce61,MOVE,npm-jsx_whitespace_transform/transforms/react.js:1,npm-jsx_whitespace_transformer/transforms/react.js:1
d1a337b9dbe7acb338e127b873bc93343e0fcdd7,MOVE,bin/jsx_react_0.8_to_0.9_codemod/transforms/react.js:1,npm-jsx_whitespace_transform/transforms/react.js:1
d1a337b9dbe7acb338e127b873bc93343e0fcdd7,MOVE,bin/jsx_react_0.8_to_0.9_codemod/transforms/xjs.js:1,npm-jsx_whitespace_transform/transforms/xjs.js:1
3895353326c44b05450008561d09503ce7604e92,MOVE,src/test/ReactDefaultPerf.js:88,src/test/ReactDefaultPerfAnalysis.js:112
3895353326c44b05450008561d09503ce7604e92,RENAME,src/test/ReactDefaultPerf.js:217,src/test/ReactDefaultPerf.js:79
3895353326c44b05450008561d09503ce7604e92,MOVE_RENAME,src/test/ReactDefaultPerf.js:140,src/test/ReactDefaultPerfAnalysis.js:164
3895353326c44b05450008561d09503ce7604e92,RENAME,src/test/ReactDefaultPerf.js:186,src/test/ReactDefaultPerf.js:48
3895353326c44b05450008561d09503ce7604e92,RENAME,src/test/ReactDefaultPerf.js:202,src/test/ReactDefaultPerf.js:64
3895353326c44b05450008561d09503ce7604e92,MOVE,src/test/ReactDefaultPerf.js:44,src/test/ReactDefaultPerfAnalysis.js:68
94ef6c51fb9145e0bc445145d394f3ef1b13804a,RENAME,src/test/ReactDefaultPerf.js:29,src/test/ReactDefaultPerf.js:44
94ef6c51fb9145e0bc445145d394f3ef1b13804a,INLINE,src/test/ReactDefaultPerf.js:116,src/test/ReactDefaultPerf.js:153
94ef6c51fb9145e0bc445145d394f3ef1b13804a,INLINE,src/test/ReactDefaultPerf.js:116,src/test/ReactDefaultPerf.js:169
439bca78ed6482a068c29fe04f714a744c5cfbe2,INLINE,src/test/ReactDefaultPerf.js:286,src/test/ReactDefaultPerf.js:141
9ac27cb551b85293d03d334363acd7cf9c77813a,RENAME,src/addons/transitions/ReactTransitionKeySet.js:1,src/addons/transitions/ReactTransitionChildMapping.js:1
9ac27cb551b85293d03d334363acd7cf9c77813a,RENAME,src/addons/transitions/ReactTransitionKeySet.js:68,src/addons/transitions/ReactTransitionChildMapping.js:55
9ac27cb551b85293d03d334363acd7cf9c77813a,RENAME,src/addons/transitions/ReactTransitionableChild.js:1,src/addons/transitions/ReactCSSTransitionGroupChild.js:1
9ac27cb551b85293d03d334363acd7cf9c77813a,RENAME,src/addons/transitions/__tests__/ReactTransitionKeySet-test.js:1,src/addons/transitions/__tests__/ReactTransitionChildMapping-test.js:1
a528beeda91235cf8283a6dc9c325d10f778b765,MOVE,src/ReactWithAddons.js:1,src/browser/ReactWithAddons.js:1
1a39c3143cf5831e4a7f4d2f1a7dc32b33b41299,MOVE,src/dom/__tests__/getNodeForCharacterOffset-test.js:1,src/browser/dom/__tests__/getNodeForCharacterOffset-test.js:1
1a39c3143cf5831e4a7f4d2f1a7dc32b33b41299,MOVE,src/environment/ClientReactRootIndex.js:1,src/browser/ClientReactRootIndex.js:1
1a39c3143cf5831e4a7f4d2f1a7dc32b33b41299,MOVE,src/core/__tests__/ReactEventEmitter-test.js:1,src/browser/__tests__/ReactEventEmitter-test.js:1
1a39c3143cf5831e4a7f4d2f1a7dc32b33b41299,MOVE,src/event/synthetic/__tests__/SyntheticEvent-test.js:1,src/browser/syntheticEvents/__tests__/SyntheticEvent-test.js:1
1a39c3143cf5831e4a7f4d2f1a7dc32b33b41299,MOVE,src/event/synthetic/SyntheticMouseEvent.js:1,src/browser/syntheticEvents/SyntheticMouseEvent.js:1
1a39c3143cf5831e4a7f4d2f1a7dc32b33b41299,MOVE,src/core/ReactTextComponent.js:1,src/browser/ReactTextComponent.js:1
1a39c3143cf5831e4a7f4d2f1a7dc32b33b41299,MOVE,src/dom/components/__tests__/ReactDOMSelect-test.js:1,src/browser/dom/components/__tests__/ReactDOMSelect-test.js:1
1a39c3143cf5831e4a7f4d2f1a7dc32b33b41299,MOVE,src/core/ReactDefaultInjection.js:1,src/browser/ReactDefaultInjection.js:1
1a39c3143cf5831e4a7f4d2f1a7dc32b33b41299,MOVE,src/dom/components/ReactDOMSelect.js:1,src/browser/dom/components/ReactDOMSelect.js:1
1a39c3143cf5831e4a7f4d2f1a7dc32b33b41299,MOVE,src/dom/DOMChildrenOperations.js:1,src/browser/dom/DOMChildrenOperations.js:1
1a39c3143cf5831e4a7f4d2f1a7dc32b33b41299,MOVE,src/event/synthetic/SyntheticUIEvent.js:1,src/browser/syntheticEvents/SyntheticUIEvent.js:1
1a39c3143cf5831e4a7f4d2f1a7dc32b33b41299,MOVE,src/core/__tests__/ReactDOMIDOperations-test.js:1,src/browser/__tests__/ReactDOMIDOperations-test.js:1
1a39c3143cf5831e4a7f4d2f1a7dc32b33b41299,MOVE,src/dom/components/ReactDOMTextarea.js:1,src/browser/dom/components/ReactDOMTextarea.js:1
1a39c3143cf5831e4a7f4d2f1a7dc32b33b41299,MOVE,src/core/ReactDOM.js:1,src/browser/ReactDOM.js:1
1a39c3143cf5831e4a7f4d2f1a7dc32b33b41299,MOVE,src/dom/filterAttributes.js:1,src/browser/dom/filterAttributes.js:1
1a39c3143cf5831e4a7f4d2f1a7dc32b33b41299,MOVE,src/environment/ServerReactRootIndex.js:1,src/browser/server/ServerReactRootIndex.js:1
1a39c3143cf5831e4a7f4d2f1a7dc32b33b41299,MOVE,src/core/__tests__/ReactEventTopLevelCallback-test.js:1,src/browser/__tests__/ReactEventTopLevelCallback-test.js:1
1a39c3143cf5831e4a7f4d2f1a7dc32b33b41299,MOVE,src/environment/ReactMarkupChecksum.js:1,src/browser/server/ReactMarkupChecksum.js:1
1a39c3143cf5831e4a7f4d2f1a7dc32b33b41299,MOVE,src/eventPlugins/__tests__/AnalyticsEventPlugin-test.js:1,src/browser/eventPlugins/__tests__/AnalyticsEventPlugin-test.js:1
1a39c3143cf5831e4a7f4d2f1a7dc32b33b41299,MOVE,src/dom/DOMPropertyOperations.js:1,src/browser/dom/DOMPropertyOperations.js:1
1a39c3143cf5831e4a7f4d2f1a7dc32b33b41299,MOVE,src/eventPlugins/MobileSafariClickEventPlugin.js:1,src/browser/eventPlugins/MobileSafariClickEventPlugin.js:1
1a39c3143cf5831e4a7f4d2f1a7dc32b33b41299,MOVE,src/event/synthetic/__tests__/SyntheticWheelEvent-test.js:1,src/browser/syntheticEvents/__tests__/SyntheticWheelEvent-test.js:1
1a39c3143cf5831e4a7f4d2f1a7dc32b33b41299,MOVE,src/eventPlugins/EnterLeaveEventPlugin.js:1,src/browser/eventPlugins/EnterLeaveEventPlugin.js:1
1a39c3143cf5831e4a7f4d2f1a7dc32b33b41299,MOVE,src/core/React.js:1,src/browser/React.js:1
1a39c3143cf5831e4a7f4d2f1a7dc32b33b41299,MOVE,src/dom/CSSProperty.js:1,src/browser/dom/CSSProperty.js:1
1a39c3143cf5831e4a7f4d2f1a7dc32b33b41299,MOVE,src/core/ReactDOMComponent.js:1,src/browser/ReactDOMComponent.js:1
1a39c3143cf5831e4a7f4d2f1a7dc32b33b41299,MOVE,src/eventPlugins/SelectEventPlugin.js:1,src/browser/eventPlugins/SelectEventPlugin.js:1
1a39c3143cf5831e4a7f4d2f1a7dc32b33b41299,MOVE,src/dom/components/ReactDOMButton.js:1,src/browser/dom/components/ReactDOMButton.js:1
1a39c3143cf5831e4a7f4d2f1a7dc32b33b41299,MOVE,src/eventPlugins/CompositionEventPlugin.js:1,src/browser/eventPlugins/CompositionEventPlugin.js:1
1a39c3143cf5831e4a7f4d2f1a7dc32b33b41299,MOVE,src/dom/__tests__/CSSPropertyOperations-test.js:1,src/browser/dom/__tests__/CSSPropertyOperations-test.js:1
1a39c3143cf5831e4a7f4d2f1a7dc32b33b41299,MOVE,src/event/synthetic/SyntheticEvent.js:1,src/browser/syntheticEvents/SyntheticEvent.js:1
1a39c3143cf5831e4a7f4d2f1a7dc32b33b41299,MOVE,src/environment/ReactServerRendering.js:1,src/browser/server/ReactServerRendering.js:1
1a39c3143cf5831e4a7f4d2f1a7dc32b33b41299,MOVE,src/dom/components/__tests__/ReactDOMInput-test.js:1,src/browser/dom/components/__tests__/ReactDOMInput-test.js:1
1a39c3143cf5831e4a7f4d2f1a7dc32b33b41299,MOVE,src/dom/DOMProperty.js:1,src/browser/dom/DOMProperty.js:1
1a39c3143cf5831e4a7f4d2f1a7dc32b33b41299,MOVE,src/dom/components/ReactDOMInput.js:1,src/browser/dom/components/ReactDOMInput.js:1
1a39c3143cf5831e4a7f4d2f1a7dc32b33b41299,MOVE,src/dom/__tests__/DOMPropertyOperations-test.js:1,src/browser/dom/__tests__/DOMPropertyOperations-test.js:1
1a39c3143cf5831e4a7f4d2f1a7dc32b33b41299,MOVE,src/core/ReactReconcileTransaction.js:1,src/browser/ReactReconcileTransaction.js:1
1a39c3143cf5831e4a7f4d2f1a7dc32b33b41299,MOVE,src/core/__tests__/ReactMountDestruction-test.js:1,src/browser/__tests__/ReactMountDestruction-test.js:1
1a39c3143cf5831e4a7f4d2f1a7dc32b33b41299,MOVE,src/core/ReactComponentWithPureRenderMixin.js:1,src/addons/ReactComponentWithPureRenderMixin.js:1
1a39c3143cf5831e4a7f4d2f1a7dc32b33b41299,MOVE,src/core/ReactEventEmitter.js:1,src/browser/ReactEventEmitter.js:1
1a39c3143cf5831e4a7f4d2f1a7dc32b33b41299,MOVE,src/core/ReactComponentBrowserEnvironment.js:1,src/browser/ReactComponentBrowserEnvironment.js:1
1a39c3143cf5831e4a7f4d2f1a7dc32b33b41299,MOVE,src/dom/Danger.js:1,src/browser/dom/Danger.js:1
1a39c3143cf5831e4a7f4d2f1a7dc32b33b41299,MOVE,src/core/ReactEventTopLevelCallback.js:1,src/browser/ReactEventTopLevelCallback.js:1
1a39c3143cf5831e4a7f4d2f1a7dc32b33b41299,MOVE,src/dom/getTextContentAccessor.js:1,src/browser/dom/getTextContentAccessor.js:1
1a39c3143cf5831e4a7f4d2f1a7dc32b33b41299,MOVE,src/dom/components/ReactDOMForm.js:1,src/browser/dom/components/ReactDOMForm.js:1
1a39c3143cf5831e4a7f4d2f1a7dc32b33b41299,MOVE,src/eventPlugins/__tests__/ResponderEventPlugin-test.js:1,src/browser/eventPlugins/__tests__/ResponderEventPlugin-test.js:1
1a39c3143cf5831e4a7f4d2f1a7dc32b33b41299,MOVE,src/dom/components/__tests__/ReactDOMTextarea-test.js:1,src/browser/dom/components/__tests__/ReactDOMTextarea-test.js:1
1a39c3143cf5831e4a7f4d2f1a7dc32b33b41299,MOVE,src/core/ReactDOMSelection.js:1,src/browser/ReactDOMSelection.js:1
1a39c3143cf5831e4a7f4d2f1a7dc32b33b41299,MOVE,src/core/ReactInputSelection.js:1,src/browser/ReactInputSelection.js:1
1a39c3143cf5831e4a7f4d2f1a7dc32b33b41299,MOVE,src/eventPlugins/ResponderEventPlugin.js:1,src/browser/eventPlugins/ResponderEventPlugin.js:1
1a39c3143cf5831e4a7f4d2f1a7dc32b33b41299,MOVE,src/environment/__tests__/ReactServerRendering-test.js:1,src/browser/server/__tests__/ReactServerRendering-test.js:1
1a39c3143cf5831e4a7f4d2f1a7dc32b33b41299,MOVE,src/dom/ViewportMetrics.js:1,src/browser/dom/ViewportMetrics.js:1
1a39c3143cf5831e4a7f4d2f1a7dc32b33b41299,MOVE,src/eventPlugins/SimpleEventPlugin.js:1,src/browser/eventPlugins/SimpleEventPlugin.js:1
1a39c3143cf5831e4a7f4d2f1a7dc32b33b41299,MOVE,src/event/synthetic/SyntheticTouchEvent.js:1,src/browser/syntheticEvents/SyntheticTouchEvent.js:1
1a39c3143cf5831e4a7f4d2f1a7dc32b33b41299,MOVE,src/dom/DefaultDOMPropertyConfig.js:1,src/browser/dom/DefaultDOMPropertyConfig.js:1
1a39c3143cf5831e4a7f4d2f1a7dc32b33b41299,MOVE,src/dom/components/AutoFocusMixin.js:1,src/browser/dom/components/AutoFocusMixin.js:1
1a39c3143cf5831e4a7f4d2f1a7dc32b33b41299,MOVE,src/core/__tests__/ReactMount-test.js:1,src/browser/__tests__/ReactMount-test.js:1
1a39c3143cf5831e4a7f4d2f1a7dc32b33b41299,MOVE,src/dom/__tests__/Danger-test.js:1,src/browser/dom/__tests__/Danger-test.js:1
1a39c3143cf5831e4a7f4d2f1a7dc32b33b41299,MOVE,src/eventPlugins/__tests__/EnterLeaveEventPlugin-test.js:1,src/browser/eventPlugins/__tests__/EnterLeaveEventPlugin-test.js:1
1a39c3143cf5831e4a7f4d2f1a7dc32b33b41299,MOVE,src/dom/isEventSupported.js:1,src/browser/dom/isEventSupported.js:1
1a39c3143cf5831e4a7f4d2f1a7dc32b33b41299,MOVE,src/core/ReactPutListenerQueue.js:1,src/browser/ReactPutListenerQueue.js:1
1a39c3143cf5831e4a7f4d2f1a7dc32b33b41299,MOVE,src/dom/components/__tests__/ReactDOMButton-test.js:1,src/browser/dom/components/__tests__/ReactDOMButton-test.js:1
1a39c3143cf5831e4a7f4d2f1a7dc32b33b41299,MOVE,src/event/synthetic/SyntheticClipboardEvent.js:1,src/browser/syntheticEvents/SyntheticClipboardEvent.js:1
1a39c3143cf5831e4a7f4d2f1a7dc32b33b41299,MOVE,src/eventPlugins/TapEventPlugin.js:1,src/browser/eventPlugins/TapEventPlugin.js:1
1a39c3143cf5831e4a7f4d2f1a7dc32b33b41299,MOVE,src/core/ReactMount.js:1,src/browser/ReactMount.js:1
1a39c3143cf5831e4a7f4d2f1a7dc32b33b41299,MOVE,src/core/__tests__/ReactRenderDocument-test.js:1,src/browser/__tests__/ReactRenderDocument-test.js:1
1a39c3143cf5831e4a7f4d2f1a7dc32b33b41299,MOVE,src/event/synthetic/SyntheticCompositionEvent.js:1,src/browser/syntheticEvents/SyntheticCompositionEvent.js:1
1a39c3143cf5831e4a7f4d2f1a7dc32b33b41299,MOVE,src/event/synthetic/SyntheticDragEvent.js:1,src/browser/syntheticEvents/SyntheticDragEvent.js:1
1a39c3143cf5831e4a7f4d2f1a7dc32b33b41299,MOVE,src/event/synthetic/SyntheticFocusEvent.js:1,src/browser/syntheticEvents/SyntheticFocusEvent.js:1
1a39c3143cf5831e4a7f4d2f1a7dc32b33b41299,MOVE,src/eventPlugins/DefaultEventPluginOrder.js:1,src/browser/eventPlugins/DefaultEventPluginOrder.js:1
1a39c3143cf5831e4a7f4d2f1a7dc32b33b41299,MOVE,src/dom/components/LinkedValueUtils.js:1,src/browser/dom/components/LinkedValueUtils.js:1
1a39c3143cf5831e4a7f4d2f1a7dc32b33b41299,MOVE,src/dom/components/ReactDOMImg.js:1,src/browser/dom/components/ReactDOMImg.js:1
1a39c3143cf5831e4a7f4d2f1a7dc32b33b41299,MOVE,src/eventPlugins/AnalyticsEventPluginFactory.js:1,src/browser/eventPlugins/AnalyticsEventPluginFactory.js:1
1a39c3143cf5831e4a7f4d2f1a7dc32b33b41299,MOVE,src/eventPlugins/ChangeEventPlugin.js:1,src/browser/eventPlugins/ChangeEventPlugin.js:1
1a39c3143cf5831e4a7f4d2f1a7dc32b33b41299,MOVE,src/dom/getEventTarget.js:1,src/browser/dom/getEventTarget.js:1
1a39c3143cf5831e4a7f4d2f1a7dc32b33b41299,MOVE,src/core/getReactRootElementInContainer.js:1,src/browser/getReactRootElementInContainer.js:1
1a39c3143cf5831e4a7f4d2f1a7dc32b33b41299,MOVE,src/core/ReactDOMIDOperations.js:1,src/browser/ReactDOMIDOperations.js:1
1a39c3143cf5831e4a7f4d2f1a7dc32b33b41299,MOVE,src/event/synthetic/SyntheticKeyboardEvent.js:1,src/browser/syntheticEvents/SyntheticKeyboardEvent.js:1
1a39c3143cf5831e4a7f4d2f1a7dc32b33b41299,MOVE,src/dom/CSSPropertyOperations.js:1,src/browser/dom/CSSPropertyOperations.js:1
1a39c3143cf5831e4a7f4d2f1a7dc32b33b41299,MOVE,src/dom/getNodeForCharacterOffset.js:1,src/browser/dom/getNodeForCharacterOffset.js:1
1a39c3143cf5831e4a7f4d2f1a7dc32b33b41299,MOVE,src/dom/components/ReactDOMOption.js:1,src/browser/dom/components/ReactDOMOption.js:1
1a39c3143cf5831e4a7f4d2f1a7dc32b33b41299,MOVE,src/dom/dangerousStyleValue.js:1,src/browser/dom/dangerousStyleValue.js:1
1a39c3143cf5831e4a7f4d2f1a7dc32b33b41299,MOVE,src/dom/components/createFullPageComponent.js:1,src/browser/dom/components/createFullPageComponent.js:1
1a39c3143cf5831e4a7f4d2f1a7dc32b33b41299,MOVE,src/event/synthetic/SyntheticWheelEvent.js:1,src/browser/syntheticEvents/SyntheticWheelEvent.js:1
1a39c3143cf5831e4a7f4d2f1a7dc32b33b41299,MOVE,src/dom/getEventKey.js:1,src/browser/dom/getEventKey.js:1
1a39c3143cf5831e4a7f4d2f1a7dc32b33b41299,MOVE,src/environment/__tests__/ReactWebWorker-test.js:1,src/browser/__tests__/ReactWebWorker-test.js:1
1a39c3143cf5831e4a7f4d2f1a7dc32b33b41299,MOVE,src/core/putDOMComponentListener.js:1,src/browser/putDOMComponentListener.js:1
36fd1def84d72bac9d2492103f7e2abf79a01809,MOVE,grunt/config/jsx/jsx.js:1,grunt/config/jsx.js:1
526be1570e1c08c381d88e7c54703b9f8356cb1e,RENAME,src/core/ReactDOMComponent.js:133,src/core/ReactDOMComponent.js:137
7b047111a0584d5a730764ff33fa37a74fc7b5fc,RENAME,src/dom/components/LinkedValueUtils.js:30,src/dom/components/LinkedValueUtils.js:30
95a80591dd5996df23cff36de2a83c084114a4ae,RENAME,src/dom/components/LinkedValueMixin.js:1,src/dom/components/LinkedValueUtils.js:1
9ade3c26d316a67d37406a662d5c3da43c9310d0,EXTRACT_MOVE,src/core/ReactPropTypes.js:132,src/core/ReactPropTypes.js:133
95cb79a93e0856a495e7991af0b6c2ffef0a9f93,MOVE,src/event/CallbackRegistry.js:74,src/event/EventPluginHub.js:182
95cb79a93e0856a495e7991af0b6c2ffef0a9f93,MOVE,src/event/EventPropagators.js:39,src/event/EventPluginHub.js:116
95cb79a93e0856a495e7991af0b6c2ffef0a9f93,MOVE,src/event/CallbackRegistry.js:44,src/event/EventPluginHub.js:152
95cb79a93e0856a495e7991af0b6c2ffef0a9f93,EXTRACT_MOVE,src/event/EventPropagators.js:138,src/event/EventPluginHub.js:123
95cb79a93e0856a495e7991af0b6c2ffef0a9f93,MOVE,src/event/CallbackRegistry.js:63,src/event/EventPluginHub.js:171
95cb79a93e0856a495e7991af0b6c2ffef0a9f93,RENAME,src/event/__tests__/CallbackRegistry-test.js:1,src/event/__tests__/EventPluginHub-test.js:1
95cb79a93e0856a495e7991af0b6c2ffef0a9f93,MOVE,src/event/CallbackRegistry.js:86,src/event/EventPluginHub.js:194
95cb79a93e0856a495e7991af0b6c2ffef0a9f93,MOVE_RENAME,src/event/EventPropagators.js:45,src/event/EventPluginHub.js:68
8dbc530d1cee38289bea0e3e61f4ff89f7340e47,RENAME,vendor/fbtransform/visitors.js:44,vendor/fbtransform/visitors.js:44
c2be8ba42d3ceaa7a37700b7ea6b723780dab9c1,EXTRACT,src/vendor/core/$.js:35,src/vendor/core/$.js:31
182a237fa77185ebb823e0f97ae3fa13abe4421a,MOVE_RENAME,src/event/synthetic/SyntheticKeyboardEvent.js:84,src/dom/getEventKey.js:79
e65726cd04bf0b270641aab6f57c1192c9cd8a66,RENAME,src/core/ReactEventEmitter.js:127,src/core/ReactEventEmitter.js:127
91821007ed640c0cfcba6b3c9d179c5bd11c4a50,MOVE,grunt/config/webdriver-jasmine.js:44,grunt/config/webdriver-all.js:57
91821007ed640c0cfcba6b3c9d179c5bd11c4a50,MOVE,test/lib/reportTestResults.browser.js:52,test/lib/postDataToURL.browser.js:1
91821007ed640c0cfcba6b3c9d179c5bd11c4a50,MOVE,test/lib/reportTestResults.browser.js:60,test/lib/postDataToURL.browser.js:16
91821007ed640c0cfcba6b3c9d179c5bd11c4a50,MOVE,grunt/config/webdriver-jasmine.js:80,grunt/config/webdriver-all.js:98
80d7d2d0f8ec0f4f1f3c2dbe613f36bda572ce11,RENAME,src/core/ReactEventEmitter.js:123,src/core/ReactEventEmitter.js:300
cc005668b56028ab35353bc2d671e9fb59d208f8,EXTRACT,src/core/ReactPropTransferer.js:97,src/core/ReactPropTransferer.js:86
b2e51c6e0172890033bb2c9cb11c50b8cc239290,EXTRACT,docs/js/codemirror.js:949,docs/js/codemirror.js:1008
b2e51c6e0172890033bb2c9cb11c50b8cc239290,EXTRACT_MOVE,docs/js/codemirror.js:2005,docs/js/codemirror.js:5503
b2e51c6e0172890033bb2c9cb11c50b8cc239290,EXTRACT,docs/js/codemirror.js:1981,docs/js/codemirror.js:2217
b2e51c6e0172890033bb2c9cb11c50b8cc239290,EXTRACT,docs/js/codemirror.js:970,docs/js/codemirror.js:5625
b2e51c6e0172890033bb2c9cb11c50b8cc239290,EXTRACT_MOVE,docs/js/codemirror.js:1622,docs/js/codemirror.js:5503
b2e51c6e0172890033bb2c9cb11c50b8cc239290,EXTRACT,docs/js/codemirror.js:1046,docs/js/codemirror.js:1162
b2e51c6e0172890033bb2c9cb11c50b8cc239290,EXTRACT,docs/js/codemirror.js:721,docs/js/codemirror.js:5625
b2e51c6e0172890033bb2c9cb11c50b8cc239290,EXTRACT,docs/js/codemirror.js:4460,docs/js/codemirror.js:5191
b2e51c6e0172890033bb2c9cb11c50b8cc239290,EXTRACT,docs/js/codemirror.js:4448,docs/js/codemirror.js:5179
b2e51c6e0172890033bb2c9cb11c50b8cc239290,EXTRACT,docs/js/codemirror.js:389,docs/js/codemirror.js:5625
b2e51c6e0172890033bb2c9cb11c50b8cc239290,EXTRACT,docs/js/codemirror.js:1503,docs/js/codemirror.js:5625
b2e51c6e0172890033bb2c9cb11c50b8cc239290,EXTRACT_MOVE,docs/js/codemirror.js:3142,docs/js/codemirror.js:5502
b2e51c6e0172890033bb2c9cb11c50b8cc239290,RENAME,docs/js/codemirror.js:3586,docs/js/codemirror.js:4197
b2e51c6e0172890033bb2c9cb11c50b8cc239290,INLINE,docs/js/codemirror.js:4710,docs/js/codemirror.js:5435
b2e51c6e0172890033bb2c9cb11c50b8cc239290,EXTRACT,docs/js/codemirror.js:4271,docs/js/codemirror.js:4990
b2e51c6e0172890033bb2c9cb11c50b8cc239290,EXTRACT,docs/js/codemirror.js:412,docs/js/codemirror.js:546
b2e51c6e0172890033bb2c9cb11c50b8cc239290,EXTRACT_MOVE,docs/js/codemirror.js:3395,docs/js/codemirror.js:5502
b2e51c6e0172890033bb2c9cb11c50b8cc239290,EXTRACT_MOVE,docs/js/codemirror.js:1503,docs/js/codemirror.js:5502
b2e51c6e0172890033bb2c9cb11c50b8cc239290,INLINE,docs/js/codemirror.js:4722,docs/js/codemirror.js:5447
b2e51c6e0172890033bb2c9cb11c50b8cc239290,EXTRACT,docs/js/codemirror.js:5022,docs/js/codemirror.js:5819
b2e51c6e0172890033bb2c9cb11c50b8cc239290,EXTRACT,docs/js/codemirror.js:2321,docs/js/codemirror.js:5625
b2e51c6e0172890033bb2c9cb11c50b8cc239290,EXTRACT,docs/js/codemirror.js:1046,docs/js/codemirror.js:5625
b2e51c6e0172890033bb2c9cb11c50b8cc239290,EXTRACT,docs/js/codemirror.js:1046,docs/js/codemirror.js:1163
b2e51c6e0172890033bb2c9cb11c50b8cc239290,EXTRACT,docs/js/codemirror.js:2213,docs/js/codemirror.js:2529
b2e51c6e0172890033bb2c9cb11c50b8cc239290,EXTRACT_MOVE,docs/js/codemirror.js:1962,docs/js/codemirror.js:5502
b2e51c6e0172890033bb2c9cb11c50b8cc239290,EXTRACT,docs/js/codemirror.js:1488,docs/js/codemirror.js:5625
b2e51c6e0172890033bb2c9cb11c50b8cc239290,RENAME,docs/js/codemirror.js:3712,docs/js/codemirror.js:4342
b2e51c6e0172890033bb2c9cb11c50b8cc239290,EXTRACT_MOVE,docs/js/codemirror.js:1425,docs/js/codemirror.js:5503
b2e51c6e0172890033bb2c9cb11c50b8cc239290,EXTRACT_MOVE,docs/js/codemirror.js:1503,docs/js/codemirror.js:5503
b2e51c6e0172890033bb2c9cb11c50b8cc239290,EXTRACT_MOVE,docs/js/codemirror.js:3178,docs/js/codemirror.js:5503
b2e51c6e0172890033bb2c9cb11c50b8cc239290,EXTRACT,docs/js/codemirror.js:1685,docs/js/codemirror.js:1850
30f566392b106f9a9850ae70a37f2cf2e5a5559a,EXTRACT,src/utils/traverseAllChildren.js:40,src/utils/traverseAllChildren.js:56
30f566392b106f9a9850ae70a37f2cf2e5a5559a,EXTRACT,src/utils/traverseAllChildren.js:59,src/utils/traverseAllChildren.js:56
6fae670d192ee83a47d1e19b6502f67b17f6a8b3,MOVE,src/core/getComponentKey.js:29,src/utils/traverseAllChildren.js:40
b0431a51ca6dd4404c5e19c632b00abe3b3082a1,MOVE_RENAME,src/core/ReactComponent.js:166,src/core/getComponentKey.js:29
ce0f244c543424192c67607d7900e98189e4b4bb,MOVE,npm-react-core/ReactJSErrors.js:1,npm-react/ReactJSErrors.js:1
ce0f244c543424192c67607d7900e98189e4b4bb,MOVE,npm-react-core/addons.js:1,npm-react/addons.js:1
ce0f244c543424192c67607d7900e98189e4b4bb,MOVE,npm-react-core/react.js:1,npm-react/react.js:1
ce0f244c543424192c67607d7900e98189e4b4bb,RENAME,grunt/tasks/react-core.js:1,grunt/tasks/npm-react.js:1
27b8e7a6f4987945d317ba20abdcad8252115566,EXTRACT,src/dom/DOMPropertyOperations.js:75,src/dom/DOMPropertyOperations.js:27
27b8e7a6f4987945d317ba20abdcad8252115566,EXTRACT,src/dom/DOMPropertyOperations.js:105,src/dom/DOMPropertyOperations.js:27
b91396be8eac3dc57ab1dbd2d3bb27c791d88169,EXTRACT,src/core/ReactCompositeComponent.js:669,src/core/ReactCompositeComponent.js:786
381a3392c65b00d12ce1dee4ec6dc601aeb46b7e,RENAME,src/core/ReactTextComponent.js:81,src/core/ReactTextComponent.js:81
9fd28f44df088799e8bec59b2a9c7beda9aa8400,RENAME,src/vendor/core/dom/nodeContains.js:1,src/vendor/core/dom/containsNode.js:1
9fd28f44df088799e8bec59b2a9c7beda9aa8400,RENAME,src/vendor/core/dom/nodeContains.js:31,src/vendor/core/dom/containsNode.js:31
b922d8d8a6ee5a6db47401086bf109f6ac056036,MOVE,test/reportTestResults.browser.js:1,test/lib/reportTestResults.browser.js:1
b922d8d8a6ee5a6db47401086bf109f6ac056036,MOVE,test/jasmine-execute.js:1,test/lib/jasmine-execute.js:1
b922d8d8a6ee5a6db47401086bf109f6ac056036,MOVE,test/testImageURL.browser.js:1,test/lib/testImageURL.browser.js:1
24ec78fd525a14fb9a74fa4021a17d5cca980db3,RENAME,test/the files to test.generated.js:1,test/the-files-to-test.generated.js:1
0fed861424147a6f79f3d6431ed46b89779a0afe,MOVE,src/utils/mergeHelpers.js:1,src/vendor/core/mergeHelpers.js:1
0fed861424147a6f79f3d6431ed46b89779a0afe,MOVE,src/utils/mergeDeep.js:1,src/vendor/core/mergeDeep.js:1
0fed861424147a6f79f3d6431ed46b89779a0afe,MOVE,src/utils/mergeDeepInto.js:1,src/vendor/core/mergeDeepInto.js:1
0fed861424147a6f79f3d6431ed46b89779a0afe,MOVE,src/utils/mergeInto.js:1,src/vendor/core/mergeInto.js:1
0fed861424147a6f79f3d6431ed46b89779a0afe,MOVE,src/utils/merge.js:1,src/vendor/core/merge.js:1
dbc613199bd9f7da81692d5c0941339d3ffe0a8e,RENAME,src/eventPlugins/SelectEventPlugin.js:120,src/eventPlugins/SelectEventPlugin.js:128
325322898cc413454feede0201b61da1abe1e67e,RENAME,src/core/__tests__/ReactCompositeComponentTransferProps-test.js:1,src/core/__tests__/ReactPropTransferer-test.js:1
2b7a7599bb06f5cbcf01803fe1ae264b2b07d425,RENAME,src/core/ReactDOMSelection.js:93,src/core/ReactDOMSelection.js:95
2b7a7599bb06f5cbcf01803fe1ae264b2b07d425,RENAME,src/core/ReactDOMSelection.js:59,src/core/ReactDOMSelection.js:61
2b7a7599bb06f5cbcf01803fe1ae264b2b07d425,RENAME,src/core/ReactDOMSelection.js:127,src/core/ReactDOMSelection.js:129
2b7a7599bb06f5cbcf01803fe1ae264b2b07d425,RENAME,src/core/ReactDOMSelection.js:37,src/core/ReactDOMSelection.js:38
2b7a7599bb06f5cbcf01803fe1ae264b2b07d425,MOVE,src/core/ReactComponentWithPureRenderMixin.js:57,src/utils/shallowEqual.js:28
84d8e1841a72a94a2f2794aa941439a94c6c2df3,RENAME,src/core/ReactOnDOMReady.js:1,src/core/ReactMountReady.js:1
f43449d333089b4e06088c832d86e47be7de6142,RENAME,src/core/ReactNativeComponent.js:71,src/core/ReactDOMComponent.js:71
f43449d333089b4e06088c832d86e47be7de6142,RENAME,src/core/ReactNativeComponent.js:1,src/core/ReactDOMComponent.js:1
f43449d333089b4e06088c832d86e47be7de6142,RENAME,src/core/__tests__/ReactNativeComponent-test.js:1,src/core/__tests__/ReactDOMComponent-test.js:1
3dc10749080a460e48bee46d769763ec7191ac76,MOVE,src/test/all.js:12,src/test/phantomjs-shims.js:10
e010a2d90beb44b7d6751098eed512b61d3a42f2,INLINE,src/addons/transitions/ReactTransitionableChild.js:101,src/addons/transitions/ReactTransitionableChild.js:96
78d305eb167af7f5446c5d4812a160946f493234,RENAME,examples/todomvc-backbone/js/app.js:3,examples/todomvc-backbone/js/app.js:58
c8886a0424c426818566c21d5a69c4cb8f5d41e3,MOVE,src/core/__tests__/ReactComponent-test.js:141,src/core/__tests__/ReactRenderDocument-test.js:147
c8886a0424c426818566c21d5a69c4cb8f5d41e3,MOVE,src/core/__tests__/ReactComponent-test.js:70,src/core/__tests__/ReactRenderDocument-test.js:77
c8886a0424c426818566c21d5a69c4cb8f5d41e3,MOVE,src/core/__tests__/ReactComponent-test.js:73,src/core/__tests__/ReactRenderDocument-test.js:80
c8886a0424c426818566c21d5a69c4cb8f5d41e3,MOVE,src/core/__tests__/ReactComponent-test.js:178,src/core/__tests__/ReactRenderDocument-test.js:119
2b9c34b5c7fa88c0a67fd0b1c8639e6fa128a02c,MOVE,examples/todomvc/js/app.js:61,examples/todomvc-director/js/todoItem.jsx:63
2b9c34b5c7fa88c0a67fd0b1c8639e6fa128a02c,MOVE_RENAME,examples/todomvc/js/app.js:1,examples/todomvc-director/js/app.jsx:1
2b9c34b5c7fa88c0a67fd0b1c8639e6fa128a02c,RENAME,examples/todomvc/js/app.js:117,examples/todomvc-director/js/app.jsx:40
2b9c34b5c7fa88c0a67fd0b1c8639e6fa128a02c,MOVE,examples/todomvc/js/app.js:35,examples/todomvc-director/js/todoItem.jsx:16
2b9c34b5c7fa88c0a67fd0b1c8639e6fa128a02c,MOVE,examples/todomvc/js/app.js:8,examples/todomvc-director/js/utils.jsx:22
2b9c34b5c7fa88c0a67fd0b1c8639e6fa128a02c,MOVE,examples/todomvc/js/app.js:56,examples/todomvc-director/js/todoItem.jsx:57
2b9c34b5c7fa88c0a67fd0b1c8639e6fa128a02c,MOVE_RENAME,examples/todomvc/js/app.js:21,examples/todomvc-director/js/utils.jsx:35
2b9c34b5c7fa88c0a67fd0b1c8639e6fa128a02c,MOVE,examples/todomvc/js/app.js:53,examples/todomvc-director/js/todoItem.jsx:53
2b9c34b5c7fa88c0a67fd0b1c8639e6fa128a02c,MOVE,examples/todomvc/js/app.js:11,examples/todomvc-director/js/utils.jsx:26
f88aa3518775134eacc7b45ad61b3447ab436a20,RENAME,src/vendor/core/dom/isDOMNode.js:24,src/vendor/core/dom/isNode.js:24
f88aa3518775134eacc7b45ad61b3447ab436a20,RENAME,src/vendor/core/dom/isDOMNode.js:1,src/vendor/core/dom/isNode.js:1
748ed6cd818a7b18c5ea020265844d6713533452,MOVE,src/environment/ExecutionEnvironment.js:1,src/vendor/core/ExecutionEnvironment.js:1
898621d0a1d4ca36f56f728bce54f370790a9ce0,INLINE,src/dom/components/ReactDOMInput.js:64,src/dom/components/ReactDOMTextarea.js:96
898621d0a1d4ca36f56f728bce54f370790a9ce0,INLINE,src/dom/components/ReactDOMInput.js:64,src/dom/components/ReactDOMInput.js:60
898621d0a1d4ca36f56f728bce54f370790a9ce0,RENAME,src/dom/components/ReactDOMSelect.js:131,src/dom/components/ReactDOMSelect.js:131
898621d0a1d4ca36f56f728bce54f370790a9ce0,INLINE,src/dom/components/ReactDOMInput.js:60,src/dom/components/ReactDOMInput.js:60
898621d0a1d4ca36f56f728bce54f370790a9ce0,RENAME,src/dom/components/ReactDOMInput.js:99,src/dom/components/ReactDOMInput.js:93
898621d0a1d4ca36f56f728bce54f370790a9ce0,RENAME,src/dom/components/ReactDOMTextarea.js:127,src/dom/components/ReactDOMTextarea.js:124
898621d0a1d4ca36f56f728bce54f370790a9ce0,INLINE,src/dom/components/ReactDOMTextarea.js:96,src/dom/components/ReactDOMTextarea.js:96
1f8ef4c90390287fa9931633ae6f3da950323942,MOVE,src/vendor/core/hasArrayNature.js:32,src/vendor/core/createArrayFrom.js:37
61c47e4cae857fcc4b52d89eebe551ca4880e2d7,MOVE,src/core/ReactComponent.js:254,src/core/ReactComponentBrowserEnvironment.js:49
61c47e4cae857fcc4b52d89eebe551ca4880e2d7,MOVE,src/core/ReactComponent.js:549,src/core/ReactMount.js:421
e6b216bdbbcba4a5e0d4d6200303b34b65d6d046,MOVE,src/core/ReactEventEmitter.js:314,src/core/ReactEventEmitterMixin.js:65
9ef4e74ba2b3a494757b39b41b1ef99280bc5f83,RENAME,src/utils/mapAllChildren.js:77,src/utils/ReactChildren.js:115
9ef4e74ba2b3a494757b39b41b1ef99280bc5f83,RENAME,src/utils/mapAllChildren.js:1,src/utils/ReactChildren.js:1
9ef4e74ba2b3a494757b39b41b1ef99280bc5f83,RENAME,src/utils/__tests__/mapAllChildren-test.js:1,src/utils/__tests__/ReactChildren-test.js:1
adffa9b0f4128ca4832ddd03fdeca2c9fe434689,RENAME,src/core/ReactMultiChild.js:87,src/core/ReactMultiChild.js:276
adffa9b0f4128ca4832ddd03fdeca2c9fe434689,EXTRACT,src/dom/Danger.js:117,src/dom/Danger.js:94
adffa9b0f4128ca4832ddd03fdeca2c9fe434689,RENAME,src/core/ReactMultiChild.js:31,src/core/ReactMultiChild.js:34
adffa9b0f4128ca4832ddd03fdeca2c9fe434689,RENAME,src/core/ReactMultiChild.js:110,src/core/ReactMultiChild.js:174
2ee66262db9fb91b0d0e9d64cefeb223074f8e05,MOVE,src/core/ReactID.js:88,src/core/ReactMount.js:114
2ee66262db9fb91b0d0e9d64cefeb223074f8e05,MOVE,src/core/ReactInstanceHandles.js:286,src/core/ReactMount.js:508
2ee66262db9fb91b0d0e9d64cefeb223074f8e05,MOVE,src/core/ReactID.js:37,src/core/ReactMount.js:63
2ee66262db9fb91b0d0e9d64cefeb223074f8e05,MOVE,src/core/ReactID.js:122,src/core/ReactMount.js:148
2ee66262db9fb91b0d0e9d64cefeb223074f8e05,MOVE,src/core/ReactID.js:72,src/core/ReactMount.js:98
2ee66262db9fb91b0d0e9d64cefeb223074f8e05,MOVE,src/core/ReactInstanceHandles.js:249,src/core/ReactMount.js:471
2ee66262db9fb91b0d0e9d64cefeb223074f8e05,MOVE,src/core/ReactInstanceHandles.js:266,src/core/ReactMount.js:488
2ee66262db9fb91b0d0e9d64cefeb223074f8e05,MOVE,src/core/ReactID.js:154,src/core/ReactMount.js:180
2ee66262db9fb91b0d0e9d64cefeb223074f8e05,MOVE,src/core/ReactID.js:59,src/core/ReactMount.js:85
2ee66262db9fb91b0d0e9d64cefeb223074f8e05,MOVE,src/core/ReactID.js:105,src/core/ReactMount.js:131
260d90ba029483c4d2bca77ad89abf8d16e7d545,RENAME,src/environment/__tests__/ReactServerRendering-test.js:151,src/environment/__tests__/ReactServerRendering-test.js:159
260d90ba029483c4d2bca77ad89abf8d16e7d545,MOVE,src/core/ReactMount.js:44,src/core/getReactRootElementInContainer.js:25
7f8b2885d9f9feb396896f7d9d6086ac7731cf36,RENAME,examples/jquery-bootstrap/js/app.js:76,examples/jquery-bootstrap/js/app.js:81
0441d4c7f582cde690b27da3f3316863c9e7b447,RENAME,src/test/all.js:47,src/test/all.js:47
946029c9217362cd6cd638c967e9b31659983c22,MOVE,src/utils/__tests__/mapChildren-test.js:88,src/utils/__tests__/mapAllChildren-test.js:73
f4321f862485032f1f41cf2011475e57d53834f7,MOVE_RENAME,src/utils/flattenChildren.js:43,src/utils/traverseAllChildren.js:59
d76262731237365198ddd84216d108da96820055,RENAME,src/core/ReactProps.js:1,src/core/ReactPropTypes.js:1
d76262731237365198ddd84216d108da96820055,RENAME,src/core/__tests__/ReactProps-test.js:1,src/core/__tests__/ReactPropTypes-test.js:1
32423a83fc9c9c8dc1eac8f769a581e09a2ba74f,MOVE,src/dom/DOMProperty.js:249,src/dom/DefaultDOMPropertyConfig.js:133
55176116a225c7664d082580faa6dde12a3bb00e,MOVE,src/core/__tests__/ReactDOMTextarea-test.js:1,src/dom/components/__tests__/ReactDOMTextarea-test.js:1
65568814179d2a28cc83d68a5e467c24b86da2f6,RENAME,src/core/ReactMount.js:278,src/core/ReactMount.js:277
9c35189ad196b1849d6260a60e3c0e10c5c6a1e4,RENAME,vendor/fbtransform/transforms/xjs.js:258,vendor/fbtransform/transforms/xjs.js:259
9ceaff73183837387835f9e96c80e58fc4aea34c,RENAME,src/eventPlugins/ChangeEventPlugin.js:248,src/eventPlugins/ChangeEventPlugin.js:246
9ceaff73183837387835f9e96c80e58fc4aea34c,RENAME,src/eventPlugins/ChangeEventPlugin.js:72,src/eventPlugins/ChangeEventPlugin.js:68
9ceaff73183837387835f9e96c80e58fc4aea34c,RENAME,src/eventPlugins/ChangeEventPlugin.js:237,src/eventPlugins/ChangeEventPlugin.js:234
d93761af6253aa994660eb04be9313cddc920844,EXTRACT,src/core/ReactID.js:36,src/core/ReactID.js:59
fb6381fb35c8af868b5134c3d7a91699a7d01090,RENAME,src/eventPlugins/TextChangeEventPlugin.js:1,src/eventPlugins/ChangeEventPlugin.js:1
fb6381fb35c8af868b5134c3d7a91699a7d01090,RENAME,src/eventPlugins/TextChangeEventPlugin.js:169,src/eventPlugins/ChangeEventPlugin.js:245
fb6381fb35c8af868b5134c3d7a91699a7d01090,RENAME,src/eventPlugins/TextChangeEventPlugin.js:104,src/eventPlugins/ChangeEventPlugin.js:188
fb6381fb35c8af868b5134c3d7a91699a7d01090,RENAME,src/eventPlugins/TextChangeEventPlugin.js:87,src/eventPlugins/ChangeEventPlugin.js:171
6bbcbc08cf5e2af9e9c0d0cde75148880df69fd8,MOVE_RENAME,src/core/BrowserEnv.js:1,src/dom/ViewportMetrics.js:1
6bbcbc08cf5e2af9e9c0d0cde75148880df69fd8,RENAME,src/core/BrowserEnv.js:28,src/dom/ViewportMetrics.js:27
4f2d8dfe720aa5061ada4b027848b180a662b068,MOVE,src/core/ReactDOMForm.js:1,src/dom/components/ReactDOMForm.js:1
c9ecbaccb365ba39bd8839f61ae245cdc295317b,EXTRACT,src/core/ReactCompositeComponent.js:290,src/core/ReactCompositeComponent.js:297
191c0dec32ee22ec833c2afc0107058f66982a0f,EXTRACT_MOVE,src/dom/getDOMNodeID.js:31,src/core/ReactID.js:36
191c0dec32ee22ec833c2afc0107058f66982a0f,MOVE,src/core/ReactDOMNodeCache.js:82,src/core/ReactID.js:119
0f87e8ee87c37ce677d7c87c297e51b7f4694d88,RENAME,vendor/woodchipper.js:1,vendor/constants.js:1
0f87e8ee87c37ce677d7c87c297e51b7f4694d88,RENAME,vendor/woodchipper.js:20,vendor/constants.js:20
88e90d5601aa29e606ed2c2e248f34df46ecad6f,RENAME,src/core/__tests__/ReactEvent-test.js:1,src/core/__tests__/ReactEventEmitter-test.js:1
88e90d5601aa29e606ed2c2e248f34df46ecad6f,MOVE_RENAME,src/event/EventPluginUtils.js:50,src/eventPlugins/TapEventPlugin.js:55
8592eacbf9c94e48c0133c2124414f5910ba42b9,RENAME,src/core/ReactDOMNodeCache.js:44,src/core/ReactDOMNodeCache.js:44
ceb530358120cd6f4f1d48a450e0855a66bf6301,RENAME,src/eventPlugins/TextChangeEventPlugin.js:225,src/eventPlugins/TextChangeEventPlugin.js:225
e1535fbd71d8c89c82cd9d9073c1ee97ee6a3b00,RENAME,src/eventPlugins/TapEventPlugin.js:57,src/eventPlugins/TapEventPlugin.js:57
e1535fbd71d8c89c82cd9d9073c1ee97ee6a3b00,MOVE_RENAME,src/event/EventPluginHub.js:196,src/event/EventPluginRegistry.js:184
e1535fbd71d8c89c82cd9d9073c1ee97ee6a3b00,RENAME,src/eventPlugins/SimpleEventPlugin.js:227,src/eventPlugins/SimpleEventPlugin.js:227
e1535fbd71d8c89c82cd9d9073c1ee97ee6a3b00,RENAME,src/event/EventPluginHub.js:233,src/event/EventPluginHub.js:138
e1535fbd71d8c89c82cd9d9073c1ee97ee6a3b00,RENAME,src/eventPlugins/EnterLeaveEventPlugin.js:55,src/eventPlugins/EnterLeaveEventPlugin.js:55
e1535fbd71d8c89c82cd9d9073c1ee97ee6a3b00,RENAME,src/eventPlugins/AnalyticsEventPluginFactory.js:146,src/eventPlugins/AnalyticsEventPluginFactory.js:146
e1535fbd71d8c89c82cd9d9073c1ee97ee6a3b00,RENAME,src/eventPlugins/ResponderEventPlugin.js:262,src/eventPlugins/ResponderEventPlugin.js:262
aea8e16b4a32d179e70089edde6f1892968cf2b8,EXTRACT,src/core/ReactComponent.js:355,src/core/ReactComponent.js:198
aea8e16b4a32d179e70089edde6f1892968cf2b8,RENAME,src/core/__tests__/ReactNativeComponent-test.js:247,src/core/__tests__/ReactNativeComponent-test.js:248
aea8e16b4a32d179e70089edde6f1892968cf2b8,EXTRACT,src/core/ReactComponent.js:379,src/core/ReactComponent.js:198
aea8e16b4a32d179e70089edde6f1892968cf2b8,EXTRACT,src/core/ReactComponent.js:198,src/core/ReactComponent.js:198
aea8e16b4a32d179e70089edde6f1892968cf2b8,EXTRACT,src/core/ReactComponent.js:330,src/core/ReactComponent.js:198
aea8e16b4a32d179e70089edde6f1892968cf2b8,EXTRACT_MOVE,src/core/ReactCompositeComponent.js:712,src/core/ReactComponent.js:198
aea8e16b4a32d179e70089edde6f1892968cf2b8,EXTRACT_MOVE,src/core/ReactCompositeComponent.js:548,src/core/ReactComponent.js:198
6b572b3f253d26fc1d9edf33e3e7327e9fde4f29,EXTRACT,src/eventPlugins/TextChangeEventPlugin.js:109,src/eventPlugins/TextChangeEventPlugin.js:171
6b572b3f253d26fc1d9edf33e3e7327e9fde4f29,EXTRACT,src/eventPlugins/TextChangeEventPlugin.js:109,src/eventPlugins/TextChangeEventPlugin.js:154
b3e0dc47a87220fd3e7a69d14b5a3556e2a834f3,MOVE_RENAME,src/event/delegate/DelegateEvent.js:1,src/event/synthetic/SyntheticEvent.js:1
b3e0dc47a87220fd3e7a69d14b5a3556e2a834f3,MOVE_RENAME,src/event/delegate/DelegateMouseEvent.js:1,src/event/synthetic/SyntheticMouseEvent.js:1
b3e0dc47a87220fd3e7a69d14b5a3556e2a834f3,MOVE_RENAME,src/event/delegate/__tests__/DelegateWheelEvent-test.js:1,src/event/synthetic/__tests__/SyntheticWheelEvent-test.js:1
b3e0dc47a87220fd3e7a69d14b5a3556e2a834f3,MOVE_RENAME,src/event/delegate/DelegateKeyboardEvent.js:1,src/event/synthetic/SyntheticKeyboardEvent.js:1
b3e0dc47a87220fd3e7a69d14b5a3556e2a834f3,RENAME,src/event/delegate/DelegateEvent.js:47,src/event/synthetic/SyntheticEvent.js:48
b3e0dc47a87220fd3e7a69d14b5a3556e2a834f3,MOVE_RENAME,src/event/delegate/DelegateTouchEvent.js:1,src/event/synthetic/SyntheticTouchEvent.js:1
b3e0dc47a87220fd3e7a69d14b5a3556e2a834f3,MOVE_RENAME,src/event/delegate/__tests__/DelegateEvent-test.js:1,src/event/synthetic/__tests__/SyntheticEvent-test.js:1
b3e0dc47a87220fd3e7a69d14b5a3556e2a834f3,MOVE_RENAME,src/event/delegate/DelegateWheelEvent.js:1,src/event/synthetic/SyntheticWheelEvent.js:1
93f979ae18c9decabd378c33a45cda21c92765ec,RENAME,src/core/ReactInstanceHandles.js:61,src/core/ReactInstanceHandles.js:61
ca3f87164634b40678f67d24076ee8f39dddeaa2,RENAME,src/core/ReactInstanceHandles.js:85,src/core/ReactInstanceHandles.js:85
ca3f87164634b40678f67d24076ee8f39dddeaa2,RENAME,src/core/ReactInstanceHandles.js:313,src/core/ReactInstanceHandles.js:98
37cde3d864406f2af65dc03eae45a216ea969600,EXTRACT,src/core/ReactMount.js:106,src/core/ReactMount.js:137
37cde3d864406f2af65dc03eae45a216ea969600,EXTRACT,src/core/ReactMount.js:106,src/core/ReactMount.js:108
37cde3d864406f2af65dc03eae45a216ea969600,EXTRACT,src/core/ReactMount.js:39,src/core/ReactMount.js:37
9d1055b3d22cbed777c44ee7996c12268ab5041b,RENAME,src/core/ReactEvent.js:1,src/core/ReactEventEmitter.js:1
1457850b7234deb3ee29dea9e42b5d0f2bca950b,MOVE,src/domUtils/__tests__/DOMPropertyOperations-test.js:1,src/dom/__tests__/DOMPropertyOperations-test.js:1
1457850b7234deb3ee29dea9e42b5d0f2bca950b,MOVE,src/domUtils/DOMProperty.js:1,src/dom/DOMProperty.js:1
1457850b7234deb3ee29dea9e42b5d0f2bca950b,MOVE,src/domUtils/getDOMNodeID.js:1,src/dom/getDOMNodeID.js:1
1457850b7234deb3ee29dea9e42b5d0f2bca950b,MOVE,src/domUtils/__tests__/CSSPropertyOperations-test.js:1,src/dom/__tests__/CSSPropertyOperations-test.js:1
1457850b7234deb3ee29dea9e42b5d0f2bca950b,MOVE,src/domUtils/CSSPropertyOperations.js:1,src/dom/CSSPropertyOperations.js:1
1457850b7234deb3ee29dea9e42b5d0f2bca950b,MOVE,src/domUtils/getTextContentAccessor.js:1,src/dom/getTextContentAccessor.js:1
1457850b7234deb3ee29dea9e42b5d0f2bca950b,MOVE,src/domUtils/DOMChildrenOperations.js:1,src/dom/DOMChildrenOperations.js:1
1457850b7234deb3ee29dea9e42b5d0f2bca950b,MOVE,src/domUtils/CSSProperty.js:1,src/dom/CSSProperty.js:1
1457850b7234deb3ee29dea9e42b5d0f2bca950b,MOVE,src/domUtils/DOMPropertyOperations.js:1,src/dom/DOMPropertyOperations.js:1
1457850b7234deb3ee29dea9e42b5d0f2bca950b,MOVE,src/domUtils/Danger.js:1,src/dom/Danger.js:1
1457850b7234deb3ee29dea9e42b5d0f2bca950b,MOVE,src/domUtils/dangerousStyleValue.js:1,src/dom/dangerousStyleValue.js:1
1457850b7234deb3ee29dea9e42b5d0f2bca950b,MOVE,src/domUtils/insertNodeAt.js:1,src/dom/insertNodeAt.js:1
1457850b7234deb3ee29dea9e42b5d0f2bca950b,MOVE,src/domUtils/isEventSupported.js:1,src/dom/isEventSupported.js:1
03f92bb15573e380cdf7261e3f952b8792e4cd17,MOVE,vendor/jasmine/phantom.js:29,src/test/all.js:12
f8af93237adaa7c02df9edcbfccd07e6fdaaa0ed,MOVE,src/test/SpecView.js:1,vendor/jasmine/SpecView.js:1
f8af93237adaa7c02df9edcbfccd07e6fdaaa0ed,MOVE,src/test/diff.js:1,vendor/jasmine/diff.js:1
f8af93237adaa7c02df9edcbfccd07e6fdaaa0ed,MOVE,src/test/PrintReporter.js:1,vendor/jasmine/PrintReporter.js:1
f8af93237adaa7c02df9edcbfccd07e6fdaaa0ed,MOVE,src/test/jasmine-support.js:1,vendor/jasmine/jasmine-support.js:1
f8af93237adaa7c02df9edcbfccd07e6fdaaa0ed,MOVE,src/test/console.js:1,vendor/jasmine/console.js:1
f8af93237adaa7c02df9edcbfccd07e6fdaaa0ed,MOVE,src/test/ReporterView.js:1,vendor/jasmine/ReporterView.js:1
f8af93237adaa7c02df9edcbfccd07e6fdaaa0ed,MOVE,src/test/SuiteView.js:1,vendor/jasmine/SuiteView.js:1
f8af93237adaa7c02df9edcbfccd07e6fdaaa0ed,MOVE,src/test/phantom.js:1,vendor/jasmine/phantom.js:1
f8af93237adaa7c02df9edcbfccd07e6fdaaa0ed,MOVE,src/test/HtmlReporter.js:1,vendor/jasmine/HtmlReporter.js:1
036e11c9ee6f70040208d1b139a48ebe9188906b,EXTRACT,examples/todomvc-backbone/thirdparty/backbone-min.js:19,examples/todomvc-backbone/thirdparty/backbone-min.js:1
036e11c9ee6f70040208d1b139a48ebe9188906b,RENAME,examples/todomvc-backbone/js/app.js:150,examples/todomvc-backbone/js/app.js:133
036e11c9ee6f70040208d1b139a48ebe9188906b,RENAME,examples/todomvc-backbone/thirdparty/backbone-min.js:27,examples/todomvc-backbone/thirdparty/backbone-min.js:1
036e11c9ee6f70040208d1b139a48ebe9188906b,RENAME,examples/todomvc-backbone/thirdparty/backbone-min.js:17,examples/todomvc-backbone/thirdparty/backbone-min.js:1
036e11c9ee6f70040208d1b139a48ebe9188906b,RENAME,examples/todomvc-backbone/thirdparty/backbone-min.js:42,examples/todomvc-backbone/thirdparty/backbone-min.js:1
036e11c9ee6f70040208d1b139a48ebe9188906b,RENAME,examples/todomvc-backbone/thirdparty/backbone-min.js:8,examples/todomvc-backbone/thirdparty/backbone-min.js:1